  0
SECTION
  2
HEADER
  9
$ACADVER
  1
AC1032
  9
$ACADMAINTVER
 90
      174
  9
$DWGCODEPAGE
  3
ANSI_1252
  9
$LASTSAVEDBY
  1
tumur
  9
$REQUIREDVERSIONS
160
                 0
  9
$INSBASE
 10
0.0
 20
0.0
 30
0.0
  9
$EXTMIN
 10
-0.0804654634002873
 20
-0.0256633251274252
 30
-0.0015258207003583
  9
$EXTMAX
 10
1169.171921561953
 20
831.0162067804672
 30
0.0000000349246037
  9
$LIMMIN
 10
0.0
 20
0.0
  9
$LIMMAX
 10
1189.0
 20
841.0
  9
$ORTHOMODE
 70
     1
  9
$REGENMODE
 70
     1
  9
$FILLMODE
 70
     1
  9
$QTEXTMODE
 70
     0
  9
$MIRRTEXT
 70
     1
  9
$LTSCALE
 40
1.0
  9
$ATTMODE
 70
     1
  9
$TEXTSIZE
 40
10.0
  9
$TRACEWID
 40
1.0
  9
$TEXTSTYLE
  7
Standard
  9
$CLAYER
  8
0
  9
$CELTYPE
  6
ByLayer
  9
$CECOLOR
 62
   256
  9
$CELTSCALE
 40
1.0
  9
$DISPSILH
 70
     0
  9
$DIMSCALE
 40
1.0
  9
$DIMASZ
 40
3.556
  9
$DIMEXO
 40
1.0
  9
$DIMDLI
 40
3.75
  9
$DIMRND
 40
0.0
  9
$DIMDLE
 40
0.0
  9
$DIMEXE
 40
1.0
  9
$DIMTP
 40
0.0
  9
$DIMTM
 40
0.0
  9
$DIMTXT
 40
3.5
  9
$DIMCEN
 40
2.5
  9
$DIMTSZ
 40
0.0
  9
$DIMTOL
 70
     0
  9
$DIMLIM
 70
     0
  9
$DIMTIH
 70
     1
  9
$DIMTOH
 70
     1
  9
$DIMSE1
 70
     0
  9
$DIMSE2
 70
     0
  9
$DIMTAD
 70
     1
  9
$DIMZIN
 70
     1
  9
$DIMBLK
  1

  9
$DIMASO
 70
     1
  9
$DIMSHO
 70
     1
  9
$DIMPOST
  1

  9
$DIMAPOST
  1

  9
$DIMALT
 70
     0
  9
$DIMALTD
 70
     3
  9
$DIMALTF
 40
0.0393700787401575
  9
$DIMLFAC
 40
20.0
  9
$DIMTOFL
 70
     1
  9
$DIMTVP
 40
0.0
  9
$DIMTIX
 70
     0
  9
$DIMSOXD
 70
     0
  9
$DIMSAH
 70
     0
  9
$DIMBLK1
  1

  9
$DIMBLK2
  1

  9
$DIMSTYLE
  2
ISO-25
  9
$DIMCLRD
 70
     0
  9
$DIMCLRE
 70
     0
  9
$DIMCLRT
 70
     0
  9
$DIMTFAC
 40
1.0
  9
$DIMGAP
 40
1.524
  9
$DIMJUST
 70
     0
  9
$DIMSD1
 70
     0
  9
$DIMSD2
 70
     0
  9
$DIMTOLJ
 70
     0
  9
$DIMTZIN
 70
     1
  9
$DIMALTZ
 70
     0
  9
$DIMALTTZ
 70
     0
  9
$DIMUPT
 70
     0
  9
$DIMDEC
 70
     2
  9
$DIMTDEC
 70
     2
  9
$DIMALTU
 70
     2
  9
$DIMALTTD
 70
     3
  9
$DIMTXSTY
  7
Standard
  9
$DIMAUNIT
 70
     0
  9
$DIMADEC
 70
     2
  9
$DIMALTRND
 40
0.0
  9
$DIMAZIN
 70
     0
  9
$DIMDSEP
 70
    44
  9
$DIMATFIT
 70
     3
  9
$DIMFRAC
 70
     0
  9
$DIMLDRBLK
  1

  9
$DIMLUNIT
 70
     2
  9
$DIMLWD
 70
    -2
  9
$DIMLWE
 70
    -2
  9
$DIMTMOVE
 70
     0
  9
$DIMFXL
 40
1.0
  9
$DIMFXLON
 70
     0
  9
$DIMJOGANG
 40
0.7853981633974483
  9
$DIMTFILL
 70
     0
  9
$DIMTFILLCLR
 70
     0
  9
$DIMARCSYM
 70
     0
  9
$DIMLTYPE
  6

  9
$DIMLTEX1
  6

  9
$DIMLTEX2
  6

  9
$DIMTXTDIRECTION
 70
     0
  9
$LUNITS
 70
     2
  9
$LUPREC
 70
     2
  9
$SKETCHINC
 40
1.0
  9
$FILLETRAD
 40
20.0
  9
$AUNITS
 70
     0
  9
$AUPREC
 70
     2
  9
$MENU
  1
.
  9
$ELEVATION
 40
0.0
  9
$PELEVATION
 40
0.0
  9
$THICKNESS
 40
0.0
  9
$LIMCHECK
 70
     0
  9
$CHAMFERA
 40
0.0
  9
$CHAMFERB
 40
0.0
  9
$CHAMFERC
 40
0.0
  9
$CHAMFERD
 40
0.0
  9
$SKPOLY
 70
     0
  9
$TDCREATE
 40
2461139.650590278
  9
$TDUCREATE
 40
2461139.421428334
  9
$TDUPDATE
 40
2461176.485694444
  9
$TDUUPDATE
 40
2461176.256527778
  9
$TDINDWG
 40
1.4506783912
  9
$TDUSRTIMER
 40
1.4506783912
  9
$USRTIMER
 70
     1
  9
$ANGBASE
 50
0.0
  9
$ANGDIR
 70
     0
  9
$PDMODE
 70
     0
  9
$PDSIZE
 40
-1.0
  9
$PLINEWID
 40
0.0
  9
$SPLFRAME
 70
     0
  9
$SPLINETYPE
 70
     6
  9
$SPLINESEGS
 70
     8
  9
$HANDSEED
  5
640C
  9
$SURFTAB1
 70
     6
  9
$SURFTAB2
 70
     6
  9
$SURFTYPE
 70
     6
  9
$SURFU
 70
     6
  9
$SURFV
 70
     6
  9
$UCSBASE
  2

  9
$UCSNAME
  2

  9
$UCSORG
 10
0.0
 20
0.0
 30
0.0
  9
$UCSXDIR
 10
1.0
 20
0.0
 30
0.0
  9
$UCSYDIR
 10
0.0
 20
1.0
 30
0.0
  9
$UCSORTHOREF
  2

  9
$UCSORTHOVIEW
 70
     0
  9
$UCSORGTOP
 10
0.0
 20
0.0
 30
0.0
  9
$UCSORGBOTTOM
 10
0.0
 20
0.0
 30
0.0
  9
$UCSORGLEFT
 10
0.0
 20
0.0
 30
0.0
  9
$UCSORGRIGHT
 10
0.0
 20
0.0
 30
0.0
  9
$UCSORGFRONT
 10
0.0
 20
0.0
 30
0.0
  9
$UCSORGBACK
 10
0.0
 20
0.0
 30
0.0
  9
$PUCSBASE
  2

  9
$PUCSNAME
  2

  9
$PUCSORG
 10
0.0
 20
0.0
 30
0.0
  9
$PUCSXDIR
 10
1.0
 20
0.0
 30
0.0
  9
$PUCSYDIR
 10
0.0
 20
1.0
 30
0.0
  9
$PUCSORTHOREF
  2

  9
$PUCSORTHOVIEW
 70
     0
  9
$PUCSORGTOP
 10
0.0
 20
0.0
 30
0.0
  9
$PUCSORGBOTTOM
 10
0.0
 20
0.0
 30
0.0
  9
$PUCSORGLEFT
 10
0.0
 20
0.0
 30
0.0
  9
$PUCSORGRIGHT
 10
0.0
 20
0.0
 30
0.0
  9
$PUCSORGFRONT
 10
0.0
 20
0.0
 30
0.0
  9
$PUCSORGBACK
 10
0.0
 20
0.0
 30
0.0
  9
$USERI1
 70
     0
  9
$USERI2
 70
     0
  9
$USERI3
 70
     0
  9
$USERI4
 70
     0
  9
$USERI5
 70
     0
  9
$USERR1
 40
0.0
  9
$USERR2
 40
0.0
  9
$USERR3
 40
0.0
  9
$USERR4
 40
0.0
  9
$USERR5
 40
0.0
  9
$WORLDVIEW
 70
     1
  9
$SHADEDGE
 70
     3
  9
$SHADEDIF
 70
    70
  9
$TILEMODE
 70
     1
  9
$MAXACTVP
 70
    64
  9
$PINSBASE
 10
0.0
 20
0.0
 30
0.0
  9
$PLIMCHECK
 70
     0
  9
$PEXTMIN
 10
1.000000000000000E+20
 20
1.000000000000000E+20
 30
1.000000000000000E+20
  9
$PEXTMAX
 10
-1.000000000000000E+20
 20
-1.000000000000000E+20
 30
-1.000000000000000E+20
  9
$PLIMMIN
 10
0.0
 20
0.0
  9
$PLIMMAX
 10
420.0
 20
297.0
  9
$UNITMODE
 70
     0
  9
$VISRETAIN
 70
     1
  9
$PLINEGEN
 70
     0
  9
$PSLTSCALE
 70
     1
  9
$TREEDEPTH
 70
  3020
  9
$CMLSTYLE
  2
Standard
  9
$CMLJUST
 70
     0
  9
$CMLSCALE
 40
20.0
  9
$PROXYGRAPHICS
 70
     1
  9
$MEASUREMENT
 70
     1
  9
$CELWEIGHT
370
    -1
  9
$ENDCAPS
280
     0
  9
$JOINSTYLE
280
     0
  9
$LWDISPLAY
290
     1
  9
$INSUNITS
 70
     4
  9
$HYPERLINKBASE
  1

  9
$STYLESHEET
  1

  9
$XEDIT
290
     1
  9
$CEPSNTYPE
380
     0
  9
$PSTYLEMODE
290
     1
  9
$FINGERPRINTGUID
  2
{7258BFBB-302B-446F-9AA1-064398AB7949}
  9
$VERSIONGUID
  2
{966CB86A-D4EA-C24E-B99E-D2AD86EF4200}
  9
$EXTNAMES
290
     1
  9
$PSVPSCALE
 40
0.0
  9
$OLESTARTUP
290
     0
  9
$SORTENTS
280
   127
  9
$INDEXCTL
280
     0
  9
$HIDETEXT
280
     1
  9
$XCLIPFRAME
280
     2
  9
$HALOGAP
280
     0
  9
$OBSCOLOR
 70
   257
  9
$OBSLTYPE
280
     0
  9
$INTERSECTIONDISPLAY
280
     0
  9
$INTERSECTIONCOLOR
 70
   257
  9
$DIMASSOC
280
     2
  9
$PROJECTNAME
  1

  9
$CAMERADISPLAY
290
     0
  9
$LENSLENGTH
 40
50.0
  9
$CAMERAHEIGHT
 40
0.0
  9
$STEPSPERSEC
 40
2.0
  9
$STEPSIZE
 40
6.0
  9
$3DDWFPREC
 40
2.0
  9
$PSOLWIDTH
 40
0.25
  9
$PSOLHEIGHT
 40
4.0
  9
$LOFTANG1
 40
1.570796326794896
  9
$LOFTANG2
 40
1.570796326794896
  9
$LOFTMAG1
 40
0.0
  9
$LOFTMAG2
 40
0.0
  9
$LOFTPARAM
 70
     7
  9
$LOFTNORMALS
280
     1
  9
$LATITUDE
 40
37.795
  9
$LONGITUDE
 40
-122.394
  9
$NORTHDIRECTION
 40
0.0
  9
$TIMEZONE
 70
 -8000
  9
$LIGHTGLYPHDISPLAY
280
     1
  9
$TILEMODELIGHTSYNCH
280
     1
  9
$CMATERIAL
347
B90
  9
$SOLIDHIST
280
     0
  9
$SHOWHIST
280
     1
  9
$DWFFRAME
280
     2
  9
$DGNFRAME
280
     2
  9
$REALWORLDSCALE
290
     1
  9
$INTERFERECOLOR
 62
   256
  9
$INTERFEREOBJVS
345
B7F
  9
$INTERFEREVPVS
346
B7C
  9
$CSHADOW
280
     0
  9
$SHADOWPLANELOCATION
 40
0.0
  0
ENDSEC
  0
SECTION
  2
CLASSES
  0
CLASS
  1
ACDBDICTIONARYWDFLT
  2
AcDbDictionaryWithDefault
  3
ObjectDBX Classes
 90
        0
 91
        1
280
     0
281
     0
  0
CLASS
  1
VISUALSTYLE
  2
AcDbVisualStyle
  3
ObjectDBX Classes
 90
     4095
 91
       24
280
     0
281
     0
  0
CLASS
  1
MATERIAL
  2
AcDbMaterial
  3
ObjectDBX Classes
 90
     1153
 91
        3
280
     0
281
     0
  0
CLASS
  1
SCALE
  2
AcDbScale
  3
ObjectDBX Classes
 90
     1153
 91
       17
280
     0
281
     0
  0
CLASS
  1
TABLESTYLE
  2
AcDbTableStyle
  3
ObjectDBX Classes
 90
     4095
 91
        1
280
     0
281
     0
  0
CLASS
  1
MLEADERSTYLE
  2
AcDbMLeaderStyle
  3
ACDB_MLEADERSTYLE_CLASS
 90
     4095
 91
        1
280
     0
281
     0
  0
CLASS
  1
SUN
  2
AcDbSun
  3
SCENEOE
 90
     1153
 91
        1
280
     0
281
     0
  0
CLASS
  1
ACDBPLACEHOLDER
  2
AcDbPlaceHolder
  3
ObjectDBX Classes
 90
        0
 91
        1
280
     0
281
     0
  0
CLASS
  1
LAYOUT
  2
AcDbLayout
  3
ObjectDBX Classes
 90
        0
 91
        3
280
     0
281
     0
  0
CLASS
  1
MAPRESOURCEMANAGEROBJECT
  2
AcMapResourceManager
  3
AcMapSharedComponents
 90
     1024
 91
        2
280
     0
281
     0
  0
CLASS
  1
SORTENTSTABLE
  2
AcDbSortentsTable
  3
ObjectDBX Classes
 90
        0
 91
        1
280
     0
281
     0
  0
CLASS
  1
DICTIONARYVAR
  2
AcDbDictionaryVar
  3
ObjectDBX Classes
 90
        0
 91
        6
280
     0
281
     0
  0
CLASS
  1
CELLSTYLEMAP
  2
AcDbCellStyleMap
  3
ObjectDBX Classes
 90
     1152
 91
        2
280
     0
281
     0
  0
CLASS
  1
DIMASSOC
  2
AcDbDimAssoc
  3
"AcDbDimAssoc|Product Desc:     AcDim ARX App For Dimension|Company:          Autodesk, Inc.|WEB Address:      www.autodesk.com"
 90
        0
 91
       47
280
     0
281
     0
  0
CLASS
  1
ACDBSECTIONVIEWSTYLE
  2
AcDbSectionViewStyle
  3
ObjectDBX Classes
 90
     1025
 91
        1
280
     0
281
     0
  0
CLASS
  1
ACDBDETAILVIEWSTYLE
  2
AcDbDetailViewStyle
  3
ObjectDBX Classes
 90
     1025
 91
        1
280
     0
281
     0
  0
ENDSEC
  0
SECTION
  2
TABLES
  0
TABLE
  2
VPORT
  5
8
330
0
100
AcDbSymbolTable
 70
     1
  0
VPORT
  5
29
330
8
100
AcDbSymbolTableRecord
100
AcDbViewportTableRecord
  2
*Active
 70
     0
 10
0.0
 20
0.0
 11
1.0
 21
1.0
 12
567.9674132075452
 22
380.3754122001419
 13
0.0
 23
0.0
 14
10.0
 24
10.0
 15
10.0
 25
10.0
 16
0.0
 26
0.0
 36
1.0
 17
0.0
 27
0.0
 37
0.0
 40
1338.917764316013
 41
2.375
 42
50.0
 43
0.0
 44
0.0
 50
0.0
 51
0.0
 71
    16
 72
  2000
 73
     1
 74
     3
 75
     0
 76
     0
 77
     0
 78
     0
281
     0
 65
     1
110
0.0
120
0.0
130
0.0
111
1.0
121
0.0
131
0.0
112
0.0
122
1.0
132
0.0
 79
     0
146
0.0
348
B7B
 60
     3
 61
     5
292
     1
282
     1
141
0.0
142
0.0
 63
   250
421
  3355443
361
B9A
1001
ACAD_NAV_VCDISPLAY
1070
     3
  0
ENDTAB
  0
TABLE
  2
LTYPE
  5
5
330
0
100
AcDbSymbolTable
 70
     9
  0
LTYPE
  5
14
330
5
100
AcDbSymbolTableRecord
100
AcDbLinetypeTableRecord
  2
ByBlock
 70
     0
  3

 72
    65
 73
     0
 40
0.0
  0
LTYPE
  5
15
330
5
100
AcDbSymbolTableRecord
100
AcDbLinetypeTableRecord
  2
ByLayer
 70
     0
  3

 72
    65
 73
     0
 40
0.0
  0
LTYPE
  5
16
330
5
100
AcDbSymbolTableRecord
100
AcDbLinetypeTableRecord
  2
Continuous
 70
     0
  3
Solid line
 72
    65
 73
     0
 40
0.0
  0
LTYPE
  5
5E
330
5
100
AcDbSymbolTableRecord
100
AcDbLinetypeTableRecord
  2
HIDDEN
 70
     0
  3
Hidden __ __ __ __ __ __ __ __ __ __ __ __ __ __
 72
    65
 73
     2
 40
1.905
 49
1.27
 74
     0
 49
-0.635
 74
     0
  0
LTYPE
  5
5F
330
5
100
AcDbSymbolTableRecord
100
AcDbLinetypeTableRecord
  2
PHANTOM
 70
     0
  3
Phantom ______  __  __  ______  __  __  ______
 72
    65
 73
     6
 40
12.7
 49
6.349999999999998
 74
     0
 49
-1.27
 74
     0
 49
1.27
 74
     0
 49
-1.27
 74
     0
 49
1.27
 74
     0
 49
-1.27
 74
     0
  0
LTYPE
  5
60
330
5
100
AcDbSymbolTableRecord
100
AcDbLinetypeTableRecord
  2
CENTER
 70
     0
  3
Center ____ _ ____ _ ____ _ ____ _ ____ _ ____
 72
    65
 73
     4
 40
10.16
 49
6.349999999999998
 74
     0
 49
-1.27
 74
     0
 49
1.27
 74
     0
 49
-1.27
 74
     0
  0
LTYPE
  5
61
330
5
100
AcDbSymbolTableRecord
100
AcDbLinetypeTableRecord
  2
CENTERX2
 70
     0
  3
Center (2x) ________  __  ________  __  _____
 72
    65
 73
     4
 40
20.32
 49
12.7
 74
     0
 49
-2.54
 74
     0
 49
2.54
 74
     0
 49
-2.54
 74
     0
  0
LTYPE
  5
62
330
5
100
AcDbSymbolTableRecord
100
AcDbLinetypeTableRecord
  2
DOT2
 70
     0
  3
Dot (.5x) ........................................
 72
    65
 73
     2
 40
0.635
 49
0.0
 74
     0
 49
-0.635
 74
     0
  0
LTYPE
  5
B9C
330
5
100
AcDbSymbolTableRecord
100
AcDbLinetypeTableRecord
  2
CROSSINGSELECTION
 70
     0
  3
_ _ _ _ _ _ _ _ _ _ _ _ _ _ _ _ _ _ _ _ _ _ _ _
 72
    65
 73
     2
 40
0.375
 49
0.25
 74
     0
 49
-0.125
 74
     0
  0
LTYPE
  5
B9D
330
5
100
AcDbSymbolTableRecord
100
AcDbLinetypeTableRecord
  2
DASHED2
 70
     0
  3
Dashed (0.5x) _ _ _ _ _ _ _ _ _ _ _ _ _ _ _ _ _
 72
    65
 73
     2
 40
9.524999999999996
 49
6.349999999999998
 74
     0
 49
-3.174999999999998
 74
     0
  0
LTYPE
  5
EB0
330
5
100
AcDbSymbolTableRecord
100
AcDbLinetypeTableRecord
  2
DASHED
 70
     0
  3
__ __ __ __ __ __ __ __ __ __ __ __ __ __ __ __
 72
    65
 73
     2
 40
0.75
 49
0.5
 74
     0
 49
-0.25
 74
     0
  0
ENDTAB
  0
TABLE
  2
LAYER
  5
2
330
0
100
AcDbSymbolTable
 70
     3
  0
LAYER
  5
10
330
2
100
AcDbSymbolTableRecord
100
AcDbLayerTableRecord
  2
0
 70
     0
 62
     7
  6
Continuous
370
    -3
390
F
347
B92
348
0
  0
LAYER
  5
63
330
2
100
AcDbSymbolTableRecord
100
AcDbLayerTableRecord
  2
FORMAT
 70
     0
 62
     7
  6
Continuous
370
    -3
390
F
347
B92
348
0
  0
LAYER
  5
B9E
330
2
100
AcDbSymbolTableRecord
100
AcDbLayerTableRecord
  2
Defpoints
 70
     0
 62
     7
  6
Continuous
290
     0
370
    -3
390
F
347
B92
348
0
  0
ENDTAB
  0
TABLE
  2
STYLE
  5
3
330
0
100
AcDbSymbolTable
 70
     4
  0
STYLE
  5
11
330
3
100
AcDbSymbolTableRecord
100
AcDbTextStyleTableRecord
  2
Standard
 70
     0
 40
0.0
 41
1.0
 50
0.0
 71
     0
 42
10.0
  3
txt
  4

  0
STYLE
  5
D5
330
3
100
AcDbSymbolTableRecord
100
AcDbTextStyleTableRecord
  2
SLDTEXTSTYLE0
 70
     0
 40
0.0
 41
0.75
 50
0.0
 71
     0
 42
3.5
  3
TXT
  4

  0
STYLE
  5
12B
330
3
100
AcDbSymbolTableRecord
100
AcDbTextStyleTableRecord
  2
SLDTEXTSTYLE1
 70
     0
 40
0.0
 41
0.6864493305940874
 50
0.0
 71
     0
 42
3.5
  3
TXT
  4

  0
STYLE
  5
144
330
3
100
AcDbSymbolTableRecord
100
AcDbTextStyleTableRecord
  2
SLDTEXTSTYLE2
 70
     0
 40
0.0
 41
0.6875
 50
0.0
 71
     0
 42
3.5
  3
TXT
  4

  0
ENDTAB
  0
TABLE
  2
VIEW
  5
6
330
0
100
AcDbSymbolTable
 70
     0
  0
ENDTAB
  0
TABLE
  2
UCS
  5
7
330
0
100
AcDbSymbolTable
 70
     0
  0
ENDTAB
  0
TABLE
  2
APPID
  5
9
330
0
100
AcDbSymbolTable
 70
     7
  0
APPID
  5
12
330
9
100
AcDbSymbolTableRecord
100
AcDbRegAppTableRecord
  2
ACAD
 70
     0
  0
APPID
  5
B99
330
9
100
AcDbSymbolTableRecord
100
AcDbRegAppTableRecord
  2
MapGWS
 70
     0
  0
APPID
  5
EA8
330
9
100
AcDbSymbolTableRecord
100
AcDbRegAppTableRecord
  2
ITC_AUDIONOTE
 70
     0
  0
APPID
  5
EA9
330
9
100
AcDbSymbolTableRecord
100
AcDbRegAppTableRecord
  2
PE_URL
 70
     0
  0
APPID
  5
1E5E
330
9
100
AcDbSymbolTableRecord
100
AcDbRegAppTableRecord
  2
ACAD_DSTYLE_DIMRADIAL_EXTENSION
 70
     0
  0
APPID
  5
2637
330
9
100
AcDbSymbolTableRecord
100
AcDbRegAppTableRecord
  2
PLOTTRANSPARENCY
 70
     0
  0
APPID
  5
6402
330
9
100
AcDbSymbolTableRecord
100
AcDbRegAppTableRecord
  2
ACAD_NAV_VCDISPLAY
 70
     0
  0
ENDTAB
  0
TABLE
  2
DIMSTYLE
  5
A
330
0
100
AcDbSymbolTable
 70
     3
100
AcDbDimStyleTable
 71
     0
  0
DIMSTYLE
105
27
102
{ACAD_REACTORS
330
5258
330
526C
330
5280
330
5290
330
575A
330
5769
330
5778
330
5788
330
5A1F
330
5A2E
330
5A3D
330
5A4D
330
5DB7
330
5DC7
330
5DD7
330
5DE6
330
6040
330
604F
330
605E
330
606E
330
6252
330
6261
330
6270
330
6280
102
}
330
A
100
AcDbSymbolTableRecord
100
AcDbDimStyleTableRecord
  2
ISO-25
 70
     0
 41
2.5
 42
0.625
 43
3.75
 44
1.25
 73
     0
 74
     0
 77
     1
 78
     8
140
2.5
141
2.5
143
0.03937007874016
147
0.625
171
     3
172
     1
271
     2
272
     2
274
     3
278
    44
283
     0
284
     8
340
11
  0
DIMSTYLE
105
33E
330
A
100
AcDbSymbolTableRecord
100
AcDbDimStyleTableRecord
  2
SLDDIMSTYLE0
 70
     0
 41
3.556
 44
0.0
 45
0.000000001
 73
     0
 74
     0
 77
     1
 78
     4
 79
     1
140
3.5
144
20.0
147
0.875
173
     1
271
     2
272
     2
276
     2
284
    12
340
D5
341
33F
343
33F
344
33F
  0
DIMSTYLE
105
364
330
A
100
AcDbSymbolTableRecord
100
AcDbDimStyleTableRecord
  2
SLDDIMSTYLE1
 70
     0
 41
3.556
 44
0.0
 45
0.000000001
 73
     0
 74
     0
 77
     1
 78
     4
 79
     1
140
3.5
144
20.0
147
0.875
172
     1
173
     1
271
     2
272
     2
276
     2
284
    12
289
     0
340
D5
341
33F
343
33F
344
33F
  0
ENDTAB
  0
TABLE
  2
BLOCK_RECORD
  5
1
330
0
100
AcDbSymbolTable
 70
    83
  0
BLOCK_RECORD
  5
1F
102
{ACAD_XDICTIONARY
360
BCF
102
}
330
1
100
AcDbSymbolTableRecord
100
AcDbBlockTableRecord
  2
*Model_Space
340
22
 70
     0
280
     1
281
     0
  0
BLOCK_RECORD
  5
1B
330
1
100
AcDbSymbolTableRecord
100
AcDbBlockTableRecord
  2
*Paper_Space
340
1E
 70
     0
280
     1
281
     0
  0
BLOCK_RECORD
  5
23
330
1
100
AcDbSymbolTableRecord
100
AcDbBlockTableRecord
  2
*Paper_Space0
340
26
 70
     0
280
     1
281
     0
  0
BLOCK_RECORD
  5
33F
330
1
100
AcDbSymbolTableRecord
100
AcDbBlockTableRecord
  2
_Closed
340
0
102
{BLKREFS
331
81E
331
81F
331
828
331
829
331
832
331
833
331
9CE
331
9CF
331
9D8
331
9D9
331
9E2
331
9E3
331
34C
331
34D
331
356
331
357
331
36B
331
36C
331
565
331
566
331
56F
331
570
331
57C
331
57D
331
586
331
587
331
9EF
331
360
331
361
331
712
331
713
331
71C
331
71D
331
726
331
727
331
733
331
734
331
814
331
815
331
9F0
331
B4D
331
B4E
331
B57
331
B58
331
B61
331
B62
331
B6E
331
B6F
102
}
 70
     0
280
     1
281
     0
  0
BLOCK_RECORD
  5
346
330
1
100
AcDbSymbolTableRecord
100
AcDbBlockTableRecord
  2
_D
340
0
 70
     0
280
     1
281
     0
  0
BLOCK_RECORD
  5
350
330
1
100
AcDbSymbolTableRecord
100
AcDbBlockTableRecord
  2
_D_1
340
0
 70
     0
280
     1
281
     0
  0
BLOCK_RECORD
  5
35A
330
1
100
AcDbSymbolTableRecord
100
AcDbBlockTableRecord
  2
_D_2
340
0
 70
     0
280
     1
281
     0
  0
BLOCK_RECORD
  5
365
330
1
100
AcDbSymbolTableRecord
100
AcDbBlockTableRecord
  2
_D_3
340
0
 70
     0
280
     1
281
     0
  0
BLOCK_RECORD
  5
55F
330
1
100
AcDbSymbolTableRecord
100
AcDbBlockTableRecord
  2
_D_4
340
0
 70
     0
280
     1
281
     0
  0
BLOCK_RECORD
  5
569
330
1
100
AcDbSymbolTableRecord
100
AcDbBlockTableRecord
  2
_D_5
340
0
 70
     0
280
     1
281
     0
  0
BLOCK_RECORD
  5
576
330
1
100
AcDbSymbolTableRecord
100
AcDbBlockTableRecord
  2
_D_6
340
0
 70
     0
280
     1
281
     0
  0
BLOCK_RECORD
  5
580
330
1
100
AcDbSymbolTableRecord
100
AcDbBlockTableRecord
  2
_D_7
340
0
 70
     0
280
     1
281
     0
  0
BLOCK_RECORD
  5
70C
330
1
100
AcDbSymbolTableRecord
100
AcDbBlockTableRecord
  2
_D_8
340
0
 70
     0
280
     1
281
     0
  0
BLOCK_RECORD
  5
716
330
1
100
AcDbSymbolTableRecord
100
AcDbBlockTableRecord
  2
_D_9
340
0
 70
     0
280
     1
281
     0
  0
BLOCK_RECORD
  5
720
330
1
100
AcDbSymbolTableRecord
100
AcDbBlockTableRecord
  2
_D_10
340
0
 70
     0
280
     1
281
     0
  0
BLOCK_RECORD
  5
72D
330
1
100
AcDbSymbolTableRecord
100
AcDbBlockTableRecord
  2
_D_11
340
0
 70
     0
280
     1
281
     0
  0
BLOCK_RECORD
  5
80E
330
1
100
AcDbSymbolTableRecord
100
AcDbBlockTableRecord
  2
_D_12
340
0
 70
     0
280
     1
281
     0
  0
BLOCK_RECORD
  5
818
330
1
100
AcDbSymbolTableRecord
100
AcDbBlockTableRecord
  2
_D_13
340
0
 70
     0
280
     1
281
     0
  0
BLOCK_RECORD
  5
822
330
1
100
AcDbSymbolTableRecord
100
AcDbBlockTableRecord
  2
_D_14
340
0
 70
     0
280
     1
281
     0
  0
BLOCK_RECORD
  5
82C
330
1
100
AcDbSymbolTableRecord
100
AcDbBlockTableRecord
  2
_D_15
340
0
 70
     0
280
     1
281
     0
  0
BLOCK_RECORD
  5
9C8
330
1
100
AcDbSymbolTableRecord
100
AcDbBlockTableRecord
  2
_D_16
340
0
 70
     0
280
     1
281
     0
  0
BLOCK_RECORD
  5
9D2
330
1
100
AcDbSymbolTableRecord
100
AcDbBlockTableRecord
  2
_D_17
340
0
 70
     0
280
     1
281
     0
  0
BLOCK_RECORD
  5
9DC
330
1
100
AcDbSymbolTableRecord
100
AcDbBlockTableRecord
  2
_D_18
340
0
 70
     0
280
     1
281
     0
  0
BLOCK_RECORD
  5
9E9
330
1
100
AcDbSymbolTableRecord
100
AcDbBlockTableRecord
  2
_D_19
340
0
 70
     0
280
     1
281
     0
  0
BLOCK_RECORD
  5
B47
330
1
100
AcDbSymbolTableRecord
100
AcDbBlockTableRecord
  2
_D_20
340
0
 70
     0
280
     1
281
     0
  0
BLOCK_RECORD
  5
B51
330
1
100
AcDbSymbolTableRecord
100
AcDbBlockTableRecord
  2
_D_21
340
0
 70
     0
280
     1
281
     0
  0
BLOCK_RECORD
  5
B5B
330
1
100
AcDbSymbolTableRecord
100
AcDbBlockTableRecord
  2
_D_22
340
0
 70
     0
280
     1
281
     0
  0
BLOCK_RECORD
  5
B68
330
1
100
AcDbSymbolTableRecord
100
AcDbBlockTableRecord
  2
_D_23
340
0
 70
     0
280
     1
281
     0
  0
BLOCK_RECORD
  5
2762
330
1
100
AcDbSymbolTableRecord
100
AcDbBlockTableRecord
  2
A$7EA4AF10D2B1
340
0
 70
     4
280
     1
281
     0
  0
BLOCK_RECORD
  5
2780
330
1
100
AcDbSymbolTableRecord
100
AcDbBlockTableRecord
  2
A$7EA4AF11739A
340
0
102
{BLKREFS
331
281B
331
2821
102
}
 70
     4
280
     1
281
     0
  0
BLOCK_RECORD
  5
281A
330
1
100
AcDbSymbolTableRecord
100
AcDbBlockTableRecord
  2
A$7EA4AF1D6294
340
0
 70
     4
280
     1
281
     0
  0
BLOCK_RECORD
  5
2820
330
1
100
AcDbSymbolTableRecord
100
AcDbBlockTableRecord
  2
A$7EA4AF1DE144
340
0
 70
     4
280
     1
281
     0
  0
BLOCK_RECORD
  5
2827
330
1
100
AcDbSymbolTableRecord
100
AcDbBlockTableRecord
  2
A$7EA4AF1D21269
340
0
102
{BLKREFS
331
28E6
102
}
 70
     4
280
     1
281
     0
  0
BLOCK_RECORD
  5
28E5
330
1
100
AcDbSymbolTableRecord
100
AcDbBlockTableRecord
  2
A$7EA4AF22103A6
340
0
 70
     4
280
     1
281
     0
  0
BLOCK_RECORD
  5
2900
330
1
100
AcDbSymbolTableRecord
100
AcDbBlockTableRecord
  2
A$7EA4AF23A77
340
0
 70
     4
280
     1
281
     0
  0
BLOCK_RECORD
  5
362D
330
1
100
AcDbSymbolTableRecord
100
AcDbBlockTableRecord
  2
*D33
340
0
 70
     0
280
     1
281
     0
  0
BLOCK_RECORD
  5
363D
330
1
100
AcDbSymbolTableRecord
100
AcDbBlockTableRecord
  2
*D34
340
0
 70
     0
280
     1
281
     0
  0
BLOCK_RECORD
  5
364D
330
1
100
AcDbSymbolTableRecord
100
AcDbBlockTableRecord
  2
*D35
340
0
 70
     0
280
     1
281
     0
  0
BLOCK_RECORD
  5
365D
330
1
100
AcDbSymbolTableRecord
100
AcDbBlockTableRecord
  2
*D36
340
0
 70
     0
280
     1
281
     0
  0
BLOCK_RECORD
  5
3672
330
1
100
AcDbSymbolTableRecord
100
AcDbBlockTableRecord
  2
*D37
340
0
 70
     0
280
     1
281
     0
  0
BLOCK_RECORD
  5
39FD
330
1
100
AcDbSymbolTableRecord
100
AcDbBlockTableRecord
  2
A$7EA417121E3B2C0
340
0
 70
     4
280
     1
281
     0
  0
BLOCK_RECORD
  5
3C68
330
1
100
AcDbSymbolTableRecord
100
AcDbBlockTableRecord
  2
*D39
340
0
 70
     0
280
     1
281
     0
  0
BLOCK_RECORD
  5
3DAC
330
1
100
AcDbSymbolTableRecord
100
AcDbBlockTableRecord
  2
A$7EA418E27342A9
340
0
 70
     4
280
     1
281
     0
  0
BLOCK_RECORD
  5
3DBD
330
1
100
AcDbSymbolTableRecord
100
AcDbBlockTableRecord
  2
*D41
340
0
 70
     0
280
     1
281
     0
  0
BLOCK_RECORD
  5
3DCD
330
1
100
AcDbSymbolTableRecord
100
AcDbBlockTableRecord
  2
*D42
340
0
 70
     0
280
     1
281
     0
  0
BLOCK_RECORD
  5
3DE5
330
1
100
AcDbSymbolTableRecord
100
AcDbBlockTableRecord
  2
*D43
340
0
 70
     0
280
     1
281
     0
  0
BLOCK_RECORD
  5
3DF5
330
1
100
AcDbSymbolTableRecord
100
AcDbBlockTableRecord
  2
*D44
340
0
 70
     0
280
     1
281
     0
  0
BLOCK_RECORD
  5
3E31
330
1
100
AcDbSymbolTableRecord
100
AcDbBlockTableRecord
  2
*D45
340
0
 70
     0
280
     1
281
     0
  0
BLOCK_RECORD
  5
3E81
330
1
100
AcDbSymbolTableRecord
100
AcDbBlockTableRecord
  2
*D46
340
0
 70
     0
280
     1
281
     0
  0
BLOCK_RECORD
  5
3E93
330
1
100
AcDbSymbolTableRecord
100
AcDbBlockTableRecord
  2
*D47
340
0
 70
     0
280
     1
281
     0
  0
BLOCK_RECORD
  5
3EDC
330
1
100
AcDbSymbolTableRecord
100
AcDbBlockTableRecord
  2
*D48
340
0
 70
     0
280
     1
281
     0
  0
BLOCK_RECORD
  5
3FD0
330
1
100
AcDbSymbolTableRecord
100
AcDbBlockTableRecord
  2
*D49
340
0
 70
     0
280
     1
281
     0
  0
BLOCK_RECORD
  5
3FDF
330
1
100
AcDbSymbolTableRecord
100
AcDbBlockTableRecord
  2
*D50
340
0
 70
     0
280
     1
281
     0
  0
BLOCK_RECORD
  5
3FEE
330
1
100
AcDbSymbolTableRecord
100
AcDbBlockTableRecord
  2
*D51
340
0
 70
     0
280
     1
281
     0
  0
BLOCK_RECORD
  5
41E3
330
1
100
AcDbSymbolTableRecord
100
AcDbBlockTableRecord
  2
*D52
340
0
 70
     0
280
     1
281
     0
  0
BLOCK_RECORD
  5
41F3
330
1
100
AcDbSymbolTableRecord
100
AcDbBlockTableRecord
  2
*D53
340
0
 70
     0
280
     1
281
     0
  0
BLOCK_RECORD
  5
4287
330
1
100
AcDbSymbolTableRecord
100
AcDbBlockTableRecord
  2
*D54
340
0
 70
     0
280
     1
281
     0
  0
BLOCK_RECORD
  5
525B
330
1
100
AcDbSymbolTableRecord
100
AcDbBlockTableRecord
  2
*D55
340
0
 70
     0
280
     1
281
     0
  0
BLOCK_RECORD
  5
526F
330
1
100
AcDbSymbolTableRecord
100
AcDbBlockTableRecord
  2
*D56
340
0
 70
     0
280
     1
281
     0
  0
BLOCK_RECORD
  5
5283
330
1
100
AcDbSymbolTableRecord
100
AcDbBlockTableRecord
  2
*D57
340
0
 70
     0
280
     1
281
     0
  0
BLOCK_RECORD
  5
5293
330
1
100
AcDbSymbolTableRecord
100
AcDbBlockTableRecord
  2
*D58
340
0
 70
     0
280
     1
281
     0
  0
BLOCK_RECORD
  5
575D
330
1
100
AcDbSymbolTableRecord
100
AcDbBlockTableRecord
  2
*D59
340
0
 70
     0
280
     1
281
     0
  0
BLOCK_RECORD
  5
576C
330
1
100
AcDbSymbolTableRecord
100
AcDbBlockTableRecord
  2
*D60
340
0
 70
     0
280
     1
281
     0
  0
BLOCK_RECORD
  5
577B
330
1
100
AcDbSymbolTableRecord
100
AcDbBlockTableRecord
  2
*D61
340
0
 70
     0
280
     1
281
     0
  0
BLOCK_RECORD
  5
578B
330
1
100
AcDbSymbolTableRecord
100
AcDbBlockTableRecord
  2
*D62
340
0
 70
     0
280
     1
281
     0
  0
BLOCK_RECORD
  5
5A22
330
1
100
AcDbSymbolTableRecord
100
AcDbBlockTableRecord
  2
*D63
340
0
 70
     0
280
     1
281
     0
  0
BLOCK_RECORD
  5
5A31
330
1
100
AcDbSymbolTableRecord
100
AcDbBlockTableRecord
  2
*D64
340
0
 70
     0
280
     1
281
     0
  0
BLOCK_RECORD
  5
5A40
330
1
100
AcDbSymbolTableRecord
100
AcDbBlockTableRecord
  2
*D65
340
0
 70
     0
280
     1
281
     0
  0
BLOCK_RECORD
  5
5A50
330
1
100
AcDbSymbolTableRecord
100
AcDbBlockTableRecord
  2
*D66
340
0
 70
     0
280
     1
281
     0
  0
BLOCK_RECORD
  5
5DBA
330
1
100
AcDbSymbolTableRecord
100
AcDbBlockTableRecord
  2
*D67
340
0
 70
     0
280
     1
281
     0
  0
BLOCK_RECORD
  5
5DCA
330
1
100
AcDbSymbolTableRecord
100
AcDbBlockTableRecord
  2
*D68
340
0
 70
     0
280
     1
281
     0
  0
BLOCK_RECORD
  5
5DDA
330
1
100
AcDbSymbolTableRecord
100
AcDbBlockTableRecord
  2
*D69
340
0
 70
     0
280
     1
281
     0
  0
BLOCK_RECORD
  5
5DE9
330
1
100
AcDbSymbolTableRecord
100
AcDbBlockTableRecord
  2
*D70
340
0
 70
     0
280
     1
281
     0
  0
BLOCK_RECORD
  5
6043
330
1
100
AcDbSymbolTableRecord
100
AcDbBlockTableRecord
  2
*D71
340
0
 70
     0
280
     1
281
     0
  0
BLOCK_RECORD
  5
6052
330
1
100
AcDbSymbolTableRecord
100
AcDbBlockTableRecord
  2
*D72
340
0
 70
     0
280
     1
281
     0
  0
BLOCK_RECORD
  5
6061
330
1
100
AcDbSymbolTableRecord
100
AcDbBlockTableRecord
  2
*D73
340
0
 70
     0
280
     1
281
     0
  0
BLOCK_RECORD
  5
6071
330
1
100
AcDbSymbolTableRecord
100
AcDbBlockTableRecord
  2
*D74
340
0
 70
     0
280
     1
281
     0
  0
BLOCK_RECORD
  5
6255
330
1
100
AcDbSymbolTableRecord
100
AcDbBlockTableRecord
  2
*D75
340
0
 70
     0
280
     1
281
     0
  0
BLOCK_RECORD
  5
6264
330
1
100
AcDbSymbolTableRecord
100
AcDbBlockTableRecord
  2
*D76
340
0
 70
     0
280
     1
281
     0
  0
BLOCK_RECORD
  5
6273
330
1
100
AcDbSymbolTableRecord
100
AcDbBlockTableRecord
  2
*D77
340
0
 70
     0
280
     1
281
     0
  0
BLOCK_RECORD
  5
6283
330
1
100
AcDbSymbolTableRecord
100
AcDbBlockTableRecord
  2
*D78
340
0
 70
     0
280
     1
281
     0
  0
BLOCK_RECORD
  5
6352
330
1
100
AcDbSymbolTableRecord
100
AcDbBlockTableRecord
  2
*D79
340
0
 70
     0
280
     1
281
     0
  0
BLOCK_RECORD
  5
6362
330
1
100
AcDbSymbolTableRecord
100
AcDbBlockTableRecord
  2
*D80
340
0
 70
     0
280
     1
281
     0
  0
BLOCK_RECORD
  5
6371
330
1
100
AcDbSymbolTableRecord
100
AcDbBlockTableRecord
  2
*D81
340
0
 70
     0
280
     1
281
     0
  0
BLOCK_RECORD
  5
6380
330
1
100
AcDbSymbolTableRecord
100
AcDbBlockTableRecord
  2
*D82
340
0
 70
     0
280
     1
281
     0
  0
ENDTAB
  0
ENDSEC
  0
SECTION
  2
BLOCKS
  0
BLOCK
  5
20
330
1F
100
AcDbEntity
  8
0
100
AcDbBlockBegin
  2
*Model_Space
 70
     0
 10
0.0
 20
0.0
 30
0.0
  3
*Model_Space
  1

  0
ENDBLK
  5
21
330
1F
100
AcDbEntity
  8
0
100
AcDbBlockEnd
  0
BLOCK
  5
1C
330
1B
100
AcDbEntity
 67
     1
  8
0
100
AcDbBlockBegin
  2
*Paper_Space
 70
     0
 10
0.0
 20
0.0
 30
0.0
  3
*Paper_Space
  1

  0
ENDBLK
  5
1D
330
1B
100
AcDbEntity
 67
     1
  8
0
100
AcDbBlockEnd
  0
BLOCK
  5
24
330
23
100
AcDbEntity
 67
     1
  8
0
100
AcDbBlockBegin
  2
*Paper_Space0
 70
     0
 10
0.0
 20
0.0
 30
0.0
  3
*Paper_Space0
  1

  0
ENDBLK
  5
25
330
23
100
AcDbEntity
 67
     1
  8
0
100
AcDbBlockEnd
  0
BLOCK
  5
340
330
33F
100
AcDbEntity
  8
0
100
AcDbBlockBegin
  2
_Closed
 70
     0
 10
0.0
 20
0.0
 30
0.0
  3
_Closed
  1

  0
LINE
  5
342
330
33F
100
AcDbEntity
  8
0
  6
ByBlock
 62
     0
370
    -2
100
AcDbLine
 10
-1.0
 20
0.166667
 30
0.0
 11
0.0
 21
0.0
 31
0.0
  0
LINE
  5
343
330
33F
100
AcDbEntity
  8
0
  6
ByBlock
 62
     0
370
    -2
100
AcDbLine
 10
0.0
 20
0.0
 30
0.0
 11
-1.0
 21
-0.166667
 31
0.0
  0
LINE
  5
344
330
33F
100
AcDbEntity
  8
0
  6
ByBlock
 62
     0
370
    -2
100
AcDbLine
 10
-1.0
 20
0.166667
 30
0.0
 11
-1.0
 21
-0.166667
 31
0.0
  0
LINE
  5
345
330
33F
100
AcDbEntity
  8
0
  6
ByBlock
 62
     0
370
    -2
100
AcDbLine
 10
0.0
 20
0.0
 30
0.0
 11
-1.0
 21
0.0
 31
0.0
  0
ENDBLK
  5
341
330
33F
100
AcDbEntity
  8
0
100
AcDbBlockEnd
  0
BLOCK
  5
347
330
346
100
AcDbEntity
  8
0
100
AcDbBlockBegin
  2
_D
 70
     0
 10
0.0
 20
0.0
 30
0.0
  3
_D
  1

  0
LINE
  5
349
330
346
100
AcDbEntity
  8
0
  6
Continuous
 62
     0
370
    -2
100
AcDbLine
 10
120.5352828526655
 20
633.5849183160846
 30
0.0
 11
120.5352828526655
 21
691.160500000246
 31
0.0
  0
LINE
  5
34A
330
346
100
AcDbEntity
  8
0
  6
Continuous
 62
     0
370
    -2
100
AcDbLine
 10
321.3352828526656
 20
633.5849183160846
 30
0.0
 11
321.3352828526656
 21
691.160500000246
 31
0.0
  0
LINE
  5
34B
330
346
100
AcDbEntity
  8
0
  6
Continuous
 62
     0
370
    -2
100
AcDbLine
 10
124.0912828526655
 20
691.160500000246
 30
0.0
 11
317.7792828526656
 21
691.160500000246
 31
0.0
  0
INSERT
  5
34C
330
346
100
AcDbEntity
  8
0
 62
     0
370
    -2
100
AcDbBlockReference
  2
_Closed
 10
120.5352828526655
 20
691.160500000246
 30
0.0
 41
3.556
 42
3.556
 43
3.556
 50
180.0
  0
INSERT
  5
34D
330
346
100
AcDbEntity
  8
0
 62
     0
370
    -2
100
AcDbBlockReference
  2
_Closed
 10
321.3352828526656
 20
691.160500000246
 30
0.0
 41
3.556
 42
3.556
 43
3.556
  0
MTEXT
  5
34E
330
346
100
AcDbEntity
  8
0
 62
     0
370
    18
100
AcDbMText
 10
224.5648396621013
 20
695.5355000002461
 30
0.0
 40
3.5
 41
0.0
 46
0.0
 71
     2
 72
     1
  1
\A1;4016.00
  7
SLDTEXTSTYLE0
 73
     1
 44
1.0
  0
POINT
  5
BC3
330
346
100
AcDbEntity
  8
Defpoints
 62
     0
100
AcDbPoint
 10
120.5352828526655
 20
633.5224183160845
 30
0.0
  0
POINT
  5
BC4
330
346
100
AcDbEntity
  8
Defpoints
 62
     0
100
AcDbPoint
 10
321.3352828526656
 20
633.5224183160845
 30
0.0
  0
POINT
  5
BC5
330
346
100
AcDbEntity
  8
Defpoints
 62
     0
100
AcDbPoint
 10
321.3352828526656
 20
691.160500000246
 30
0.0
  0
ENDBLK
  5
348
330
346
100
AcDbEntity
  8
0
100
AcDbBlockEnd
  0
BLOCK
  5
351
330
350
100
AcDbEntity
  8
0
100
AcDbBlockBegin
  2
_D_1
 70
     0
 10
0.0
 20
0.0
 30
0.0
  3
_D_1
  1

  0
LINE
  5
353
330
350
100
AcDbEntity
  8
0
  6
Continuous
 62
     0
370
    -2
100
AcDbLine
 10
120.4727828526655
 20
503.1224183160847
 30
0.0
 11
78.00735768367767
 21
503.1224183160845
 31
0.0
  0
LINE
  5
354
330
350
100
AcDbEntity
  8
0
  6
Continuous
 62
     0
370
    -2
100
AcDbLine
 10
120.4727828526655
 20
633.5224183160845
 30
0.0
 11
78.0073576836772
 21
633.5224183160843
 31
0.0
  0
LINE
  5
355
330
350
100
AcDbEntity
  8
0
  6
Continuous
 62
     0
370
    -2
100
AcDbLine
 10
78.00735768367765
 20
506.6784183160844
 30
0.0
 11
78.00735768367721
 21
629.9664183160841
 31
0.0
  0
INSERT
  5
356
330
350
100
AcDbEntity
  8
0
 62
     0
370
    -2
100
AcDbBlockReference
  2
_Closed
 10
78.00735768367767
 20
503.1224183160845
 30
0.0
 41
3.556
 42
3.556
 43
3.556
 50
270.0000000000002
  0
INSERT
  5
357
330
350
100
AcDbEntity
  8
0
 62
     0
370
    -2
100
AcDbBlockReference
  2
_Closed
 10
78.0073576836772
 20
633.5224183160843
 30
0.0
 41
3.556
 42
3.556
 43
3.556
 50
90.00000000000019
  0
MTEXT
  5
358
330
350
100
AcDbEntity
  8
0
 62
     0
370
    18
100
AcDbMText
 10
73.63235768367744
 20
571.1365620109678
 30
0.0
 40
3.5
 41
0.0
 46
0.0
 71
     2
 72
     1
  1
\A1;2608.00
  7
SLDTEXTSTYLE0
 11
-0.0000000000000035
 21
1.0
 31
0.0
 73
     1
 44
1.0
  0
POINT
  5
BCC
330
350
100
AcDbEntity
  8
Defpoints
 62
     0
100
AcDbPoint
 10
120.5352828526655
 20
503.1224183160847
 30
0.0
  0
POINT
  5
BCD
330
350
100
AcDbEntity
  8
Defpoints
 62
     0
100
AcDbPoint
 10
120.5352828526655
 20
633.5224183160845
 30
0.0
  0
POINT
  5
BCE
330
350
100
AcDbEntity
  8
Defpoints
 62
     0
100
AcDbPoint
 10
78.00735768367744
 20
633.5224183160845
 30
0.0
  0
ENDBLK
  5
352
330
350
100
AcDbEntity
  8
0
100
AcDbBlockEnd
  0
BLOCK
  5
35B
330
35A
100
AcDbEntity
  8
0
100
AcDbBlockBegin
  2
_D_2
 70
     0
 10
0.0
 20
0.0
 30
0.0
  3
_D_2
  1

  0
LINE
  5
35D
330
35A
100
AcDbEntity
  8
0
  6
Continuous
 62
     0
370
    -2
100
AcDbLine
 10
143.0352828526663
 20
633.5849183160847
 30
0.0
 11
143.0352828526663
 21
660.6843528425143
 31
0.0
  0
LINE
  5
35E
330
35A
100
AcDbEntity
  8
0
  6
Continuous
 62
     0
370
    -2
100
AcDbLine
 10
199.7852828526663
 20
633.5849183160847
 30
0.0
 11
199.7852828526663
 21
660.6843528425143
 31
0.0
  0
LINE
  5
35F
330
35A
100
AcDbEntity
  8
0
  6
Continuous
 62
     0
370
    -2
100
AcDbLine
 10
146.5912828526663
 20
660.6843528425143
 30
0.0
 11
196.2292828526663
 21
660.6843528425143
 31
0.0
  0
INSERT
  5
360
330
35A
100
AcDbEntity
  8
0
 62
     0
370
    -2
100
AcDbBlockReference
  2
_Closed
 10
143.0352828526663
 20
660.6843528425143
 30
0.0
 41
3.556
 42
3.556
 43
3.556
 50
180.0
  0
INSERT
  5
361
330
35A
100
AcDbEntity
  8
0
 62
     0
370
    -2
100
AcDbBlockReference
  2
_Closed
 10
199.7852828526663
 20
660.6843528425143
 30
0.0
 41
3.556
 42
3.556
 43
3.556
  0
MTEXT
  5
362
330
35A
100
AcDbEntity
  8
0
 62
     0
370
    18
100
AcDbMText
 10
172.8983656588753
 20
665.0593528425142
 30
0.0
 40
3.5
 41
0.0
 46
0.0
 71
     2
 72
     1
  1
\A1;1135.00
  7
SLDTEXTSTYLE0
 73
     1
 44
1.0
  0
POINT
  5
BC0
330
35A
100
AcDbEntity
  8
Defpoints
 62
     0
100
AcDbPoint
 10
143.0352828526663
 20
633.5224183160849
 30
0.0
  0
POINT
  5
BC1
330
35A
100
AcDbEntity
  8
Defpoints
 62
     0
100
AcDbPoint
 10
199.7852828526663
 20
633.5224183160849
 30
0.0
  0
POINT
  5
BC2
330
35A
100
AcDbEntity
  8
Defpoints
 62
     0
100
AcDbPoint
 10
199.7852828526663
 20
660.6843528425143
 30
0.0
  0
ENDBLK
  5
35C
330
35A
100
AcDbEntity
  8
0
100
AcDbBlockEnd
  0
BLOCK
  5
366
330
365
100
AcDbEntity
  8
0
100
AcDbBlockBegin
  2
_D_3
 70
     0
 10
0.0
 20
0.0
 30
0.0
  3
_D_3
  1

  0
LINE
  5
368
330
365
100
AcDbEntity
  8
0
  6
Continuous
 62
     0
370
    -2
100
AcDbLine
 10
114.4727828526656
 20
616.0224183160845
 30
0.0
 11
92.62733490482613
 21
616.0224183160845
 31
0.0
  0
LINE
  5
369
330
365
100
AcDbEntity
  8
0
  6
Continuous
 62
     0
370
    -2
100
AcDbLine
 10
114.4727828526656
 20
592.1724183160847
 30
0.0
 11
92.62733490482622
 21
592.1724183160846
 31
0.0
  0
LINE
  5
36A
330
365
100
AcDbEntity
  8
0
  6
Continuous
 62
     0
370
    -2
100
AcDbLine
 10
92.62733490482617
 20
612.4664183160845
 30
0.0
 11
92.6273349048262
 21
595.7284183160846
 31
0.0
  0
INSERT
  5
36B
330
365
100
AcDbEntity
  8
0
 62
     0
370
    -2
100
AcDbBlockReference
  2
_Closed
 10
92.62733490482613
 20
616.0224183160845
 30
0.0
 41
3.556
 42
3.556
 43
3.556
 50
90.00000000000019
  0
INSERT
  5
36C
330
365
100
AcDbEntity
  8
0
 62
     0
370
    -2
100
AcDbBlockReference
  2
_Closed
 10
92.62733490482622
 20
592.1724183160846
 30
0.0
 41
3.556
 42
3.556
 43
3.556
 50
270.0000000000002
  0
MTEXT
  5
36D
330
365
100
AcDbEntity
  8
0
 62
     0
370
    18
100
AcDbMText
 10
88.25233490482617
 20
604.4946313146798
 30
0.0
 40
3.5
 41
0.0
 46
0.0
 71
     2
 72
     1
  1
\A1;477.00(TYP)
  7
SLDTEXTSTYLE0
 11
-0.0000000000000036
 21
1.0
 31
0.0
 73
     1
 44
1.0
  0
POINT
  5
36E
330
365
100
AcDbEntity
  8
Defpoints
 62
     0
100
AcDbPoint
 10
114.5352828526656
 20
616.0224183160845
 30
0.0
  0
POINT
  5
36F
330
365
100
AcDbEntity
  8
Defpoints
 62
     0
100
AcDbPoint
 10
114.5352828526656
 20
592.1724183160847
 30
0.0
  0
POINT
  5
370
330
365
100
AcDbEntity
  8
Defpoints
 62
     0
100
AcDbPoint
 10
92.62733490482617
 20
592.1724183160846
 30
0.0
  0
ENDBLK
  5
367
330
365
100
AcDbEntity
  8
0
100
AcDbBlockEnd
  0
BLOCK
  5
560
330
55F
100
AcDbEntity
  8
0
100
AcDbBlockBegin
  2
_D_4
 70
     0
 10
0.0
 20
0.0
 30
0.0
  3
_D_4
  1

  0
LINE
  5
562
330
55F
100
AcDbEntity
  8
0
  6
Continuous
 62
     0
370
    -2
100
AcDbLine
 10
478.9580229830384
 20
633.5849183160846
 30
0.0
 11
478.9580229830384
 21
683.343279710314
 31
0.0
  0
LINE
  5
563
330
55F
100
AcDbEntity
  8
0
  6
Continuous
 62
     0
370
    -2
100
AcDbLine
 10
535.7080229830383
 20
633.5849183160846
 30
0.0
 11
535.7080229830383
 21
683.343279710314
 31
0.0
  0
LINE
  5
564
330
55F
100
AcDbEntity
  8
0
  6
Continuous
 62
     0
370
    -2
100
AcDbLine
 10
482.5140229830384
 20
683.343279710314
 30
0.0
 11
532.1520229830383
 21
683.343279710314
 31
0.0
  0
INSERT
  5
565
330
55F
100
AcDbEntity
  8
0
 62
     0
370
    -2
100
AcDbBlockReference
  2
_Closed
 10
478.9580229830384
 20
683.343279710314
 30
0.0
 41
3.556
 42
3.556
 43
3.556
 50
180.0
  0
INSERT
  5
566
330
55F
100
AcDbEntity
  8
0
 62
     0
370
    -2
100
AcDbBlockReference
  2
_Closed
 10
535.7080229830383
 20
683.343279710314
 30
0.0
 41
3.556
 42
3.556
 43
3.556
  0
MTEXT
  5
567
330
55F
100
AcDbEntity
  8
0
 62
     0
370
    18
100
AcDbMText
 10
507.8182336080208
 20
687.7182797103142
 30
0.0
 40
3.5
 41
0.0
 46
0.0
 71
     2
 72
     1
  1
\A1;1135.00
  7
SLDTEXTSTYLE0
 73
     1
 44
1.0
  0
POINT
  5
BBA
330
55F
100
AcDbEntity
  8
Defpoints
 62
     0
100
AcDbPoint
 10
478.9580229830384
 20
633.5224183160845
 30
0.0
  0
POINT
  5
BBB
330
55F
100
AcDbEntity
  8
Defpoints
 62
     0
100
AcDbPoint
 10
535.7080229830383
 20
633.5224183160845
 30
0.0
  0
POINT
  5
BBC
330
55F
100
AcDbEntity
  8
Defpoints
 62
     0
100
AcDbPoint
 10
535.7080229830383
 20
683.343279710314
 30
0.0
  0
ENDBLK
  5
561
330
55F
100
AcDbEntity
  8
0
100
AcDbBlockEnd
  0
BLOCK
  5
56A
330
569
100
AcDbEntity
  8
0
100
AcDbBlockBegin
  2
_D_5
 70
     0
 10
0.0
 20
0.0
 30
0.0
  3
_D_5
  1

  0
LINE
  5
56C
330
569
100
AcDbEntity
  8
0
  6
Continuous
 62
     0
370
    -2
100
AcDbLine
 10
456.3955229830376
 20
616.0224183160845
 30
0.0
 11
443.1330229830377
 21
616.0224183160845
 31
0.0
  0
LINE
  5
56D
330
569
100
AcDbEntity
  8
0
  6
Continuous
 62
     0
370
    -2
100
AcDbLine
 10
456.3955229830376
 20
592.1724183160847
 30
0.0
 11
443.1330229830377
 21
592.1724183160847
 31
0.0
  0
LINE
  5
56E
330
569
100
AcDbEntity
  8
0
  6
Continuous
 62
     0
370
    -2
100
AcDbLine
 10
443.1330229830377
 20
612.4664183160846
 30
0.0
 11
443.1330229830377
 21
595.7284183160847
 31
0.0
  0
INSERT
  5
56F
330
569
100
AcDbEntity
  8
0
 62
     0
370
    -2
100
AcDbBlockReference
  2
_Closed
 10
443.1330229830377
 20
616.0224183160845
 30
0.0
 41
3.556
 42
3.556
 43
3.556
 50
90.00000000000012
  0
INSERT
  5
570
330
569
100
AcDbEntity
  8
0
 62
     0
370
    -2
100
AcDbBlockReference
  2
_Closed
 10
443.1330229830377
 20
592.1724183160847
 30
0.0
 41
3.556
 42
3.556
 43
3.556
 50
270.0000000000001
  0
MTEXT
  5
571
330
569
100
AcDbEntity
  8
0
 62
     0
370
    18
100
AcDbMText
 10
438.7580229830377
 20
606.2863913263729
 30
0.0
 40
3.5
 41
0.0
 46
0.0
 71
     2
 72
     1
  1
\A1;477.00(TYP)
  7
SLDTEXTSTYLE0
 11
-0.0000000000000024
 21
1.0
 31
0.0
 73
     1
 44
1.0
  0
POINT
  5
572
330
569
100
AcDbEntity
  8
Defpoints
 62
     0
100
AcDbPoint
 10
456.4580229830378
 20
616.0224183160845
 30
0.0
  0
POINT
  5
573
330
569
100
AcDbEntity
  8
Defpoints
 62
     0
100
AcDbPoint
 10
456.4580229830378
 20
592.1724183160847
 30
0.0
  0
POINT
  5
574
330
569
100
AcDbEntity
  8
Defpoints
 62
     0
100
AcDbPoint
 10
443.1330229830377
 20
592.1724183160847
 30
0.0
  0
ENDBLK
  5
56B
330
569
100
AcDbEntity
  8
0
100
AcDbBlockEnd
  0
BLOCK
  5
577
330
576
100
AcDbEntity
  8
0
100
AcDbBlockBegin
  2
_D_6
 70
     0
 10
0.0
 20
0.0
 30
0.0
  3
_D_6
  1

  0
LINE
  5
579
330
576
100
AcDbEntity
  8
0
  6
Continuous
 62
     0
370
    -2
100
AcDbLine
 10
462.3955229830378
 20
633.5224183160845
 30
0.0
 11
425.1330229830375
 21
633.5224183160845
 31
0.0
  0
LINE
  5
57A
330
576
100
AcDbEntity
  8
0
  6
Continuous
 62
     0
370
    -2
100
AcDbLine
 10
462.3955229830378
 20
503.1224183160847
 30
0.0
 11
425.1330229830378
 21
503.1224183160845
 31
0.0
  0
LINE
  5
57B
330
576
100
AcDbEntity
  8
0
  6
Continuous
 62
     0
370
    -2
100
AcDbLine
 10
425.1330229830375
 20
629.9664183160845
 30
0.0
 11
425.1330229830378
 21
506.6784183160846
 31
0.0
  0
INSERT
  5
57C
330
576
100
AcDbEntity
  8
0
 62
     0
370
    -2
100
AcDbBlockReference
  2
_Closed
 10
425.1330229830375
 20
633.5224183160845
 30
0.0
 41
3.556
 42
3.556
 43
3.556
 50
90.00000000000019
  0
INSERT
  5
57D
330
576
100
AcDbEntity
  8
0
 62
     0
370
    -2
100
AcDbBlockReference
  2
_Closed
 10
425.1330229830378
 20
503.1224183160845
 30
0.0
 41
3.556
 42
3.556
 43
3.556
 50
270.0000000000002
  0
MTEXT
  5
57E
330
576
100
AcDbEntity
  8
0
 62
     0
370
    18
100
AcDbMText
 10
420.7580229830377
 20
571.4951358401623
 30
0.0
 40
3.5
 41
0.0
 46
0.0
 71
     2
 72
     1
  1
\A1;2608.00
  7
SLDTEXTSTYLE0
 11
-0.0000000000000035
 21
1.0
 31
0.0
 73
     1
 44
1.0
  0
POINT
  5
BC9
330
576
100
AcDbEntity
  8
Defpoints
 62
     0
100
AcDbPoint
 10
462.4580229830377
 20
633.5224183160845
 30
0.0
  0
POINT
  5
BCA
330
576
100
AcDbEntity
  8
Defpoints
 62
     0
100
AcDbPoint
 10
462.4580229830377
 20
503.1224183160847
 30
0.0
  0
POINT
  5
BCB
330
576
100
AcDbEntity
  8
Defpoints
 62
     0
100
AcDbPoint
 10
425.1330229830378
 20
503.1224183160845
 30
0.0
  0
ENDBLK
  5
578
330
576
100
AcDbEntity
  8
0
100
AcDbBlockEnd
  0
BLOCK
  5
581
330
580
100
AcDbEntity
  8
0
100
AcDbBlockBegin
  2
_D_7
 70
     0
 10
0.0
 20
0.0
 30
0.0
  3
_D_7
  1

  0
LINE
  5
583
330
580
100
AcDbEntity
  8
0
  6
Continuous
 62
     0
370
    -2
100
AcDbLine
 10
663.2580229830376
 20
633.5849183160846
 30
0.0
 11
663.2580229830376
 21
701.8867107493512
 31
0.0
  0
LINE
  5
584
330
580
100
AcDbEntity
  8
0
  6
Continuous
 62
     0
370
    -2
100
AcDbLine
 10
462.4580229830377
 20
633.5849183160846
 30
0.0
 11
462.4580229830377
 21
701.8867107493512
 31
0.0
  0
LINE
  5
585
330
580
100
AcDbEntity
  8
0
  6
Continuous
 62
     0
370
    -2
100
AcDbLine
 10
659.7020229830377
 20
701.8867107493512
 30
0.0
 11
466.0140229830378
 21
701.8867107493512
 31
0.0
  0
INSERT
  5
586
330
580
100
AcDbEntity
  8
0
 62
     0
370
    -2
100
AcDbBlockReference
  2
_Closed
 10
663.2580229830376
 20
701.8867107493512
 30
0.0
 41
3.556
 42
3.556
 43
3.556
  0
INSERT
  5
587
330
580
100
AcDbEntity
  8
0
 62
     0
370
    -2
100
AcDbBlockReference
  2
_Closed
 10
462.4580229830377
 20
701.8867107493512
 30
0.0
 41
3.556
 42
3.556
 43
3.556
 50
180.0
  0
MTEXT
  5
588
330
580
100
AcDbEntity
  8
0
 62
     0
370
    18
100
AcDbMText
 10
547.3309593939099
 20
706.2617107493512
 30
0.0
 40
3.5
 41
0.0
 46
0.0
 71
     2
 72
     1
  1
\A1;4016.00
  7
SLDTEXTSTYLE0
 73
     1
 44
1.0
  0
POINT
  5
BBD
330
580
100
AcDbEntity
  8
Defpoints
 62
     0
100
AcDbPoint
 10
663.2580229830376
 20
633.5224183160845
 30
0.0
  0
POINT
  5
BBE
330
580
100
AcDbEntity
  8
Defpoints
 62
     0
100
AcDbPoint
 10
462.4580229830377
 20
633.5224183160845
 30
0.0
  0
POINT
  5
BBF
330
580
100
AcDbEntity
  8
Defpoints
 62
     0
100
AcDbPoint
 10
462.4580229830377
 20
701.8867107493512
 30
0.0
  0
ENDBLK
  5
582
330
580
100
AcDbEntity
  8
0
100
AcDbBlockEnd
  0
BLOCK
  5
70D
330
70C
100
AcDbEntity
  8
0
100
AcDbBlockBegin
  2
_D_8
 70
     0
 10
0.0
 20
0.0
 30
0.0
  3
_D_8
  1

  0
LINE
  5
70F
330
70C
100
AcDbEntity
  8
0
  6
Continuous
 62
     0
370
    -2
100
AcDbLine
 10
123.3592615845237
 20
284.3719165351913
 30
0.0
 11
123.3592615845234
 21
328.7094165351919
 31
0.0
  0
LINE
  5
710
330
70C
100
AcDbEntity
  8
0
  6
Continuous
 62
     0
370
    -2
100
AcDbLine
 10
324.1592615845237
 20
284.3719165351927
 30
0.0
 11
324.1592615845235
 21
328.7094165351931
 31
0.0
  0
LINE
  5
711
330
70C
100
AcDbEntity
  8
0
  6
Continuous
 62
     0
370
    -2
100
AcDbLine
 10
126.9152615845234
 20
328.7094165351919
 30
0.0
 11
320.6032615845235
 21
328.7094165351931
 31
0.0
  0
INSERT
  5
712
330
70C
100
AcDbEntity
  8
0
 62
     0
370
    -2
100
AcDbBlockReference
  2
_Closed
 10
123.3592615845234
 20
328.7094165351919
 30
0.0
 41
3.556
 42
3.556
 43
3.556
 50
180.0000000000004
  0
INSERT
  5
713
330
70C
100
AcDbEntity
  8
0
 62
     0
370
    -2
100
AcDbBlockReference
  2
_Closed
 10
324.1592615845235
 20
328.7094165351931
 30
0.0
 41
3.556
 42
3.556
 43
3.556
 50
0.0000000000003893
  0
MTEXT
  5
714
330
70C
100
AcDbEntity
  8
0
 62
     0
370
    18
100
AcDbMText
 10
211.2798405765001
 20
333.0844165351924
 30
0.0
 40
3.5
 41
0.0
 46
0.0
 71
     2
 72
     1
  1
\A1;4016.00
  7
SLDTEXTSTYLE0
 73
     1
 44
1.0
  0
POINT
  5
BAE
330
70C
100
AcDbEntity
  8
Defpoints
 62
     0
100
AcDbPoint
 10
123.3592615845237
 20
284.3094165351913
 30
0.0
  0
POINT
  5
BAF
330
70C
100
AcDbEntity
  8
Defpoints
 62
     0
100
AcDbPoint
 10
324.1592615845237
 20
284.3094165351926
 30
0.0
  0
POINT
  5
BB0
330
70C
100
AcDbEntity
  8
Defpoints
 62
     0
100
AcDbPoint
 10
324.1592615845235
 20
328.7094165351931
 30
0.0
  0
ENDBLK
  5
70E
330
70C
100
AcDbEntity
  8
0
100
AcDbBlockEnd
  0
BLOCK
  5
717
330
716
100
AcDbEntity
  8
0
100
AcDbBlockBegin
  2
_D_9
 70
     0
 10
0.0
 20
0.0
 30
0.0
  3
_D_9
  1

  0
LINE
  5
719
330
716
100
AcDbEntity
  8
0
  6
Continuous
 62
     0
370
    -2
100
AcDbLine
 10
123.2967615845237
 20
284.3094165351913
 30
0.0
 11
59.97585392420552
 21
284.309416535191
 31
0.0
  0
LINE
  5
71A
330
716
100
AcDbEntity
  8
0
  6
Continuous
 62
     0
370
    -2
100
AcDbLine
 10
123.2967615845245
 20
162.0094165351912
 30
0.0
 11
59.97585392420595
 21
162.009416535191
 31
0.0
  0
LINE
  5
71B
330
716
100
AcDbEntity
  8
0
  6
Continuous
 62
     0
370
    -2
100
AcDbLine
 10
59.97585392420553
 20
280.7534165351911
 30
0.0
 11
59.97585392420593
 21
165.565416535191
 31
0.0
  0
INSERT
  5
71C
330
716
100
AcDbEntity
  8
0
 62
     0
370
    -2
100
AcDbBlockReference
  2
_Closed
 10
59.97585392420552
 20
284.309416535191
 30
0.0
 41
3.556
 42
3.556
 43
3.556
 50
90.00000000000019
  0
INSERT
  5
71D
330
716
100
AcDbEntity
  8
0
 62
     0
370
    -2
100
AcDbBlockReference
  2
_Closed
 10
59.97585392420595
 20
162.009416535191
 30
0.0
 41
3.556
 42
3.556
 43
3.556
 50
270.0000000000002
  0
MTEXT
  5
71E
330
716
100
AcDbEntity
  8
0
 62
     0
370
    18
100
AcDbMText
 10
55.60085392420575
 20
215.7190881600974
 30
0.0
 40
3.5
 41
0.0
 46
0.0
 71
     2
 72
     1
  1
\A1;2446.00
  7
SLDTEXTSTYLE0
 11
-0.0000000000000035
 21
1.0
 31
0.0
 73
     1
 44
1.0
  0
POINT
  5
BA8
330
716
100
AcDbEntity
  8
Defpoints
 62
     0
100
AcDbPoint
 10
123.3592615845237
 20
284.3094165351913
 30
0.0
  0
POINT
  5
BA9
330
716
100
AcDbEntity
  8
Defpoints
 62
     0
100
AcDbPoint
 10
123.3592615845245
 20
162.0094165351912
 30
0.0
  0
POINT
  5
BAA
330
716
100
AcDbEntity
  8
Defpoints
 62
     0
100
AcDbPoint
 10
59.97585392420614
 20
162.009416535191
 30
0.0
  0
ENDBLK
  5
718
330
716
100
AcDbEntity
  8
0
100
AcDbBlockEnd
  0
BLOCK
  5
721
330
720
100
AcDbEntity
  8
0
100
AcDbBlockBegin
  2
_D_10
 70
     0
 10
0.0
 20
0.0
 30
0.0
  3
_D_10
  1

  0
LINE
  5
723
330
720
100
AcDbEntity
  8
0
  6
Continuous
 62
     0
370
    -2
100
AcDbLine
 10
123.2967615845241
 20
223.1594165351913
 30
0.0
 11
79.3021003582959
 21
223.1594165351912
 31
0.0
  0
LINE
  5
724
330
720
100
AcDbEntity
  8
0
  6
Continuous
 62
     0
370
    -2
100
AcDbLine
 10
123.2967615845239
 20
257.8094165351913
 30
0.0
 11
79.30210035829579
 21
257.8094165351912
 31
0.0
  0
LINE
  5
725
330
720
100
AcDbEntity
  8
0
  6
Continuous
 62
     0
370
    -2
100
AcDbLine
 10
79.30210035829587
 20
226.7154165351912
 30
0.0
 11
79.30210035829579
 21
254.2534165351912
 31
0.0
  0
INSERT
  5
726
330
720
100
AcDbEntity
  8
0
 62
     0
370
    -2
100
AcDbBlockReference
  2
_Closed
 10
79.3021003582959
 20
223.1594165351912
 30
0.0
 41
3.556
 42
3.556
 43
3.556
 50
270.0000000000002
  0
INSERT
  5
727
330
720
100
AcDbEntity
  8
0
 62
     0
370
    -2
100
AcDbBlockReference
  2
_Closed
 10
79.30210035829579
 20
257.8094165351912
 30
0.0
 41
3.556
 42
3.556
 43
3.556
 50
90.00000000000019
  0
MTEXT
  5
728
330
720
100
AcDbEntity
  8
0
 62
     0
370
    18
100
AcDbMText
 10
74.92710035829585
 20
240.3582224726998
 30
0.0
 40
3.5
 41
0.0
 46
0.0
 71
     2
 72
     1
  1
\A1;693.00(TYP)
  7
SLDTEXTSTYLE0
 11
-0.0000000000000033
 21
1.0
 31
0.0
 73
     1
 44
1.0
  0
POINT
  5
729
330
720
100
AcDbEntity
  8
Defpoints
 62
     0
100
AcDbPoint
 10
123.3592615845241
 20
223.1594165351913
 30
0.0
  0
POINT
  5
72A
330
720
100
AcDbEntity
  8
Defpoints
 62
     0
100
AcDbPoint
 10
123.3592615845239
 20
257.8094165351913
 30
0.0
  0
POINT
  5
72B
330
720
100
AcDbEntity
  8
Defpoints
 62
     0
100
AcDbPoint
 10
79.30210035829571
 20
257.8094165351911
 30
0.0
  0
ENDBLK
  5
722
330
720
100
AcDbEntity
  8
0
100
AcDbBlockEnd
  0
BLOCK
  5
72E
330
72D
100
AcDbEntity
  8
0
100
AcDbBlockBegin
  2
_D_11
 70
     0
 10
0.0
 20
0.0
 30
0.0
  3
_D_11
  1

  0
LINE
  5
730
330
72D
100
AcDbEntity
  8
0
  6
Continuous
 62
     0
370
    -2
100
AcDbLine
 10
202.6092615845231
 20
284.3719165351917
 30
0.0
 11
202.6092615845225
 21
313.4036823107174
 31
0.0
  0
LINE
  5
731
330
72D
100
AcDbEntity
  8
0
  6
Continuous
 62
     0
370
    -2
100
AcDbLine
 10
145.859261584523
 20
284.3719165351907
 30
0.0
 11
145.8592615845225
 21
313.4036823107162
 31
0.0
  0
LINE
  5
732
330
72D
100
AcDbEntity
  8
0
  6
Continuous
 62
     0
370
    -2
100
AcDbLine
 10
199.0532615845225
 20
313.4036823107172
 30
0.0
 11
149.4152615845225
 21
313.4036823107163
 31
0.0
  0
INSERT
  5
733
330
72D
100
AcDbEntity
  8
0
 62
     0
370
    -2
100
AcDbBlockReference
  2
_Closed
 10
202.6092615845225
 20
313.4036823107174
 30
0.0
 41
3.556
 42
3.556
 43
3.556
 50
0.000000000001033
  0
INSERT
  5
734
330
72D
100
AcDbEntity
  8
0
 62
     0
370
    -2
100
AcDbBlockReference
  2
_Closed
 10
145.8592615845225
 20
313.4036823107162
 30
0.0
 41
3.556
 42
3.556
 43
3.556
 50
180.000000000001
  0
MTEXT
  5
735
330
72D
100
AcDbEntity
  8
0
 62
     0
370
    18
100
AcDbMText
 10
171.0003590341676
 20
317.7786823107167
 30
0.0
 40
3.5
 41
0.0
 46
0.0
 71
     2
 72
     1
  1
\A1;1135.00
  7
SLDTEXTSTYLE0
 73
     1
 44
1.0
  0
POINT
  5
BAB
330
72D
100
AcDbEntity
  8
Defpoints
 62
     0
100
AcDbPoint
 10
202.6092615845231
 20
284.3094165351916
 30
0.0
  0
POINT
  5
BAC
330
72D
100
AcDbEntity
  8
Defpoints
 62
     0
100
AcDbPoint
 10
145.859261584523
 20
284.3094165351907
 30
0.0
  0
POINT
  5
BAD
330
72D
100
AcDbEntity
  8
Defpoints
 62
     0
100
AcDbPoint
 10
145.8592615845225
 20
313.4036823107162
 30
0.0
  0
ENDBLK
  5
72F
330
72D
100
AcDbEntity
  8
0
100
AcDbBlockEnd
  0
BLOCK
  5
80F
330
80E
100
AcDbEntity
  8
0
100
AcDbBlockBegin
  2
_D_12
 70
     0
 10
0.0
 20
0.0
 30
0.0
  3
_D_12
  1

  0
LINE
  5
811
330
80E
100
AcDbEntity
  8
0
  6
Continuous
 62
     0
370
    -2
100
AcDbLine
 10
482.6953803823684
 20
162.3919012895214
 30
0.0
 11
430.8762608589423
 21
162.3919012895211
 31
0.0
  0
LINE
  5
812
330
80E
100
AcDbEntity
  8
0
  6
Continuous
 62
     0
370
    -2
100
AcDbLine
 10
482.6953803823677
 20
284.6919012895213
 30
0.0
 11
430.8762608589417
 21
284.6919012895212
 31
0.0
  0
LINE
  5
813
330
80E
100
AcDbEntity
  8
0
  6
Continuous
 62
     0
370
    -2
100
AcDbLine
 10
430.8762608589423
 20
165.9479012895212
 30
0.0
 11
430.8762608589417
 21
281.1359012895212
 31
0.0
  0
INSERT
  5
814
330
80E
100
AcDbEntity
  8
0
 62
     0
370
    -2
100
AcDbBlockReference
  2
_Closed
 10
430.8762608589423
 20
162.3919012895211
 30
0.0
 41
3.556
 42
3.556
 43
3.556
 50
270.0000000000002
  0
INSERT
  5
815
330
80E
100
AcDbEntity
  8
0
 62
     0
370
    -2
100
AcDbBlockReference
  2
_Closed
 10
430.8762608589417
 20
284.6919012895212
 30
0.0
 41
3.556
 42
3.556
 43
3.556
 50
90.00000000000021
  0
MTEXT
  5
816
330
80E
100
AcDbEntity
  8
0
 62
     0
370
    18
100
AcDbMText
 10
426.5012608589421
 20
223.9120960830266
 30
0.0
 40
3.5
 41
0.0
 46
0.0
 71
     2
 72
     1
  1
\A1;2446.00
  7
SLDTEXTSTYLE0
 11
-0.0000000000000037
 21
1.0
 31
0.0
 73
     1
 44
1.0
  0
POINT
  5
BA5
330
80E
100
AcDbEntity
  8
Defpoints
 62
     0
100
AcDbPoint
 10
482.7578803823684
 20
162.3919012895214
 30
0.0
  0
POINT
  5
BA6
330
80E
100
AcDbEntity
  8
Defpoints
 62
     0
100
AcDbPoint
 10
482.7578803823676
 20
284.6919012895213
 30
0.0
  0
POINT
  5
BA7
330
80E
100
AcDbEntity
  8
Defpoints
 62
     0
100
AcDbPoint
 10
430.8762608589416
 20
284.6919012895213
 30
0.0
  0
ENDBLK
  5
810
330
80E
100
AcDbEntity
  8
0
100
AcDbBlockEnd
  0
BLOCK
  5
819
330
818
100
AcDbEntity
  8
0
100
AcDbBlockBegin
  2
_D_13
 70
     0
 10
0.0
 20
0.0
 30
0.0
  3
_D_13
  1

  0
LINE
  5
81B
330
818
100
AcDbEntity
  8
0
  6
Continuous
 62
     0
370
    -2
100
AcDbLine
 10
482.7578803823675
 20
284.7544012895213
 30
0.0
 11
482.7578803823674
 21
328.0169012895225
 31
0.0
  0
LINE
  5
81C
330
818
100
AcDbEntity
  8
0
  6
Continuous
 62
     0
370
    -2
100
AcDbLine
 10
683.5578803823677
 20
284.7544012895228
 30
0.0
 11
683.5578803823674
 21
328.0169012895238
 31
0.0
  0
LINE
  5
81D
330
818
100
AcDbEntity
  8
0
  6
Continuous
 62
     0
370
    -2
100
AcDbLine
 10
486.3138803823674
 20
328.0169012895225
 30
0.0
 11
680.0018803823675
 21
328.0169012895238
 31
0.0
  0
INSERT
  5
81E
330
818
100
AcDbEntity
  8
0
 62
     0
370
    -2
100
AcDbBlockReference
  2
_Closed
 10
482.7578803823674
 20
328.0169012895225
 30
0.0
 41
3.556
 42
3.556
 43
3.556
 50
180.0000000000004
  0
INSERT
  5
81F
330
818
100
AcDbEntity
  8
0
 62
     0
370
    -2
100
AcDbBlockReference
  2
_Closed
 10
683.5578803823674
 20
328.0169012895238
 30
0.0
 41
3.556
 42
3.556
 43
3.556
 50
0.0000000000003893
  0
MTEXT
  5
820
330
818
100
AcDbEntity
  8
0
 62
     0
370
    18
100
AcDbMText
 10
553.2600964069309
 20
332.3919012895229
 30
0.0
 40
3.5
 41
0.0
 46
0.0
 71
     2
 72
     1
  1
\A1;4016.00
  7
SLDTEXTSTYLE0
 73
     1
 44
1.0
  0
POINT
  5
BB1
330
818
100
AcDbEntity
  8
Defpoints
 62
     0
100
AcDbPoint
 10
482.7578803823675
 20
284.6919012895213
 30
0.0
  0
POINT
  5
BB2
330
818
100
AcDbEntity
  8
Defpoints
 62
     0
100
AcDbPoint
 10
683.5578803823677
 20
284.6919012895228
 30
0.0
  0
POINT
  5
BB3
330
818
100
AcDbEntity
  8
Defpoints
 62
     0
100
AcDbPoint
 10
683.5578803823674
 20
328.0169012895238
 30
0.0
  0
ENDBLK
  5
81A
330
818
100
AcDbEntity
  8
0
100
AcDbBlockEnd
  0
BLOCK
  5
823
330
822
100
AcDbEntity
  8
0
100
AcDbBlockBegin
  2
_D_14
 70
     0
 10
0.0
 20
0.0
 30
0.0
  3
_D_14
  1

  0
LINE
  5
825
330
822
100
AcDbEntity
  8
0
  6
Continuous
 62
     0
370
    -2
100
AcDbLine
 10
505.2578803823679
 20
284.7544012895228
 30
0.0
 11
505.2578803823677
 21
316.0169012895227
 31
0.0
  0
LINE
  5
826
330
822
100
AcDbEntity
  8
0
  6
Continuous
 62
     0
370
    -2
100
AcDbLine
 10
562.0078803823678
 20
284.7544012895232
 30
0.0
 11
562.0078803823678
 21
316.016901289523
 31
0.0
  0
LINE
  5
827
330
822
100
AcDbEntity
  8
0
  6
Continuous
 62
     0
370
    -2
100
AcDbLine
 10
508.8138803823677
 20
316.0169012895227
 30
0.0
 11
558.4518803823677
 21
316.016901289523
 31
0.0
  0
INSERT
  5
828
330
822
100
AcDbEntity
  8
0
 62
     0
370
    -2
100
AcDbBlockReference
  2
_Closed
 10
505.2578803823677
 20
316.0169012895227
 30
0.0
 41
3.556
 42
3.556
 43
3.556
 50
180.0000000000002
  0
INSERT
  5
829
330
822
100
AcDbEntity
  8
0
 62
     0
370
    -2
100
AcDbBlockReference
  2
_Closed
 10
562.0078803823678
 20
316.016901289523
 30
0.0
 41
3.556
 42
3.556
 43
3.556
 50
0.0000000000002296
  0
MTEXT
  5
82A
330
822
100
AcDbEntity
  8
0
 62
     0
370
    18
100
AcDbMText
 10
536.8017785756461
 20
320.3919012895228
 30
0.0
 40
3.5
 41
0.0
 46
0.0
 71
     2
 72
     1
  1
\A1;1135.00
  7
SLDTEXTSTYLE0
 73
     1
 44
1.0
  0
POINT
  5
BA2
330
822
100
AcDbEntity
  8
Defpoints
 62
     0
100
AcDbPoint
 10
505.2578803823679
 20
284.6919012895228
 30
0.0
  0
POINT
  5
BA3
330
822
100
AcDbEntity
  8
Defpoints
 62
     0
100
AcDbPoint
 10
562.0078803823678
 20
284.6919012895232
 30
0.0
  0
POINT
  5
BA4
330
822
100
AcDbEntity
  8
Defpoints
 62
     0
100
AcDbPoint
 10
562.0078803823678
 20
316.016901289523
 30
0.0
  0
ENDBLK
  5
824
330
822
100
AcDbEntity
  8
0
100
AcDbBlockEnd
  0
BLOCK
  5
82D
330
82C
100
AcDbEntity
  8
0
100
AcDbBlockBegin
  2
_D_15
 70
     0
 10
0.0
 20
0.0
 30
0.0
  3
_D_15
  1

  0
LINE
  5
82F
330
82C
100
AcDbEntity
  8
0
  6
Continuous
 62
     0
370
    -2
100
AcDbLine
 10
482.6953803823679
 20
258.1919012895214
 30
0.0
 11
446.3607180799167
 21
258.1919012895213
 31
0.0
  0
LINE
  5
830
330
82C
100
AcDbEntity
  8
0
  6
Continuous
 62
     0
370
    -2
100
AcDbLine
 10
482.695380382368
 20
223.5419012895214
 30
0.0
 11
446.3607180799169
 21
223.5419012895213
 31
0.0
  0
LINE
  5
831
330
82C
100
AcDbEntity
  8
0
  6
Continuous
 62
     0
370
    -2
100
AcDbLine
 10
446.3607180799167
 20
254.6359012895213
 30
0.0
 11
446.3607180799169
 21
227.0979012895213
 31
0.0
  0
INSERT
  5
832
330
82C
100
AcDbEntity
  8
0
 62
     0
370
    -2
100
AcDbBlockReference
  2
_Closed
 10
446.3607180799167
 20
258.1919012895213
 30
0.0
 41
3.556
 42
3.556
 43
3.556
 50
90.00000000000019
  0
INSERT
  5
833
330
82C
100
AcDbEntity
  8
0
 62
     0
370
    -2
100
AcDbBlockReference
  2
_Closed
 10
446.3607180799169
 20
223.5419012895213
 30
0.0
 41
3.556
 42
3.556
 43
3.556
 50
270.0000000000002
  0
MTEXT
  5
834
330
82C
100
AcDbEntity
  8
0
 62
     0
370
    18
100
AcDbMText
 10
441.9857180799168
 20
240.3727533115905
 30
0.0
 40
3.5
 41
0.0
 46
0.0
 71
     2
 72
     1
  1
\A1;693.00(TYP)
  7
SLDTEXTSTYLE0
 11
-0.0000000000000033
 21
1.0
 31
0.0
 73
     1
 44
1.0
  0
POINT
  5
835
330
82C
100
AcDbEntity
  8
Defpoints
 62
     0
100
AcDbPoint
 10
482.7578803823677
 20
258.1919012895214
 30
0.0
  0
POINT
  5
836
330
82C
100
AcDbEntity
  8
Defpoints
 62
     0
100
AcDbPoint
 10
482.7578803823682
 20
223.5419012895214
 30
0.0
  0
POINT
  5
837
330
82C
100
AcDbEntity
  8
Defpoints
 62
     0
100
AcDbPoint
 10
446.3607180799169
 20
223.5419012895213
 30
0.0
  0
ENDBLK
  5
82E
330
82C
100
AcDbEntity
  8
0
100
AcDbBlockEnd
  0
BLOCK
  5
9C9
330
9C8
100
AcDbEntity
  8
0
100
AcDbBlockBegin
  2
_D_16
 70
     0
 10
0.0
 20
0.0
 30
0.0
  3
_D_16
  1

  0
LINE
  5
9CB
330
9C8
100
AcDbEntity
  8
0
  6
Continuous
 62
     0
370
    -2
100
AcDbLine
 10
857.2973422228271
 20
503.1224183160847
 30
0.0
 11
812.9598422228271
 21
503.1224183160845
 31
0.0
  0
LINE
  5
9CC
330
9C8
100
AcDbEntity
  8
0
  6
Continuous
 62
     0
370
    -2
100
AcDbLine
 10
857.2973422228271
 20
633.5224183160845
 30
0.0
 11
812.9598422228266
 21
633.5224183160843
 31
0.0
  0
LINE
  5
9CD
330
9C8
100
AcDbEntity
  8
0
  6
Continuous
 62
     0
370
    -2
100
AcDbLine
 10
812.9598422228271
 20
506.6784183160844
 30
0.0
 11
812.9598422228266
 21
629.9664183160841
 31
0.0
  0
INSERT
  5
9CE
330
9C8
100
AcDbEntity
  8
0
 62
     0
370
    -2
100
AcDbBlockReference
  2
_Closed
 10
812.9598422228271
 20
503.1224183160845
 30
0.0
 41
3.556
 42
3.556
 43
3.556
 50
270.0000000000002
  0
INSERT
  5
9CF
330
9C8
100
AcDbEntity
  8
0
 62
     0
370
    -2
100
AcDbBlockReference
  2
_Closed
 10
812.9598422228266
 20
633.5224183160843
 30
0.0
 41
3.556
 42
3.556
 43
3.556
 50
90.00000000000019
  0
MTEXT
  5
9D0
330
9C8
100
AcDbEntity
  8
0
 62
     0
370
    18
100
AcDbMText
 10
808.584842222827
 20
574.8394993050246
 30
0.0
 40
3.5
 41
0.0
 46
0.0
 71
     2
 72
     1
  1
\A1;2608.00
  7
SLDTEXTSTYLE0
 11
-0.0000000000000035
 21
1.0
 31
0.0
 73
     1
 44
1.0
  0
POINT
  5
BC6
330
9C8
100
AcDbEntity
  8
Defpoints
 62
     0
100
AcDbPoint
 10
857.3598422228272
 20
503.1224183160847
 30
0.0
  0
POINT
  5
BC7
330
9C8
100
AcDbEntity
  8
Defpoints
 62
     0
100
AcDbPoint
 10
857.3598422228272
 20
633.5224183160845
 30
0.0
  0
POINT
  5
BC8
330
9C8
100
AcDbEntity
  8
Defpoints
 62
     0
100
AcDbPoint
 10
812.9598422228268
 20
633.5224183160845
 30
0.0
  0
ENDBLK
  5
9CA
330
9C8
100
AcDbEntity
  8
0
100
AcDbBlockEnd
  0
BLOCK
  5
9D3
330
9D2
100
AcDbEntity
  8
0
100
AcDbBlockBegin
  2
_D_17
 70
     0
 10
0.0
 20
0.0
 30
0.0
  3
_D_17
  1

  0
LINE
  5
9D5
330
9D2
100
AcDbEntity
  8
0
  6
Continuous
 62
     0
370
    -2
100
AcDbLine
 10
857.3598422228272
 20
633.5849183160846
 30
0.0
 11
857.3598422228272
 21
707.0456624743358
 31
0.0
  0
LINE
  5
9D6
330
9D2
100
AcDbEntity
  8
0
  6
Continuous
 62
     0
370
    -2
100
AcDbLine
 10
979.6598422228273
 20
633.5849183160846
 30
0.0
 11
979.6598422228273
 21
707.0456624743358
 31
0.0
  0
LINE
  5
9D7
330
9D2
100
AcDbEntity
  8
0
  6
Continuous
 62
     0
370
    -2
100
AcDbLine
 10
860.9158422228274
 20
707.0456624743358
 30
0.0
 11
976.1038422228272
 21
707.0456624743358
 31
0.0
  0
INSERT
  5
9D8
330
9D2
100
AcDbEntity
  8
0
 62
     0
370
    -2
100
AcDbBlockReference
  2
_Closed
 10
857.3598422228272
 20
707.0456624743358
 30
0.0
 41
3.556
 42
3.556
 43
3.556
 50
180.0
  0
INSERT
  5
9D9
330
9D2
100
AcDbEntity
  8
0
 62
     0
370
    -2
100
AcDbBlockReference
  2
_Closed
 10
979.6598422228273
 20
707.0456624743358
 30
0.0
 41
3.556
 42
3.556
 43
3.556
  0
MTEXT
  5
9DA
330
9D2
100
AcDbEntity
  8
0
 62
     0
370
    18
100
AcDbMText
 10
905.9842216232327
 20
711.4206624743358
 30
0.0
 40
3.5
 41
0.0
 46
0.0
 71
     2
 72
     1
  1
\A1;2446.00
  7
SLDTEXTSTYLE0
 73
     1
 44
1.0
  0
POINT
  5
BB7
330
9D2
100
AcDbEntity
  8
Defpoints
 62
     0
100
AcDbPoint
 10
857.3598422228272
 20
633.5224183160845
 30
0.0
  0
POINT
  5
BB8
330
9D2
100
AcDbEntity
  8
Defpoints
 62
     0
100
AcDbPoint
 10
979.6598422228273
 20
633.5224183160845
 30
0.0
  0
POINT
  5
BB9
330
9D2
100
AcDbEntity
  8
Defpoints
 62
     0
100
AcDbPoint
 10
979.6598422228273
 20
707.0456624743358
 30
0.0
  0
ENDBLK
  5
9D4
330
9D2
100
AcDbEntity
  8
0
100
AcDbBlockEnd
  0
BLOCK
  5
9DD
330
9DC
100
AcDbEntity
  8
0
100
AcDbBlockBegin
  2
_D_18
 70
     0
 10
0.0
 20
0.0
 30
0.0
  3
_D_18
  1

  0
LINE
  5
9DF
330
9DC
100
AcDbEntity
  8
0
  6
Continuous
 62
     0
370
    -2
100
AcDbLine
 10
851.2973422228272
 20
616.0224183160845
 30
0.0
 11
831.8296653696402
 21
616.0224183160845
 31
0.0
  0
LINE
  5
9E0
330
9DC
100
AcDbEntity
  8
0
  6
Continuous
 62
     0
370
    -2
100
AcDbLine
 10
851.2973422228272
 20
592.1724183160847
 30
0.0
 11
831.8296653696402
 21
592.1724183160846
 31
0.0
  0
LINE
  5
9E1
330
9DC
100
AcDbEntity
  8
0
  6
Continuous
 62
     0
370
    -2
100
AcDbLine
 10
831.8296653696402
 20
612.4664183160845
 30
0.0
 11
831.8296653696402
 21
595.7284183160846
 31
0.0
  0
INSERT
  5
9E2
330
9DC
100
AcDbEntity
  8
0
 62
     0
370
    -2
100
AcDbBlockReference
  2
_Closed
 10
831.8296653696402
 20
616.0224183160845
 30
0.0
 41
3.556
 42
3.556
 43
3.556
 50
90.00000000000028
  0
INSERT
  5
9E3
330
9DC
100
AcDbEntity
  8
0
 62
     0
370
    -2
100
AcDbBlockReference
  2
_Closed
 10
831.8296653696402
 20
592.1724183160846
 30
0.0
 41
3.556
 42
3.556
 43
3.556
 50
270.0000000000002
  0
MTEXT
  5
9E4
330
9DC
100
AcDbEntity
  8
0
 62
     0
370
    18
100
AcDbMText
 10
827.4546653696402
 20
603.431106058631
 30
0.0
 40
3.5
 41
0.0
 46
0.0
 71
     2
 72
     1
  1
\A1;477.00(TYP)
  7
SLDTEXTSTYLE0
 11
-0.0000000000000048
 21
1.0
 31
0.0
 73
     1
 44
1.0
  0
POINT
  5
9E5
330
9DC
100
AcDbEntity
  8
Defpoints
 62
     0
100
AcDbPoint
 10
851.3598422228271
 20
616.0224183160845
 30
0.0
  0
POINT
  5
9E6
330
9DC
100
AcDbEntity
  8
Defpoints
 62
     0
100
AcDbPoint
 10
851.3598422228271
 20
592.1724183160847
 30
0.0
  0
POINT
  5
9E7
330
9DC
100
AcDbEntity
  8
Defpoints
 62
     0
100
AcDbPoint
 10
831.8296653696402
 20
592.1724183160846
 30
0.0
  0
ENDBLK
  5
9DE
330
9DC
100
AcDbEntity
  8
0
100
AcDbBlockEnd
  0
BLOCK
  5
9EA
330
9E9
100
AcDbEntity
  8
0
100
AcDbBlockBegin
  2
_D_19
 70
     0
 10
0.0
 20
0.0
 30
0.0
  3
_D_19
  1

  0
LINE
  5
9EC
330
9E9
100
AcDbEntity
  8
0
  6
Continuous
 62
     0
370
    -2
100
AcDbLine
 10
877.8598422228272
 20
633.5849183160846
 30
0.0
 11
877.8598422228272
 21
694.36718515538
 31
0.0
  0
LINE
  5
9ED
330
9E9
100
AcDbEntity
  8
0
  6
Continuous
 62
     0
370
    -2
100
AcDbLine
 10
912.5098422228273
 20
633.5849183160846
 30
0.0
 11
912.5098422228273
 21
694.36718515538
 31
0.0
  0
LINE
  5
9EE
330
9E9
100
AcDbEntity
  8
0
  6
Continuous
 62
     0
370
    -2
100
AcDbLine
 10
881.4158422228272
 20
694.36718515538
 30
0.0
 11
908.9538422228272
 21
694.36718515538
 31
0.0
  0
INSERT
  5
9EF
330
9E9
100
AcDbEntity
  8
0
 62
     0
370
    -2
100
AcDbBlockReference
  2
_Closed
 10
877.8598422228272
 20
694.36718515538
 30
0.0
 41
3.556
 42
3.556
 43
3.556
 50
180.0
  0
INSERT
  5
9F0
330
9E9
100
AcDbEntity
  8
0
 62
     0
370
    -2
100
AcDbBlockReference
  2
_Closed
 10
912.5098422228273
 20
694.36718515538
 30
0.0
 41
3.556
 42
3.556
 43
3.556
  0
MTEXT
  5
9F1
330
9E9
100
AcDbEntity
  8
0
 62
     0
370
    18
100
AcDbMText
 10
898.3442589122548
 20
698.7421851553799
 30
0.0
 40
3.5
 41
0.0
 46
0.0
 71
     2
 72
     1
  1
\A1;693.00(TYP)
  7
SLDTEXTSTYLE0
 73
     1
 44
1.0
  0
POINT
  5
9F2
330
9E9
100
AcDbEntity
  8
Defpoints
 62
     0
100
AcDbPoint
 10
877.8598422228272
 20
633.5224183160845
 30
0.0
  0
POINT
  5
9F3
330
9E9
100
AcDbEntity
  8
Defpoints
 62
     0
100
AcDbPoint
 10
912.5098422228273
 20
633.5224183160845
 30
0.0
  0
POINT
  5
9F4
330
9E9
100
AcDbEntity
  8
Defpoints
 62
     0
100
AcDbPoint
 10
912.5098422228273
 20
694.36718515538
 30
0.0
  0
ENDBLK
  5
9EB
330
9E9
100
AcDbEntity
  8
0
100
AcDbBlockEnd
  0
BLOCK
  5
B48
330
B47
100
AcDbEntity
  8
0
100
AcDbBlockBegin
  2
_D_20
 70
     0
 10
0.0
 20
0.0
 30
0.0
  3
_D_20
  1

  0
LINE
  5
B4A
330
B47
100
AcDbEntity
  8
0
  6
Continuous
 62
     0
370
    -2
100
AcDbLine
 10
858.9959191225977
 20
277.6120309045106
 30
0.0
 11
809.7334191225979
 21
277.6120309045104
 31
0.0
  0
LINE
  5
B4B
330
B47
100
AcDbEntity
  8
0
  6
Continuous
 62
     0
370
    -2
100
AcDbLine
 10
858.9959191225977
 20
147.2120309045105
 30
0.0
 11
809.7334191225979
 21
147.2120309045104
 31
0.0
  0
LINE
  5
B4C
330
B47
100
AcDbEntity
  8
0
  6
Continuous
 62
     0
370
    -2
100
AcDbLine
 10
809.7334191225979
 20
274.0560309045104
 30
0.0
 11
809.7334191225979
 21
150.7680309045104
 31
0.0
  0
INSERT
  5
B4D
330
B47
100
AcDbEntity
  8
0
 62
     0
370
    -2
100
AcDbBlockReference
  2
_Closed
 10
809.7334191225979
 20
277.6120309045104
 30
0.0
 41
3.556
 42
3.556
 43
3.556
 50
90.00000000000019
  0
INSERT
  5
B4E
330
B47
100
AcDbEntity
  8
0
 62
     0
370
    -2
100
AcDbBlockReference
  2
_Closed
 10
809.7334191225979
 20
147.2120309045104
 30
0.0
 41
3.556
 42
3.556
 43
3.556
 50
270.0000000000002
  0
MTEXT
  5
B4F
330
B47
100
AcDbEntity
  8
0
 62
     0
370
    18
100
AcDbMText
 10
805.3584191225978
 20
212.5045153607065
 30
0.0
 40
3.5
 41
0.0
 46
0.0
 71
     2
 72
     1
  1
\A1;2608.00
  7
SLDTEXTSTYLE0
 11
-0.0000000000000035
 21
1.0
 31
0.0
 73
     1
 44
1.0
  0
POINT
  5
B9F
330
B47
100
AcDbEntity
  8
Defpoints
 62
     0
100
AcDbPoint
 10
859.0584191225978
 20
277.6120309045106
 30
0.0
  0
POINT
  5
BA0
330
B47
100
AcDbEntity
  8
Defpoints
 62
     0
100
AcDbPoint
 10
859.0584191225978
 20
147.2120309045105
 30
0.0
  0
POINT
  5
BA1
330
B47
100
AcDbEntity
  8
Defpoints
 62
     0
100
AcDbPoint
 10
809.7334191225979
 20
147.2120309045104
 30
0.0
  0
ENDBLK
  5
B49
330
B47
100
AcDbEntity
  8
0
100
AcDbBlockEnd
  0
BLOCK
  5
B52
330
B51
100
AcDbEntity
  8
0
100
AcDbBlockBegin
  2
_D_21
 70
     0
 10
0.0
 20
0.0
 30
0.0
  3
_D_21
  1

  0
LINE
  5
B54
330
B51
100
AcDbEntity
  8
0
  6
Continuous
 62
     0
370
    -2
100
AcDbLine
 10
981.3584191225979
 20
277.6745309045105
 30
0.0
 11
981.3584191225979
 21
349.3194737511536
 31
0.0
  0
LINE
  5
B55
330
B51
100
AcDbEntity
  8
0
  6
Continuous
 62
     0
370
    -2
100
AcDbLine
 10
859.0584191225978
 20
277.6745309045105
 30
0.0
 11
859.0584191225978
 21
349.3194737511536
 31
0.0
  0
LINE
  5
B56
330
B51
100
AcDbEntity
  8
0
  6
Continuous
 62
     0
370
    -2
100
AcDbLine
 10
977.8024191225979
 20
349.3194737511536
 30
0.0
 11
862.6144191225979
 21
349.3194737511536
 31
0.0
  0
INSERT
  5
B57
330
B51
100
AcDbEntity
  8
0
 62
     0
370
    -2
100
AcDbBlockReference
  2
_Closed
 10
981.3584191225979
 20
349.3194737511536
 30
0.0
 41
3.556
 42
3.556
 43
3.556
  0
INSERT
  5
B58
330
B51
100
AcDbEntity
  8
0
 62
     0
370
    -2
100
AcDbBlockReference
  2
_Closed
 10
859.0584191225978
 20
349.3194737511536
 30
0.0
 41
3.556
 42
3.556
 43
3.556
 50
180.0
  0
MTEXT
  5
B59
330
B51
100
AcDbEntity
  8
0
 62
     0
370
    18
100
AcDbMText
 10
919.9142896540504
 20
353.6944737511536
 30
0.0
 40
3.5
 41
0.0
 46
0.0
 71
     2
 72
     1
  1
\A1;2446.00
  7
SLDTEXTSTYLE0
 73
     1
 44
1.0
  0
POINT
  5
BB4
330
B51
100
AcDbEntity
  8
Defpoints
 62
     0
100
AcDbPoint
 10
981.3584191225979
 20
277.6120309045106
 30
0.0
  0
POINT
  5
BB5
330
B51
100
AcDbEntity
  8
Defpoints
 62
     0
100
AcDbPoint
 10
859.0584191225978
 20
277.6120309045106
 30
0.0
  0
POINT
  5
BB6
330
B51
100
AcDbEntity
  8
Defpoints
 62
     0
100
AcDbPoint
 10
859.0584191225978
 20
349.3194737511536
 30
0.0
  0
ENDBLK
  5
B53
330
B51
100
AcDbEntity
  8
0
100
AcDbBlockEnd
  0
BLOCK
  5
B5C
330
B5B
100
AcDbEntity
  8
0
100
AcDbBlockBegin
  2
_D_22
 70
     0
 10
0.0
 20
0.0
 30
0.0
  3
_D_22
  1

  0
LINE
  5
B5E
330
B5B
100
AcDbEntity
  8
0
  6
Continuous
 62
     0
370
    -2
100
AcDbLine
 10
885.5584191225981
 20
277.6745309045105
 30
0.0
 11
885.5584191225981
 21
312.4041542600661
 31
0.0
  0
LINE
  5
B5F
330
B5B
100
AcDbEntity
  8
0
  6
Continuous
 62
     0
370
    -2
100
AcDbLine
 10
920.208419122598
 20
277.6745309045105
 30
0.0
 11
920.208419122598
 21
312.4041542600661
 31
0.0
  0
LINE
  5
B60
330
B5B
100
AcDbEntity
  8
0
  6
Continuous
 62
     0
370
    -2
100
AcDbLine
 10
889.1144191225981
 20
312.4041542600661
 30
0.0
 11
916.6524191225979
 21
312.4041542600661
 31
0.0
  0
INSERT
  5
B61
330
B5B
100
AcDbEntity
  8
0
 62
     0
370
    -2
100
AcDbBlockReference
  2
_Closed
 10
885.5584191225981
 20
312.4041542600661
 30
0.0
 41
3.556
 42
3.556
 43
3.556
 50
180.0
  0
INSERT
  5
B62
330
B5B
100
AcDbEntity
  8
0
 62
     0
370
    -2
100
AcDbBlockReference
  2
_Closed
 10
920.208419122598
 20
312.4041542600661
 30
0.0
 41
3.556
 42
3.556
 43
3.556
  0
MTEXT
  5
B63
330
B5B
100
AcDbEntity
  8
0
 62
     0
370
    18
100
AcDbMText
 10
900.8854341982695
 20
316.7791542600661
 30
0.0
 40
3.5
 41
0.0
 46
0.0
 71
     2
 72
     1
  1
\A1;693.00(TYP)
  7
SLDTEXTSTYLE0
 73
     1
 44
1.0
  0
POINT
  5
B64
330
B5B
100
AcDbEntity
  8
Defpoints
 62
     0
100
AcDbPoint
 10
885.5584191225981
 20
277.6120309045106
 30
0.0
  0
POINT
  5
B65
330
B5B
100
AcDbEntity
  8
Defpoints
 62
     0
100
AcDbPoint
 10
920.208419122598
 20
277.6120309045106
 30
0.0
  0
POINT
  5
B66
330
B5B
100
AcDbEntity
  8
Defpoints
 62
     0
100
AcDbPoint
 10
920.208419122598
 20
312.4041542600661
 30
0.0
  0
ENDBLK
  5
B5D
330
B5B
100
AcDbEntity
  8
0
100
AcDbBlockEnd
  0
BLOCK
  5
B69
330
B68
100
AcDbEntity
  8
0
100
AcDbBlockBegin
  2
_D_23
 70
     0
 10
0.0
 20
0.0
 30
0.0
  3
_D_23
  1

  0
LINE
  5
B6B
330
B68
100
AcDbEntity
  8
0
  6
Continuous
 62
     0
370
    -2
100
AcDbLine
 10
852.9959191225978
 20
260.1120309045106
 30
0.0
 11
827.733419122598
 21
260.1120309045104
 31
0.0
  0
LINE
  5
B6C
330
B68
100
AcDbEntity
  8
0
  6
Continuous
 62
     0
370
    -2
100
AcDbLine
 10
852.9959191225978
 20
236.2620309045106
 30
0.0
 11
827.733419122598
 21
236.2620309045105
 31
0.0
  0
LINE
  5
B6D
330
B68
100
AcDbEntity
  8
0
  6
Continuous
 62
     0
370
    -2
100
AcDbLine
 10
827.733419122598
 20
256.5560309045105
 30
0.0
 11
827.733419122598
 21
239.8180309045105
 31
0.0
  0
INSERT
  5
B6E
330
B68
100
AcDbEntity
  8
0
 62
     0
370
    -2
100
AcDbBlockReference
  2
_Closed
 10
827.733419122598
 20
260.1120309045104
 30
0.0
 41
3.556
 42
3.556
 43
3.556
 50
90.00000000000028
  0
INSERT
  5
B6F
330
B68
100
AcDbEntity
  8
0
 62
     0
370
    -2
100
AcDbBlockReference
  2
_Closed
 10
827.733419122598
 20
236.2620309045105
 30
0.0
 41
3.556
 42
3.556
 43
3.556
 50
270.0000000000002
  0
MTEXT
  5
B70
330
B68
100
AcDbEntity
  8
0
 62
     0
370
    18
100
AcDbMText
 10
823.3584191225979
 20
248.2865483111591
 30
0.0
 40
3.5
 41
0.0
 46
0.0
 71
     2
 72
     1
  1
\A1;477.00(TYP)
  7
SLDTEXTSTYLE0
 11
-0.0000000000000048
 21
1.0
 31
0.0
 73
     1
 44
1.0
  0
POINT
  5
B71
330
B68
100
AcDbEntity
  8
Defpoints
 62
     0
100
AcDbPoint
 10
853.058419122598
 20
260.1120309045106
 30
0.0
  0
POINT
  5
B72
330
B68
100
AcDbEntity
  8
Defpoints
 62
     0
100
AcDbPoint
 10
853.058419122598
 20
236.2620309045106
 30
0.0
  0
POINT
  5
B73
330
B68
100
AcDbEntity
  8
Defpoints
 62
     0
100
AcDbPoint
 10
827.733419122598
 20
236.2620309045105
 30
0.0
  0
ENDBLK
  5
B6A
330
B68
100
AcDbEntity
  8
0
100
AcDbBlockEnd
  0
BLOCK
  5
2765
330
2762
100
AcDbEntity
  8
0
100
AcDbBlockBegin
  2
A$7EA4AF10D2B1
 70
     0
 10
0.0
 20
0.0
 30
0.0
  3
A$7EA4AF10D2B1
  1

  0
LINE
  5
2763
330
2762
100
AcDbEntity
  8
0
 62
     1
100
AcDbLine
 10
0.8333333333332575
 20
2.5
 30
0.0
 11
0.8333333333332575
 21
0.0
 31
0.0
  0
SOLID
  5
2764
330
2762
100
AcDbEntity
  8
0
 62
     1
100
AcDbTrace
 10
1.666666666666514
 20
2.5
 30
0.0
 11
0.0
 21
2.5
 31
0.0
 12
0.8333333333332575
 22
7.5
 32
0.0
 13
0.8333333333332575
 23
7.5
 33
0.0
  0
ENDBLK
  5
2766
330
2762
100
AcDbEntity
  8
0
100
AcDbBlockEnd
  0
BLOCK
  5
2783
330
2780
100
AcDbEntity
  8
0
100
AcDbBlockBegin
  2
A$7EA4AF11739A
 70
     0
 10
0.0
 20
0.0
 30
0.0
  3
A$7EA4AF11739A
  1

  0
LINE
  5
2781
330
2780
100
AcDbEntity
  8
0
 62
     1
100
AcDbLine
 10
0.8333333333332575
 20
7.899346241071952
 30
0.0
 11
0.8333333333332575
 21
0.0
 31
0.0
  0
SOLID
  5
2782
330
2780
100
AcDbEntity
  8
0
 62
     1
100
AcDbTrace
 10
1.666666666666514
 20
7.899346241071952
 30
0.0
 11
0.0
 21
7.899346241071952
 31
0.0
 12
0.8333333333332575
 22
12.89934624107195
 32
0.0
 13
0.8333333333332575
 23
12.89934624107195
 33
0.0
  0
ENDBLK
  5
2784
330
2780
100
AcDbEntity
  8
0
100
AcDbBlockEnd
  0
BLOCK
  5
281C
330
281A
100
AcDbEntity
  8
0
100
AcDbBlockBegin
  2
A$7EA4AF1D6294
 70
     0
 10
0.0
 20
0.0
 30
0.0
  3
A$7EA4AF1D6294
  1

  0
INSERT
  5
281B
330
281A
100
AcDbEntity
  8
0
100
AcDbBlockReference
  2
A$7EA4AF11739A
 10
0.0
 20
0.0
 30
0.0
 41
2.0
 42
2.0
 43
2.0
  0
ENDBLK
  5
281D
330
281A
100
AcDbEntity
  8
0
100
AcDbBlockEnd
  0
BLOCK
  5
2822
330
2820
100
AcDbEntity
  8
0
100
AcDbBlockBegin
  2
A$7EA4AF1DE144
 70
     0
 10
0.0
 20
0.0
 30
0.0
  3
A$7EA4AF1DE144
  1

  0
INSERT
  5
2821
330
2820
100
AcDbEntity
  8
0
100
AcDbBlockReference
  2
A$7EA4AF11739A
 10
0.0
 20
0.0
 30
0.0
 41
2.0
 42
2.0
 43
2.0
  0
ENDBLK
  5
2823
330
2820
100
AcDbEntity
  8
0
100
AcDbBlockEnd
  0
BLOCK
  5
282A
330
2827
100
AcDbEntity
  8
0
100
AcDbBlockBegin
  2
A$7EA4AF1D21269
 70
     0
 10
0.0
 20
0.0
 30
0.0
  3
A$7EA4AF1D21269
  1

  0
LINE
  5
2828
330
2827
100
AcDbEntity
  8
0
 62
     1
100
AcDbLine
 10
1.083333333333257
 20
44.61121114095249
 30
0.0
 11
1.083333333333257
 21
0.0
 31
0.0
  0
SOLID
  5
2829
330
2827
100
AcDbEntity
  8
0
 62
     1
100
AcDbTrace
 10
2.166666666666515
 20
44.61121114095249
 30
0.0
 11
0.0
 21
44.61121114095249
 31
0.0
 12
1.083333333333484
 22
51.11121114095249
 32
0.0
 13
1.083333333333484
 23
51.11121114095249
 33
0.0
  0
ENDBLK
  5
282B
330
2827
100
AcDbEntity
  8
0
100
AcDbBlockEnd
  0
BLOCK
  5
28EB
330
28E5
100
AcDbEntity
  8
0
100
AcDbBlockBegin
  2
A$7EA4AF22103A6
 70
     0
 10
0.0
 20
0.0
 30
0.0
  3
A$7EA4AF22103A6
  1

  0
INSERT
  5
28E6
330
28E5
100
AcDbEntity
  8
0
100
AcDbBlockReference
  2
A$7EA4AF1D21269
 10
19.97911765292292
 20
35.38022131074445
 30
0.0
 50
228.6705486327161
  0
LINE
  5
28E7
330
28E5
100
AcDbEntity
  8
0
 62
     1
100
AcDbLine
 10
19.26369759254476
 20
34.56671946789504
 30
0.0
 11
0.0
 21
34.56671946789504
 31
0.0
  0
CIRCLE
  5
28E8
330
28E5
100
AcDbEntity
  8
0
 62
     1
100
AcDbCircle
 10
19.26369759254476
 20
34.56671946789504
 30
0.0
 40
1.645120567847583
  0
LINE
  5
28E9
330
28E5
100
AcDbEntity
  8
0
 62
     1
100
AcDbLine
 10
9.631848796272151
 20
34.56671946789504
 30
0.0
 11
9.631848796272151
 21
30.34336205397086
 31
0.0
  0
LINE
  5
28EA
330
28E5
100
AcDbEntity
  8
0
 62
     1
100
AcDbLine
 10
9.631848796272151
 20
30.34336205397086
 30
0.0
 11
13.76054250796687
 21
34.56671946789504
 31
0.0
  0
ENDBLK
  5
28EC
330
28E5
100
AcDbEntity
  8
0
100
AcDbBlockEnd
  0
BLOCK
  5
2907
330
2900
100
AcDbEntity
  8
0
100
AcDbBlockBegin
  2
A$7EA4AF23A77
 70
     0
 10
0.0
 20
0.0
 30
0.0
  3
A$7EA4AF23A77
  1

  0
LINE
  5
2901
330
2900
100
AcDbEntity
  8
0
 62
     4
100
AcDbLine
 10
52.76336141553975
 20
4.292520362269669
 30
0.0
 11
19.26369759254476
 21
33.75321762504587
 31
0.0
  0
SOLID
  5
2902
330
2900
100
AcDbEntity
  8
0
 62
     4
100
AcDbTrace
 10
52.04794135516158
 20
3.479018519420263
 30
0.0
 11
53.4787814759179
 21
5.106022205119188
 31
0.0
 12
57.64437247263639
 22
0.0
 32
0.0
 13
57.64437247263639
 23
0.0
 33
0.0
  0
LINE
  5
2903
330
2900
100
AcDbEntity
  8
0
 62
     4
100
AcDbLine
 10
19.26369759254476
 20
33.75321762504587
 30
0.0
 11
0.0
 21
33.75321762504587
 31
0.0
  0
CIRCLE
  5
2904
330
2900
100
AcDbEntity
  8
0
 62
     4
100
AcDbCircle
 10
19.26369759254476
 20
33.75321762504587
 30
0.0
 40
1.645120567847583
  0
LINE
  5
2905
330
2900
100
AcDbEntity
  8
0
 62
     4
100
AcDbLine
 10
9.631848796272151
 20
33.75321762504587
 30
0.0
 11
9.631848796272151
 21
29.52986021112167
 31
0.0
  0
LINE
  5
2906
330
2900
100
AcDbEntity
  8
0
 62
     4
100
AcDbLine
 10
9.631848796272151
 20
29.52986021112167
 30
0.0
 11
13.76054250796687
 21
33.75321762504587
 31
0.0
  0
ENDBLK
  5
2908
330
2900
100
AcDbEntity
  8
0
100
AcDbBlockEnd
  0
BLOCK
  5
362E
330
362D
100
AcDbEntity
  8
0
100
AcDbBlockBegin
  2
*D33
 70
     1
 10
0.0
 20
0.0
 30
0.0
  3
*D33
  1

  0
LINE
  5
362F
330
362D
100
AcDbEntity
  8
0
 62
     0
440
 16777216
370
    -2
100
AcDbLine
 10
1913.45283337572
 20
299.053423266702
 30
0.0
 11
1885.889114379883
 21
299.053423266702
 31
0.0
  0
LINE
  5
3630
330
362D
100
AcDbEntity
  8
0
 62
     0
440
 16777216
370
    -2
100
AcDbLine
 10
1913.45283337572
 20
179.053423266702
 30
0.0
 11
1885.889114379883
 21
179.053423266702
 31
0.0
  0
LINE
  5
3631
330
362D
100
AcDbEntity
  8
0
 62
     0
440
 16777216
370
    -2
100
AcDbLine
 10
1887.889114379883
 20
294.053423266702
 30
0.0
 11
1887.889114379883
 21
244.053423266702
 31
0.0
  0
LINE
  5
3632
330
362D
100
AcDbEntity
  8
0
 62
     0
440
 16777216
370
    -2
100
AcDbLine
 10
1887.889114379883
 20
184.053423266702
 30
0.0
 11
1887.889114379883
 21
234.053423266702
 31
0.0
  0
SOLID
  5
3633
330
362D
100
AcDbEntity
  8
0
 62
     0
440
 16777216
100
AcDbTrace
 10
1888.722447713216
 20
294.053423266702
 30
0.0
 11
1887.055781046549
 21
294.053423266702
 31
0.0
 12
1887.889114379883
 22
299.053423266702
 32
0.0
 13
1887.889114379883
 23
299.053423266702
 33
0.0
  0
SOLID
  5
3634
330
362D
100
AcDbEntity
  8
0
 62
     0
440
 16777216
100
AcDbTrace
 10
1887.055781046549
 20
184.053423266702
 30
0.0
 11
1888.722447713216
 21
184.053423266702
 31
0.0
 12
1887.889114379883
 22
179.053423266702
 32
0.0
 13
1887.889114379883
 23
179.053423266702
 33
0.0
  0
MTEXT
  5
3635
330
362D
100
AcDbEntity
  8
0
 62
     0
440
 16777216
100
AcDbMText
 10
1887.889114379883
 20
239.053423266702
 30
0.0
 40
5.0
 41
0.0
 46
0.0
 71
     5
 72
     1
  1
120
 73
     1
 44
1.0
  0
POINT
  5
3636
330
362D
100
AcDbEntity
  8
Defpoints
 62
     0
440
 16777216
100
AcDbPoint
 10
1915.45283337572
 20
299.053423266702
 30
0.0
  0
POINT
  5
3637
330
362D
100
AcDbEntity
  8
Defpoints
 62
     0
440
 16777216
100
AcDbPoint
 10
1915.45283337572
 20
179.053423266702
 30
0.0
  0
POINT
  5
3638
330
362D
100
AcDbEntity
  8
Defpoints
 62
     0
440
 16777216
100
AcDbPoint
 10
1887.889114379883
 20
179.053423266702
 30
0.0
  0
ENDBLK
  5
3639
330
362D
100
AcDbEntity
  8
0
100
AcDbBlockEnd
  0
BLOCK
  5
363E
330
363D
100
AcDbEntity
  8
0
100
AcDbBlockBegin
  2
*D34
 70
     1
 10
0.0
 20
0.0
 30
0.0
  3
*D34
  1

  0
LINE
  5
363F
330
363D
100
AcDbEntity
  8
0
 62
     0
440
 16777216
370
    -2
100
AcDbLine
 10
1915.45283337572
 20
177.053423266702
 30
0.0
 11
1915.45283337572
 21
152.1565288357935
 31
0.0
  0
LINE
  5
3640
330
363D
100
AcDbEntity
  8
0
 62
     0
440
 16777216
370
    -2
100
AcDbLine
 10
2035.45283337572
 20
177.053423266702
 30
0.0
 11
2035.45283337572
 21
152.1565288357935
 31
0.0
  0
LINE
  5
3641
330
363D
100
AcDbEntity
  8
0
 62
     0
440
 16777216
370
    -2
100
AcDbLine
 10
1920.45283337572
 20
154.1565288357935
 30
0.0
 11
1967.536166709053
 21
154.1565288357935
 31
0.0
  0
LINE
  5
3642
330
363D
100
AcDbEntity
  8
0
 62
     0
440
 16777216
370
    -2
100
AcDbLine
 10
2030.45283337572
 20
154.1565288357935
 30
0.0
 11
1983.369500042387
 21
154.1565288357935
 31
0.0
  0
SOLID
  5
3643
330
363D
100
AcDbEntity
  8
0
 62
     0
440
 16777216
100
AcDbTrace
 10
1920.45283337572
 20
154.9898621691268
 30
0.0
 11
1920.45283337572
 21
153.3231955024601
 31
0.0
 12
1915.45283337572
 22
154.1565288357935
 32
0.0
 13
1915.45283337572
 23
154.1565288357935
 33
0.0
  0
SOLID
  5
3644
330
363D
100
AcDbEntity
  8
0
 62
     0
440
 16777216
100
AcDbTrace
 10
2030.45283337572
 20
153.3231955024601
 30
0.0
 11
2030.45283337572
 21
154.9898621691268
 31
0.0
 12
2035.45283337572
 22
154.1565288357935
 32
0.0
 13
2035.45283337572
 23
154.1565288357935
 33
0.0
  0
MTEXT
  5
3645
330
363D
100
AcDbEntity
  8
0
 62
     0
440
 16777216
100
AcDbMText
 10
1975.45283337572
 20
154.1565288357935
 30
0.0
 40
5.0
 41
0.0
 46
0.0
 71
     5
 72
     1
  1
120
 73
     1
 44
1.0
  0
POINT
  5
3646
330
363D
100
AcDbEntity
  8
Defpoints
 62
     0
440
 16777216
100
AcDbPoint
 10
1915.45283337572
 20
179.053423266702
 30
0.0
  0
POINT
  5
3647
330
363D
100
AcDbEntity
  8
Defpoints
 62
     0
440
 16777216
100
AcDbPoint
 10
2035.45283337572
 20
179.053423266702
 30
0.0
  0
POINT
  5
3648
330
363D
100
AcDbEntity
  8
Defpoints
 62
     0
440
 16777216
100
AcDbPoint
 10
2035.45283337572
 20
154.1565288357935
 30
0.0
  0
ENDBLK
  5
3649
330
363D
100
AcDbEntity
  8
0
100
AcDbBlockEnd
  0
BLOCK
  5
364E
330
364D
100
AcDbEntity
  8
0
100
AcDbBlockBegin
  2
*D35
 70
     1
 10
0.0
 20
0.0
 30
0.0
  3
*D35
  1

  0
LINE
  5
364F
330
364D
100
AcDbEntity
  8
0
 62
     0
440
 16777216
370
    -2
100
AcDbLine
 10
2165.149867443629
 20
285.6248087986632
 30
0.0
 11
2133.481495768866
 21
285.6248087986632
 31
0.0
  0
LINE
  5
3650
330
364D
100
AcDbEntity
  8
0
 62
     0
440
 16777216
370
    -2
100
AcDbLine
 10
2165.149867443629
 20
165.6248087986632
 30
0.0
 11
2133.481495768866
 21
165.6248087986632
 31
0.0
  0
LINE
  5
3651
330
364D
100
AcDbEntity
  8
0
 62
     0
440
 16777216
370
    -2
100
AcDbLine
 10
2135.481495768866
 20
280.6248087986633
 30
0.0
 11
2135.481495768866
 21
230.6248087986634
 31
0.0
  0
LINE
  5
3652
330
364D
100
AcDbEntity
  8
0
 62
     0
440
 16777216
370
    -2
100
AcDbLine
 10
2135.481495768866
 20
170.6248087986632
 30
0.0
 11
2135.481495768866
 21
220.6248087986633
 31
0.0
  0
SOLID
  5
3653
330
364D
100
AcDbEntity
  8
0
 62
     0
440
 16777216
100
AcDbTrace
 10
2136.314829102199
 20
280.6248087986633
 30
0.0
 11
2134.648162435532
 21
280.6248087986633
 31
0.0
 12
2135.481495768866
 22
285.6248087986632
 32
0.0
 13
2135.481495768866
 23
285.6248087986632
 33
0.0
  0
SOLID
  5
3654
330
364D
100
AcDbEntity
  8
0
 62
     0
440
 16777216
100
AcDbTrace
 10
2134.648162435532
 20
170.6248087986632
 30
0.0
 11
2136.314829102199
 21
170.6248087986632
 31
0.0
 12
2135.481495768866
 22
165.6248087986632
 32
0.0
 13
2135.481495768866
 23
165.6248087986632
 33
0.0
  0
MTEXT
  5
3655
330
364D
100
AcDbEntity
  8
0
 62
     0
440
 16777216
100
AcDbMText
 10
2135.481495768866
 20
225.6248087986632
 30
0.0
 40
5.0
 41
0.0
 46
0.0
 71
     5
 72
     1
  1
120
 73
     1
 44
1.0
  0
POINT
  5
3656
330
364D
100
AcDbEntity
  8
Defpoints
 62
     0
440
 16777216
100
AcDbPoint
 10
2167.14986744363
 20
285.6248087986632
 30
0.0
  0
POINT
  5
3657
330
364D
100
AcDbEntity
  8
Defpoints
 62
     0
440
 16777216
100
AcDbPoint
 10
2167.14986744363
 20
165.6248087986632
 30
0.0
  0
POINT
  5
3658
330
364D
100
AcDbEntity
  8
Defpoints
 62
     0
440
 16777216
100
AcDbPoint
 10
2135.481495768866
 20
165.6248087986632
 30
0.0
  0
ENDBLK
  5
3659
330
364D
100
AcDbEntity
  8
0
100
AcDbBlockEnd
  0
BLOCK
  5
365E
330
365D
100
AcDbEntity
  8
0
100
AcDbBlockBegin
  2
*D36
 70
     1
 10
0.0
 20
0.0
 30
0.0
  3
*D36
  1

  0
LINE
  5
365F
330
365D
100
AcDbEntity
  8
0
 62
     0
440
 16777216
370
    -2
100
AcDbLine
 10
2167.14986744363
 20
163.6248087986632
 30
0.0
 11
2167.14986744363
 21
148.6710685198912
 31
0.0
  0
LINE
  5
3660
330
365D
100
AcDbEntity
  8
0
 62
     0
440
 16777216
370
    -2
100
AcDbLine
 10
2175.14986744363
 20
163.6248087986632
 30
0.0
 11
2175.14986744363
 21
148.6710685198912
 31
0.0
  0
LINE
  5
3661
330
365D
100
AcDbEntity
  8
0
 62
     0
440
 16777216
370
    -2
100
AcDbLine
 10
2175.14986744363
 20
150.6710685198912
 30
0.0
 11
2185.149867443629
 21
150.6710685198912
 31
0.0
  0
LINE
  5
3662
330
365D
100
AcDbEntity
  8
0
 62
     0
440
 16777216
370
    -2
100
AcDbLine
 10
2167.14986744363
 20
150.6710685198912
 30
0.0
 11
2175.14986744363
 21
150.6710685198912
 31
0.0
  0
LINE
  5
3663
330
365D
100
AcDbEntity
  8
0
 62
     0
440
 16777216
370
    -2
100
AcDbLine
 10
2162.149867443629
 20
150.6710685198912
 30
0.0
 11
2157.14986744363
 21
150.6710685198912
 31
0.0
  0
LINE
  5
3664
330
365D
100
AcDbEntity
  8
0
 62
     0
440
 16777216
370
    -2
100
AcDbLine
 10
2180.149867443629
 20
150.6710685198912
 30
0.0
 11
2185.149867443629
 21
150.6710685198912
 31
0.0
  0
SOLID
  5
3665
330
365D
100
AcDbEntity
  8
0
 62
     0
440
 16777216
100
AcDbTrace
 10
2162.149867443629
 20
149.8377351865578
 30
0.0
 11
2162.149867443629
 21
151.5044018532245
 31
0.0
 12
2167.14986744363
 22
150.6710685198912
 32
0.0
 13
2167.14986744363
 23
150.6710685198912
 33
0.0
  0
SOLID
  5
3666
330
365D
100
AcDbEntity
  8
0
 62
     0
440
 16777216
100
AcDbTrace
 10
2180.149867443629
 20
151.5044018532245
 30
0.0
 11
2180.149867443629
 21
149.8377351865578
 31
0.0
 12
2175.14986744363
 22
150.6710685198912
 32
0.0
 13
2175.14986744363
 23
150.6710685198912
 33
0.0
  0
MTEXT
  5
3667
330
365D
100
AcDbEntity
  8
0
 62
     0
440
 16777216
100
AcDbMText
 10
2189.316534110296
 20
150.6710685198912
 30
0.0
 40
5.0
 41
0.0
 46
0.0
 71
     5
 72
     1
  1
8
 73
     1
 44
1.0
  0
POINT
  5
3668
330
365D
100
AcDbEntity
  8
Defpoints
 62
     0
440
 16777216
100
AcDbPoint
 10
2167.14986744363
 20
165.6248087986632
 30
0.0
  0
POINT
  5
3669
330
365D
100
AcDbEntity
  8
Defpoints
 62
     0
440
 16777216
100
AcDbPoint
 10
2175.14986744363
 20
165.6248087986632
 30
0.0
  0
POINT
  5
366A
330
365D
100
AcDbEntity
  8
Defpoints
 62
     0
440
 16777216
100
AcDbPoint
 10
2175.14986744363
 20
150.6710685198912
 30
0.0
  0
ENDBLK
  5
366B
330
365D
100
AcDbEntity
  8
0
100
AcDbBlockEnd
  0
BLOCK
  5
3673
330
3672
100
AcDbEntity
  8
0
100
AcDbBlockBegin
  2
*D37
 70
     1
 10
0.0
 20
0.0
 30
0.0
  3
*D37
  1

  0
LINE
  5
3674
330
3672
100
AcDbEntity
  8
0
 62
     0
440
 16777216
370
    -2
100
AcDbLine
 10
2037.45283337572
 20
187.053423266702
 30
0.0
 11
2057.539752143203
 21
187.053423266702
 31
0.0
  0
LINE
  5
3675
330
3672
100
AcDbEntity
  8
0
 62
     0
440
 16777216
370
    -2
100
AcDbLine
 10
2037.45283337572
 20
179.053423266702
 30
0.0
 11
2057.539752143203
 21
179.053423266702
 31
0.0
  0
LINE
  5
3676
330
3672
100
AcDbEntity
  8
0
 62
     0
440
 16777216
370
    -2
100
AcDbLine
 10
2055.539752143204
 20
179.053423266702
 30
0.0
 11
2055.539752143204
 21
169.053423266702
 31
0.0
  0
LINE
  5
3677
330
3672
100
AcDbEntity
  8
0
 62
     0
440
 16777216
370
    -2
100
AcDbLine
 10
2055.539752143204
 20
187.053423266702
 30
0.0
 11
2055.539752143204
 21
179.053423266702
 31
0.0
  0
LINE
  5
3678
330
3672
100
AcDbEntity
  8
0
 62
     0
440
 16777216
370
    -2
100
AcDbLine
 10
2055.539752143204
 20
192.053423266702
 30
0.0
 11
2055.539752143204
 21
197.053423266702
 31
0.0
  0
LINE
  5
3679
330
3672
100
AcDbEntity
  8
0
 62
     0
440
 16777216
370
    -2
100
AcDbLine
 10
2055.539752143204
 20
174.053423266702
 30
0.0
 11
2055.539752143204
 21
169.053423266702
 31
0.0
  0
SOLID
  5
367A
330
3672
100
AcDbEntity
  8
0
 62
     0
440
 16777216
100
AcDbTrace
 10
2054.706418809869
 20
192.053423266702
 30
0.0
 11
2056.373085476536
 21
192.053423266702
 31
0.0
 12
2055.539752143204
 22
187.053423266702
 32
0.0
 13
2055.539752143204
 23
187.053423266702
 33
0.0
  0
SOLID
  5
367B
330
3672
100
AcDbEntity
  8
0
 62
     0
440
 16777216
100
AcDbTrace
 10
2056.373085476536
 20
174.053423266702
 30
0.0
 11
2054.706418809869
 21
174.053423266702
 31
0.0
 12
2055.539752143204
 22
179.053423266702
 32
0.0
 13
2055.539752143204
 23
179.053423266702
 33
0.0
  0
MTEXT
  5
367C
330
3672
100
AcDbEntity
  8
0
 62
     0
440
 16777216
100
AcDbMText
 10
2055.539752143204
 20
164.8867566000352
 30
0.0
 40
5.0
 41
0.0
 46
0.0
 71
     5
 72
     1
  1
8
 11
0.0
 21
1.0
 31
0.0
 73
     1
 44
1.0
  0
POINT
  5
367D
330
3672
100
AcDbEntity
  8
Defpoints
 62
     0
440
 16777216
100
AcDbPoint
 10
2035.45283337572
 20
187.053423266702
 30
0.0
  0
POINT
  5
367E
330
3672
100
AcDbEntity
  8
Defpoints
 62
     0
440
 16777216
100
AcDbPoint
 10
2035.45283337572
 20
179.053423266702
 30
0.0
  0
POINT
  5
367F
330
3672
100
AcDbEntity
  8
Defpoints
 62
     0
440
 16777216
100
AcDbPoint
 10
2055.539752143204
 20
179.053423266702
 30
0.0
  0
ENDBLK
  5
3680
330
3672
100
AcDbEntity
  8
0
100
AcDbBlockEnd
  0
BLOCK
  5
3A05
330
39FD
100
AcDbEntity
  8
0
100
AcDbBlockBegin
  2
A$7EA417121E3B2C0
 70
     0
 10
0.0
 20
0.0
 30
0.0
  3
A$7EA417121E3B2C0
  1

  0
LWPOLYLINE
  5
39FE
330
39FD
100
AcDbEntity
  8
0
100
AcDbPolyline
 90
        4
 70
     1
 43
0.0
 10
32.82375045769004
 20
3.661782033228631
 10
30.37137312357527
 20
3.661782033228631
 10
30.37137312357527
 20
34.26925283696585
 10
32.82375045769004
 20
34.26925283696585
  0
LWPOLYLINE
  5
39FF
330
39FD
100
AcDbEntity
  8
0
100
AcDbPolyline
 90
        4
 70
     0
 43
0.0
 10
112.82375045769
 20
9.477434276217763
 10
97.82375045769006
 20
9.477434276217763
 10
47.82375045769003
 20
9.477434276217763
 10
32.82375045769004
 20
9.477434276217763
  0
LWPOLYLINE
  5
3A00
330
39FD
100
AcDbEntity
  8
0
100
AcDbPolyline
 90
        4
 70
     0
 43
0.0
 10
32.82375045769004
 20
28.45360059397672
 10
47.82375045769003
 20
28.45360059397672
 10
97.82375045769006
 20
28.45360059397672
 10
112.82375045769
 20
28.45360059397672
  0
LWPOLYLINE
  5
3A01
330
39FD
100
AcDbEntity
  8
0
100
AcDbPolyline
 90
        4
 70
     1
 43
0.0
 10
30.37137312357527
 20
10.20777493960622
 10
27.91899578946051
 20
10.20777493960622
 10
27.91899578946051
 20
27.72325993058814
 10
30.37137312357527
 20
27.72325993058814
  0
CIRCLE
  5
3A02
330
39FD
100
AcDbEntity
  8
0
100
AcDbCircle
 10
15.07813712662073
 20
18.96551743509713
 30
0.0
 40
5.672855916614139
  0
LWPOLYLINE
  5
3A03
330
39FD
100
AcDbEntity
  8
0
100
AcDbPolyline
 90
        8
 70
     1
 43
0.0
 10
47.82375045769003
 20
83.66178203322851
 42
-0.9999999999999998
 10
97.82375045769006
 20
83.66178203322863
 10
97.82375045769006
 20
3.661782033228518
 42
0.4882376044304701
 10
112.82375045769
 20
3.661782033228518
 10
112.82375045769
 20
83.66178203322851
 42
0.9999999999999998
 10
32.82375045769004
 20
83.66178203322851
 10
32.82375045769004
 20
3.661782033228631
 42
0.4882376044304701
 10
47.82375045769003
 20
3.661782033228518
  0
LWPOLYLINE
  5
3A04
330
39FD
100
AcDbEntity
  8
0
100
AcDbPolyline
 90
        4
 70
     0
 43
0.0
 10
27.91899578946051
 20
27.72325993058814
 10
5.636279570683655
 20
34.58630943197773
 42
0.3608190654999641
 10
5.636279570683655
 20
3.344725438216754
 10
27.91899578946051
 20
10.20777493960633
  0
ENDBLK
  5
3A06
330
39FD
100
AcDbEntity
  8
0
100
AcDbBlockEnd
  0
BLOCK
  5
3C69
330
3C68
100
AcDbEntity
  8
0
100
AcDbBlockBegin
  2
*D39
 70
     1
 10
0.0
 20
0.0
 30
0.0
  3
*D39
  1

  0
LINE
  5
3C6B
330
3C68
100
AcDbEntity
  8
0
 62
     0
440
 16777216
370
    -2
100
AcDbLine
 10
2195.661256040325
 20
530.3542075359048
 30
0.0
 11
2195.661256040325
 21
479.4569689107251
 31
0.0
  0
LINE
  5
3C6C
330
3C68
100
AcDbEntity
  8
0
 62
     0
440
 16777216
370
    -2
100
AcDbLine
 10
2340.61477391665
 20
530.3542075359048
 30
0.0
 11
2340.61477391665
 21
479.4569689107251
 31
0.0
  0
LINE
  5
3C6D
330
3C68
100
AcDbEntity
  8
0
 62
     0
440
 16777216
370
    -2
100
AcDbLine
 10
2200.661256040325
 20
481.456968910725
 30
0.0
 11
2259.589154552463
 21
481.456968910725
 31
0.0
  0
LINE
  5
3C6E
330
3C68
100
AcDbEntity
  8
0
 62
     0
440
 16777216
370
    -2
100
AcDbLine
 10
2335.61477391665
 20
481.456968910725
 30
0.0
 11
2277.089154552463
 21
481.456968910725
 31
0.0
  0
SOLID
  5
3C6F
330
3C68
100
AcDbEntity
  8
0
 62
     0
440
 16777216
100
AcDbTrace
 10
2200.661256040325
 20
482.2903022440583
 30
0.0
 11
2200.661256040325
 21
480.6236355773918
 31
0.0
 12
2195.661256040325
 22
481.456968910725
 32
0.0
 13
2195.661256040325
 23
481.456968910725
 33
0.0
  0
SOLID
  5
3C70
330
3C68
100
AcDbEntity
  8
0
 62
     0
440
 16777216
100
AcDbTrace
 10
2335.61477391665
 20
480.6236355773918
 30
0.0
 11
2335.61477391665
 21
482.2903022440583
 31
0.0
 12
2340.61477391665
 22
481.456968910725
 32
0.0
 13
2340.61477391665
 23
481.456968910725
 33
0.0
  0
MTEXT
  5
3C71
330
3C68
100
AcDbEntity
  8
0
 62
     0
440
 16777216
100
AcDbMText
 10
2268.339154552463
 20
481.456968910725
 30
0.0
 40
5.0
 41
0.0
 46
0.0
 71
     5
 72
     1
  1
290
 73
     1
 44
1.0
  0
POINT
  5
3C72
330
3C68
100
AcDbEntity
  8
Defpoints
 62
     0
440
 16777216
100
AcDbPoint
 10
2195.661256040325
 20
532.3542075359048
 30
0.0
  0
POINT
  5
3C73
330
3C68
100
AcDbEntity
  8
Defpoints
 62
     0
440
 16777216
100
AcDbPoint
 10
2340.61477391665
 20
532.3542075359048
 30
0.0
  0
POINT
  5
3C74
330
3C68
100
AcDbEntity
  8
Defpoints
 62
     0
440
 16777216
100
AcDbPoint
 10
2340.61477391665
 20
481.456968910725
 30
0.0
  0
ENDBLK
  5
3C6A
330
3C68
100
AcDbEntity
  8
0
100
AcDbBlockEnd
  0
BLOCK
  5
3DB3
330
3DAC
100
AcDbEntity
  8
0
100
AcDbBlockBegin
  2
A$7EA418E27342A9
 70
     0
 10
0.0
 20
0.0
 30
0.0
  3
A$7EA418E27342A9
  1

  0
LINE
  5
3DAD
330
3DAC
100
AcDbEntity
  8
0
 62
     4
100
AcDbLine
 10
45.20083203904596
 20
4.292520362269669
 30
0.0
 11
19.26369759254521
 21
27.37450989210993
 31
0.0
  0
SOLID
  5
3DAE
330
3DAC
100
AcDbEntity
  8
0
 62
     4
100
AcDbTrace
 10
44.48541197866779
 20
3.479018519420263
 30
0.0
 11
45.91625209942413
 21
5.106022205119188
 31
0.0
 12
50.08184309614171
 22
0.0
 32
0.0
 13
50.08184309614171
 23
0.0
 33
0.0
  0
LINE
  5
3DAF
330
3DAC
100
AcDbEntity
  8
0
 62
     4
100
AcDbLine
 10
19.26369759254521
 20
27.37450989210993
 30
0.0
 11
0.0
 21
27.37450989210993
 31
0.0
  0
CIRCLE
  5
3DB0
330
3DAC
100
AcDbEntity
  8
0
 62
     4
100
AcDbCircle
 10
19.26369759254521
 20
27.37450989210993
 30
0.0
 40
1.645120567847583
  0
LINE
  5
3DB1
330
3DAC
100
AcDbEntity
  8
0
 62
     4
100
AcDbLine
 10
9.631848796272604
 20
27.37450989210993
 30
0.0
 11
9.631848796272604
 21
23.15115247818574
 31
0.0
  0
LINE
  5
3DB2
330
3DAC
100
AcDbEntity
  8
0
 62
     4
100
AcDbLine
 10
9.631848796272604
 20
23.15115247818574
 30
0.0
 11
13.76054250796733
 21
27.37450989210993
 31
0.0
  0
ENDBLK
  5
3DB4
330
3DAC
100
AcDbEntity
  8
0
100
AcDbBlockEnd
  0
BLOCK
  5
3DBE
330
3DBD
100
AcDbEntity
  8
0
100
AcDbBlockBegin
  2
*D41
 70
     1
 10
0.0
 20
0.0
 30
0.0
  3
*D41
  1

  0
LINE
  5
3DC0
330
3DBD
100
AcDbEntity
  8
0
 62
     0
440
 16777216
370
    -2
100
AcDbLine
 10
2206.11477391665
 20
619.8542075359047
 30
0.0
 11
2163.258623892943
 21
619.8542075359047
 31
0.0
  0
LINE
  5
3DC1
330
3DBD
100
AcDbEntity
  8
0
 62
     0
440
 16777216
370
    -2
100
AcDbLine
 10
2206.11477391665
 20
519.8542075359048
 30
0.0
 11
2163.258623892943
 21
519.8542075359048
 31
0.0
  0
LINE
  5
3DC2
330
3DBD
100
AcDbEntity
  8
0
 62
     0
440
 16777216
370
    -2
100
AcDbLine
 10
2165.258623892944
 20
614.8542075359046
 30
0.0
 11
2165.258623892944
 21
574.821147399183
 31
0.0
  0
LINE
  5
3DC3
330
3DBD
100
AcDbEntity
  8
0
 62
     0
440
 16777216
370
    -2
100
AcDbLine
 10
2165.258623892944
 20
524.8542075359048
 30
0.0
 11
2165.258623892944
 21
564.821147399183
 31
0.0
  0
SOLID
  5
3DC4
330
3DBD
100
AcDbEntity
  8
0
 62
     0
440
 16777216
100
AcDbTrace
 10
2166.091957226277
 20
614.8542075359046
 30
0.0
 11
2164.425290559611
 21
614.8542075359046
 31
0.0
 12
2165.258623892944
 22
619.8542075359047
 32
0.0
 13
2165.258623892944
 23
619.8542075359047
 33
0.0
  0
SOLID
  5
3DC5
330
3DBD
100
AcDbEntity
  8
0
 62
     0
440
 16777216
100
AcDbTrace
 10
2164.425290559611
 20
524.8542075359048
 30
0.0
 11
2166.091957226277
 21
524.8542075359048
 31
0.0
 12
2165.258623892944
 22
519.8542075359048
 32
0.0
 13
2165.258623892944
 23
519.8542075359048
 33
0.0
  0
MTEXT
  5
3DC6
330
3DBD
100
AcDbEntity
  8
0
 62
     0
440
 16777216
100
AcDbMText
 10
2165.258623892944
 20
569.821147399183
 30
0.0
 40
5.0
 41
0.0
 46
0.0
 71
     5
 72
     1
  1
200
 73
     1
 44
1.0
  0
POINT
  5
3DC7
330
3DBD
100
AcDbEntity
  8
Defpoints
 62
     0
440
 16777216
100
AcDbPoint
 10
2208.11477391665
 20
619.8542075359047
 30
0.0
  0
POINT
  5
3DC8
330
3DBD
100
AcDbEntity
  8
Defpoints
 62
     0
440
 16777216
100
AcDbPoint
 10
2208.11477391665
 20
519.8542075359048
 30
0.0
  0
POINT
  5
3DC9
330
3DBD
100
AcDbEntity
  8
Defpoints
 62
     0
440
 16777216
100
AcDbPoint
 10
2165.258623892944
 20
519.8542075359048
 30
0.0
  0
ENDBLK
  5
3DBF
330
3DBD
100
AcDbEntity
  8
0
100
AcDbBlockEnd
  0
BLOCK
  5
3DCE
330
3DCD
100
AcDbEntity
  8
0
100
AcDbBlockBegin
  2
*D42
 70
     1
 10
0.0
 20
0.0
 30
0.0
  3
*D42
  1

  0
LINE
  5
3DD0
330
3DCD
100
AcDbEntity
  8
0
 62
     0
440
 16777216
370
    -2
100
AcDbLine
 10
2223.11477391665
 20
555.3542075359048
 30
0.0
 11
2223.11477391665
 21
497.7866585000374
 31
0.0
  0
LINE
  5
3DD1
330
3DCD
100
AcDbEntity
  8
0
 62
     0
440
 16777216
370
    -2
100
AcDbLine
 10
2253.11477391665
 20
555.3542075359048
 30
0.0
 11
2253.11477391665
 21
497.7866585000374
 31
0.0
  0
LINE
  5
3DD2
330
3DCD
100
AcDbEntity
  8
0
 62
     0
440
 16777216
370
    -2
100
AcDbLine
 10
2228.11477391665
 20
499.7866585000375
 30
0.0
 11
2231.86477391665
 21
499.7866585000375
 31
0.0
  0
LINE
  5
3DD3
330
3DCD
100
AcDbEntity
  8
0
 62
     0
440
 16777216
370
    -2
100
AcDbLine
 10
2248.11477391665
 20
499.7866585000375
 30
0.0
 11
2244.36477391665
 21
499.7866585000375
 31
0.0
  0
SOLID
  5
3DD4
330
3DCD
100
AcDbEntity
  8
0
 62
     0
440
 16777216
100
AcDbTrace
 10
2228.11477391665
 20
500.6199918333708
 30
0.0
 11
2228.11477391665
 21
498.953325166704
 31
0.0
 12
2223.11477391665
 22
499.7866585000375
 32
0.0
 13
2223.11477391665
 23
499.7866585000375
 33
0.0
  0
SOLID
  5
3DD5
330
3DCD
100
AcDbEntity
  8
0
 62
     0
440
 16777216
100
AcDbTrace
 10
2248.11477391665
 20
498.953325166704
 30
0.0
 11
2248.11477391665
 21
500.6199918333708
 31
0.0
 12
2253.11477391665
 22
499.7866585000375
 32
0.0
 13
2253.11477391665
 23
499.7866585000375
 33
0.0
  0
MTEXT
  5
3DD6
330
3DCD
100
AcDbEntity
  8
0
 62
     0
440
 16777216
100
AcDbMText
 10
2238.11477391665
 20
499.7866585000375
 30
0.0
 40
5.0
 41
0.0
 46
0.0
 71
     5
 72
     1
  1
60
 73
     1
 44
1.0
  0
POINT
  5
3DD7
330
3DCD
100
AcDbEntity
  8
Defpoints
 62
     0
440
 16777216
100
AcDbPoint
 10
2223.11477391665
 20
557.3542075359048
 30
0.0
  0
POINT
  5
3DD8
330
3DCD
100
AcDbEntity
  8
Defpoints
 62
     0
440
 16777216
100
AcDbPoint
 10
2253.11477391665
 20
557.3542075359048
 30
0.0
  0
POINT
  5
3DD9
330
3DCD
100
AcDbEntity
  8
Defpoints
 62
     0
440
 16777216
100
AcDbPoint
 10
2253.11477391665
 20
499.7866585000375
 30
0.0
  0
ENDBLK
  5
3DCF
330
3DCD
100
AcDbEntity
  8
0
100
AcDbBlockEnd
  0
BLOCK
  5
3DE6
330
3DE5
100
AcDbEntity
  8
0
100
AcDbBlockBegin
  2
*D43
 70
     1
 10
0.0
 20
0.0
 30
0.0
  3
*D43
  1

  0
LINE
  5
3DE8
330
3DE5
100
AcDbEntity
  8
0
 62
     0
440
 16777216
370
    -2
100
AcDbLine
 10
2221.11477391665
 20
557.3542075359048
 30
0.0
 11
2144.208002679611
 21
557.3542075359048
 31
0.0
  0
LINE
  5
3DE9
330
3DE5
100
AcDbEntity
  8
0
 62
     0
440
 16777216
370
    -2
100
AcDbLine
 10
2204.11477391665
 20
519.8542075359048
 30
0.0
 11
2144.208002679611
 21
519.8542075359048
 31
0.0
  0
LINE
  5
3DEA
330
3DE5
100
AcDbEntity
  8
0
 62
     0
440
 16777216
370
    -2
100
AcDbLine
 10
2146.208002679611
 20
552.3542075359048
 30
0.0
 11
2146.208002679611
 21
543.6042075359048
 31
0.0
  0
LINE
  5
3DEB
330
3DE5
100
AcDbEntity
  8
0
 62
     0
440
 16777216
370
    -2
100
AcDbLine
 10
2146.208002679611
 20
524.8542075359048
 30
0.0
 11
2146.208002679611
 21
533.6042075359048
 31
0.0
  0
SOLID
  5
3DEC
330
3DE5
100
AcDbEntity
  8
0
 62
     0
440
 16777216
100
AcDbTrace
 10
2147.041336012944
 20
552.3542075359048
 30
0.0
 11
2145.374669346277
 21
552.3542075359048
 31
0.0
 12
2146.208002679611
 22
557.3542075359048
 32
0.0
 13
2146.208002679611
 23
557.3542075359048
 33
0.0
  0
SOLID
  5
3DED
330
3DE5
100
AcDbEntity
  8
0
 62
     0
440
 16777216
100
AcDbTrace
 10
2145.374669346277
 20
524.8542075359048
 30
0.0
 11
2147.041336012944
 21
524.8542075359048
 31
0.0
 12
2146.208002679611
 22
519.8542075359048
 32
0.0
 13
2146.208002679611
 23
519.8542075359048
 33
0.0
  0
MTEXT
  5
3DEE
330
3DE5
100
AcDbEntity
  8
0
 62
     0
440
 16777216
100
AcDbMText
 10
2146.208002679611
 20
538.6042075359048
 30
0.0
 40
5.0
 41
0.0
 46
0.0
 71
     5
 72
     1
  1
75
 73
     1
 44
1.0
  0
POINT
  5
3DEF
330
3DE5
100
AcDbEntity
  8
Defpoints
 62
     0
440
 16777216
100
AcDbPoint
 10
2223.11477391665
 20
557.3542075359048
 30
0.0
  0
POINT
  5
3DF0
330
3DE5
100
AcDbEntity
  8
Defpoints
 62
     0
440
 16777216
100
AcDbPoint
 10
2206.11477391665
 20
519.8542075359048
 30
0.0
  0
POINT
  5
3DF1
330
3DE5
100
AcDbEntity
  8
Defpoints
 62
     0
440
 16777216
100
AcDbPoint
 10
2146.208002679611
 20
519.8542075359048
 30
0.0
  0
ENDBLK
  5
3DE7
330
3DE5
100
AcDbEntity
  8
0
100
AcDbBlockEnd
  0
BLOCK
  5
3DF6
330
3DF5
100
AcDbEntity
  8
0
100
AcDbBlockBegin
  2
*D44
 70
     1
 10
0.0
 20
0.0
 30
0.0
  3
*D44
  1

  0
LINE
  5
3DF8
330
3DF5
100
AcDbEntity
  8
0
 62
     0
440
 16777216
370
    -2
100
AcDbLine
 10
2221.11477391665
 20
557.3542075359048
 30
0.0
 11
2144.208002679611
 21
557.3542075359048
 31
0.0
  0
LINE
  5
3DF9
330
3DF5
100
AcDbEntity
  8
0
 62
     0
440
 16777216
370
    -2
100
AcDbLine
 10
2199.625064753972
 20
694.8542075359047
 30
0.0
 11
2144.208002679611
 21
694.8542075359047
 31
0.0
  0
LINE
  5
3DFA
330
3DF5
100
AcDbEntity
  8
0
 62
     0
440
 16777216
370
    -2
100
AcDbLine
 10
2146.208002679611
 20
562.3542075359048
 30
0.0
 11
2146.208002679611
 21
621.1042075359046
 31
0.0
  0
LINE
  5
3DFB
330
3DF5
100
AcDbEntity
  8
0
 62
     0
440
 16777216
370
    -2
100
AcDbLine
 10
2146.208002679611
 20
689.8542075359046
 30
0.0
 11
2146.208002679611
 21
631.1042075359047
 31
0.0
  0
SOLID
  5
3DFC
330
3DF5
100
AcDbEntity
  8
0
 62
     0
440
 16777216
100
AcDbTrace
 10
2145.374669346277
 20
562.3542075359048
 30
0.0
 11
2147.041336012944
 21
562.3542075359048
 31
0.0
 12
2146.208002679611
 22
557.3542075359048
 32
0.0
 13
2146.208002679611
 23
557.3542075359048
 33
0.0
  0
SOLID
  5
3DFD
330
3DF5
100
AcDbEntity
  8
0
 62
     0
440
 16777216
100
AcDbTrace
 10
2147.041336012944
 20
689.8542075359046
 30
0.0
 11
2145.374669346277
 21
689.8542075359046
 31
0.0
 12
2146.208002679611
 22
694.8542075359047
 32
0.0
 13
2146.208002679611
 23
694.8542075359047
 33
0.0
  0
MTEXT
  5
3DFE
330
3DF5
100
AcDbEntity
  8
0
 62
     0
440
 16777216
100
AcDbMText
 10
2146.208002679611
 20
626.1042075359047
 30
0.0
 40
5.0
 41
0.0
 46
0.0
 71
     5
 72
     1
  1
275
 73
     1
 44
1.0
  0
POINT
  5
3DFF
330
3DF5
100
AcDbEntity
  8
Defpoints
 62
     0
440
 16777216
100
AcDbPoint
 10
2223.11477391665
 20
557.3542075359048
 30
0.0
  0
POINT
  5
3E00
330
3DF5
100
AcDbEntity
  8
Defpoints
 62
     0
440
 16777216
100
AcDbPoint
 10
2201.625064753971
 20
694.8542075359047
 30
0.0
  0
POINT
  5
3E01
330
3DF5
100
AcDbEntity
  8
Defpoints
 62
     0
440
 16777216
100
AcDbPoint
 10
2146.208002679611
 20
694.8542075359047
 30
0.0
  0
ENDBLK
  5
3DF7
330
3DF5
100
AcDbEntity
  8
0
100
AcDbBlockEnd
  0
BLOCK
  5
3E32
330
3E31
100
AcDbEntity
  8
0
100
AcDbBlockBegin
  2
*D45
 70
     1
 10
0.0
 20
0.0
 30
0.0
  3
*D45
  1

  0
LINE
  5
3E34
330
3E31
100
AcDbEntity
  8
0
 62
     0
440
 16777216
370
    -2
100
AcDbLine
 10
2414.444502099851
 20
517.8542075359048
 30
0.0
 11
2414.444502099851
 21
490.4351292842672
 31
0.0
  0
LINE
  5
3E35
330
3E31
100
AcDbEntity
  8
0
 62
     0
440
 16777216
370
    -2
100
AcDbLine
 10
2418.444502099851
 20
517.8542075359048
 30
0.0
 11
2418.444502099851
 21
490.4351292842672
 31
0.0
  0
LINE
  5
3E36
330
3E31
100
AcDbEntity
  8
0
 62
     0
440
 16777216
370
    -2
100
AcDbLine
 10
2414.444502099851
 20
492.4351292842673
 30
0.0
 11
2404.444502099851
 21
492.4351292842673
 31
0.0
  0
LINE
  5
3E37
330
3E31
100
AcDbEntity
  8
0
 62
     0
440
 16777216
370
    -2
100
AcDbLine
 10
2414.444502099851
 20
492.4351292842673
 30
0.0
 11
2418.444502099851
 21
492.4351292842673
 31
0.0
  0
LINE
  5
3E38
330
3E31
100
AcDbEntity
  8
0
 62
     0
440
 16777216
370
    -2
100
AcDbLine
 10
2409.444502099851
 20
492.4351292842673
 30
0.0
 11
2404.444502099851
 21
492.4351292842673
 31
0.0
  0
LINE
  5
3E39
330
3E31
100
AcDbEntity
  8
0
 62
     0
440
 16777216
370
    -2
100
AcDbLine
 10
2423.444502099851
 20
492.4351292842673
 30
0.0
 11
2428.44450209985
 21
492.4351292842673
 31
0.0
  0
SOLID
  5
3E3A
330
3E31
100
AcDbEntity
  8
0
 62
     0
440
 16777216
100
AcDbTrace
 10
2409.444502099851
 20
491.6017959509338
 30
0.0
 11
2409.444502099851
 21
493.2684626176006
 31
0.0
 12
2414.444502099851
 22
492.4351292842673
 32
0.0
 13
2414.444502099851
 23
492.4351292842673
 33
0.0
  0
SOLID
  5
3E3B
330
3E31
100
AcDbEntity
  8
0
 62
     0
440
 16777216
100
AcDbTrace
 10
2423.444502099851
 20
493.2684626176006
 30
0.0
 11
2423.444502099851
 21
491.6017959509338
 31
0.0
 12
2418.444502099851
 22
492.4351292842673
 32
0.0
 13
2418.444502099851
 23
492.4351292842673
 33
0.0
  0
MTEXT
  5
3E3C
330
3E31
100
AcDbEntity
  8
0
 62
     0
440
 16777216
100
AcDbMText
 10
2400.277835433184
 20
492.4351292842673
 30
0.0
 40
5.0
 41
0.0
 46
0.0
 71
     5
 72
     1
  1
8
 73
     1
 44
1.0
  0
POINT
  5
3E3D
330
3E31
100
AcDbEntity
  8
Defpoints
 62
     0
440
 16777216
100
AcDbPoint
 10
2414.444502099851
 20
519.8542075359048
 30
0.0
  0
POINT
  5
3E3E
330
3E31
100
AcDbEntity
  8
Defpoints
 62
     0
440
 16777216
100
AcDbPoint
 10
2418.444502099851
 20
519.8542075359048
 30
0.0
  0
POINT
  5
3E3F
330
3E31
100
AcDbEntity
  8
Defpoints
 62
     0
440
 16777216
100
AcDbPoint
 10
2418.444502099851
 20
492.4351292842673
 30
0.0
  0
ENDBLK
  5
3E33
330
3E31
100
AcDbEntity
  8
0
100
AcDbBlockEnd
  0
BLOCK
  5
3E82
330
3E81
100
AcDbEntity
  8
0
100
AcDbBlockBegin
  2
*D46
 70
     1
 10
0.0
 20
0.0
 30
0.0
  3
*D46
  1

  0
LINE
  5
3E84
330
3E81
100
AcDbEntity
  8
0
 62
     0
440
 16777216
370
    -2
100
AcDbLine
 10
2414.444502099851
 20
736.8542075359047
 30
0.0
 11
2414.444502099851
 21
755.4885186733232
 31
0.0
  0
LINE
  5
3E85
330
3E81
100
AcDbEntity
  8
0
 62
     0
440
 16777216
370
    -2
100
AcDbLine
 10
2418.444502099851
 20
741.8542075359047
 30
0.0
 11
2418.444502099851
 21
755.4885186733232
 31
0.0
  0
LINE
  5
3E86
330
3E81
100
AcDbEntity
  8
0
 62
     0
440
 16777216
370
    -2
100
AcDbLine
 10
2414.444502099851
 20
753.4885186733234
 30
0.0
 11
2404.444502099851
 21
753.4885186733234
 31
0.0
  0
LINE
  5
3E87
330
3E81
100
AcDbEntity
  8
0
 62
     0
440
 16777216
370
    -2
100
AcDbLine
 10
2414.444502099851
 20
753.4885186733234
 30
0.0
 11
2418.444502099851
 21
753.4885186733234
 31
0.0
  0
LINE
  5
3E88
330
3E81
100
AcDbEntity
  8
0
 62
     0
440
 16777216
370
    -2
100
AcDbLine
 10
2409.444502099851
 20
753.4885186733234
 30
0.0
 11
2404.444502099851
 21
753.4885186733234
 31
0.0
  0
LINE
  5
3E89
330
3E81
100
AcDbEntity
  8
0
 62
     0
440
 16777216
370
    -2
100
AcDbLine
 10
2423.444502099851
 20
753.4885186733234
 30
0.0
 11
2428.44450209985
 21
753.4885186733234
 31
0.0
  0
SOLID
  5
3E8A
330
3E81
100
AcDbEntity
  8
0
 62
     0
440
 16777216
100
AcDbTrace
 10
2409.444502099851
 20
752.6551853399901
 30
0.0
 11
2409.444502099851
 21
754.3218520066568
 31
0.0
 12
2414.444502099851
 22
753.4885186733234
 32
0.0
 13
2414.444502099851
 23
753.4885186733234
 33
0.0
  0
SOLID
  5
3E8B
330
3E81
100
AcDbEntity
  8
0
 62
     0
440
 16777216
100
AcDbTrace
 10
2423.444502099851
 20
754.3218520066568
 30
0.0
 11
2423.444502099851
 21
752.6551853399901
 31
0.0
 12
2418.444502099851
 22
753.4885186733234
 32
0.0
 13
2418.444502099851
 23
753.4885186733234
 33
0.0
  0
MTEXT
  5
3E8C
330
3E81
100
AcDbEntity
  8
0
 62
     0
440
 16777216
100
AcDbMText
 10
2400.277835433184
 20
753.4885186733234
 30
0.0
 40
5.0
 41
0.0
 46
0.0
 71
     5
 72
     1
  1
8
 73
     1
 44
1.0
  0
POINT
  5
3E8D
330
3E81
100
AcDbEntity
  8
Defpoints
 62
     0
440
 16777216
100
AcDbPoint
 10
2414.444502099851
 20
734.8542075359047
 30
0.0
  0
POINT
  5
3E8E
330
3E81
100
AcDbEntity
  8
Defpoints
 62
     0
440
 16777216
100
AcDbPoint
 10
2418.444502099851
 20
739.8542075359046
 30
0.0
  0
POINT
  5
3E8F
330
3E81
100
AcDbEntity
  8
Defpoints
 62
     0
440
 16777216
100
AcDbPoint
 10
2418.444502099851
 20
753.4885186733234
 30
0.0
  0
ENDBLK
  5
3E83
330
3E81
100
AcDbEntity
  8
0
100
AcDbBlockEnd
  0
BLOCK
  5
3E94
330
3E93
100
AcDbEntity
  8
0
100
AcDbBlockBegin
  2
*D47
 70
     1
 10
0.0
 20
0.0
 30
0.0
  3
*D47
  1

  0
LINE
  5
3E96
330
3E93
100
AcDbEntity
  8
0
 62
     0
440
 16777216
370
    -2
100
AcDbLine
 10
2430.944502099851
 20
741.8542075359047
 30
0.0
 11
2430.944502099851
 21
767.4169085135131
 31
0.0
  0
LINE
  5
3E97
330
3E93
100
AcDbEntity
  8
0
 62
     0
440
 16777216
370
    -2
100
AcDbLine
 10
2434.944502099851
 20
736.8542075359047
 30
0.0
 11
2434.944502099851
 21
767.4169085135131
 31
0.0
  0
LINE
  5
3E98
330
3E93
100
AcDbEntity
  8
0
 62
     0
440
 16777216
370
    -2
100
AcDbLine
 10
2434.944502099851
 20
765.4169085135134
 30
0.0
 11
2444.944502099851
 21
765.4169085135134
 31
0.0
  0
LINE
  5
3E99
330
3E93
100
AcDbEntity
  8
0
 62
     0
440
 16777216
370
    -2
100
AcDbLine
 10
2430.944502099851
 20
765.4169085135134
 30
0.0
 11
2434.944502099851
 21
765.4169085135134
 31
0.0
  0
LINE
  5
3E9A
330
3E93
100
AcDbEntity
  8
0
 62
     0
440
 16777216
370
    -2
100
AcDbLine
 10
2425.944502099851
 20
765.4169085135134
 30
0.0
 11
2420.944502099851
 21
765.4169085135134
 31
0.0
  0
LINE
  5
3E9B
330
3E93
100
AcDbEntity
  8
0
 62
     0
440
 16777216
370
    -2
100
AcDbLine
 10
2439.944502099851
 20
765.4169085135134
 30
0.0
 11
2444.944502099851
 21
765.4169085135134
 31
0.0
  0
SOLID
  5
3E9C
330
3E93
100
AcDbEntity
  8
0
 62
     0
440
 16777216
100
AcDbTrace
 10
2425.944502099851
 20
764.5835751801801
 30
0.0
 11
2425.944502099851
 21
766.2502418468467
 31
0.0
 12
2430.944502099851
 22
765.4169085135134
 32
0.0
 13
2430.944502099851
 23
765.4169085135134
 33
0.0
  0
SOLID
  5
3E9D
330
3E93
100
AcDbEntity
  8
0
 62
     0
440
 16777216
100
AcDbTrace
 10
2439.944502099851
 20
766.2502418468467
 30
0.0
 11
2439.944502099851
 21
764.5835751801801
 31
0.0
 12
2434.944502099851
 22
765.4169085135134
 32
0.0
 13
2434.944502099851
 23
765.4169085135134
 33
0.0
  0
MTEXT
  5
3E9E
330
3E93
100
AcDbEntity
  8
0
 62
     0
440
 16777216
100
AcDbMText
 10
2449.111168766518
 20
765.4169085135134
 30
0.0
 40
5.0
 41
0.0
 46
0.0
 71
     5
 72
     1
  1
8
 73
     1
 44
1.0
  0
POINT
  5
3E9F
330
3E93
100
AcDbEntity
  8
Defpoints
 62
     0
440
 16777216
100
AcDbPoint
 10
2430.944502099851
 20
739.8542075359046
 30
0.0
  0
POINT
  5
3EA0
330
3E93
100
AcDbEntity
  8
Defpoints
 62
     0
440
 16777216
100
AcDbPoint
 10
2434.944502099851
 20
734.8542075359047
 30
0.0
  0
POINT
  5
3EA5
330
3E93
100
AcDbEntity
  8
Defpoints
 62
     0
440
 16777216
100
AcDbPoint
 10
2434.944502099851
 20
765.4169085135134
 30
0.0
  0
ENDBLK
  5
3E95
330
3E93
100
AcDbEntity
  8
0
100
AcDbBlockEnd
  0
BLOCK
  5
3EDD
330
3EDC
100
AcDbEntity
  8
0
100
AcDbBlockBegin
  2
*D48
 70
     1
 10
0.0
 20
0.0
 30
0.0
  3
*D48
  1

  0
LINE
  5
3EDF
330
3EDC
100
AcDbEntity
  8
0
 62
     0
440
 16777216
370
    -2
100
AcDbLine
 10
2340.609449650624
 20
619.6070879443166
 30
0.0
 11
2344.179357003188
 21
623.1079109181486
 31
0.0
  0
MTEXT
  5
3EE1
330
3EDC
100
AcDbEntity
  8
0
 62
     0
440
 16777216
100
AcDbMText
 10
2354.29409450212
 20
633.0269093440057
 30
0.0
 40
5.0
 41
0.0
 46
0.0
 71
     5
 72
     1
  1
4xR25
 11
0.7139814705128015
 21
0.7001645947663862
 31
0.0
 73
     1
 44
1.0
  0
LINE
  5
3EE2
330
3EDC
100
AcDbEntity
  8
0
 62
     0
440
 16777216
370
    -2
100
AcDbLine
 10
2328.11477391665
 20
607.3542075359047
 30
0.0
 11
2337.03954229806
 21
616.1062649704847
 31
0.0
  0
SOLID
  5
3EE3
330
3EDC
100
AcDbEntity
  8
0
 62
     0
440
 16777216
100
AcDbTrace
 10
2340.025979154985
 20
620.2020725030774
 30
0.0
 11
2341.192920146263
 21
619.0121033855561
 31
0.0
 12
2337.03954229806
 22
616.1062649704847
 32
0.0
 13
2337.03954229806
 23
616.1062649704847
 33
0.0
  0
POINT
  5
3EE4
330
3EDC
100
AcDbEntity
  8
Defpoints
 62
     0
440
 16777216
100
AcDbPoint
 10
2337.03954229806
 20
616.1062649704847
 30
0.0
  0
POINT
  5
3EE7
330
3EDC
100
AcDbEntity
  8
Defpoints
 62
     0
440
 16777216
100
AcDbPoint
 10
2328.11477391665
 20
607.3542075359047
 30
0.0
  0
ENDBLK
  5
3EDE
330
3EDC
100
AcDbEntity
  8
0
100
AcDbBlockEnd
  0
BLOCK
  5
3FD1
330
3FD0
100
AcDbEntity
  8
0
100
AcDbBlockBegin
  2
*D49
 70
     1
 10
0.0
 20
0.0
 30
0.0
  3
*D49
  1

  0
LINE
  5
3FD3
330
3FD0
100
AcDbEntity
  8
0
 62
     0
440
 16777216
370
    -2
100
AcDbLine
 10
2282.119413723053
 20
698.6118748831977
 30
0.0
 11
2319.142081371751
 21
708.5456447806274
 31
0.0
  0
LINE
  5
3FD4
330
3FD0
100
AcDbEntity
  8
0
 62
     0
440
 16777216
370
    -2
100
AcDbLine
 10
2254.110134110247
 20
691.0965401886119
 30
0.0
 11
2249.280947970108
 21
689.8007928274765
 31
0.0
  0
MTEXT
  5
3FD5
330
3FD0
100
AcDbEntity
  8
0
 62
     0
440
 16777216
100
AcDbMText
 10
2327.99558929534
 20
710.9211816093759
 30
0.0
 40
5.0
 41
0.0
 46
0.0
 71
     5
 72
     1
  1
%%c38
 11
0.9658372280277951
 21
0.2591494722271006
 31
0.0
 73
     1
 44
1.0
  0
LINE
  5
3FD6
330
3FD0
100
AcDbEntity
  8
0
 62
     0
440
 16777216
370
    -2
100
AcDbLine
 10
2258.939320250386
 20
692.3922875497472
 30
0.0
 11
2277.290227582914
 21
697.3161275220621
 31
0.0
  0
SOLID
  5
3FD7
330
3FD0
100
AcDbEntity
  8
0
 62
     0
440
 16777216
100
AcDbTrace
 10
2254.32609200377
 20
690.2916758319221
 30
0.0
 11
2253.894176216725
 21
691.9014045453018
 31
0.0
 12
2258.939320250386
 22
692.3922875497472
 32
0.0
 13
2258.939320250386
 23
692.3922875497472
 33
0.0
  0
SOLID
  5
3FD8
330
3FD0
100
AcDbEntity
  8
0
 62
     0
440
 16777216
100
AcDbTrace
 10
2281.903455829531
 20
699.4167392398875
 30
0.0
 11
2282.335371616576
 21
697.8070105265078
 31
0.0
 12
2277.290227582914
 22
697.3161275220621
 32
0.0
 13
2277.290227582914
 23
697.3161275220621
 33
0.0
  0
POINT
  5
3FD9
330
3FD0
100
AcDbEntity
  8
Defpoints
 62
     0
440
 16777216
100
AcDbPoint
 10
2277.290227582914
 20
697.3161275220621
 30
0.0
  0
POINT
  5
3FDA
330
3FD0
100
AcDbEntity
  8
Defpoints
 62
     0
440
 16777216
100
AcDbPoint
 10
2258.939320250386
 20
692.3922875497472
 30
0.0
  0
ENDBLK
  5
3FD2
330
3FD0
100
AcDbEntity
  8
0
100
AcDbBlockEnd
  0
BLOCK
  5
3FE0
330
3FDF
100
AcDbEntity
  8
0
100
AcDbBlockBegin
  2
*D50
 70
     1
 10
0.0
 20
0.0
 30
0.0
  3
*D50
  1

  0
LINE
  5
3FE2
330
3FDF
100
AcDbEntity
  8
0
 62
     0
440
 16777216
370
    -2
100
AcDbLine
 10
2308.36418057995
 20
714.9784531926314
 30
0.0
 11
2312.836336875873
 21
717.2144804878235
 31
0.0
  0
LINE
  5
3FE3
330
3FDF
100
AcDbEntity
  8
0
 62
     0
440
 16777216
370
    -2
100
AcDbLine
 10
2227.86536725335
 20
674.729961879178
 30
0.0
 11
2223.393210957428
 21
672.4939345839861
 31
0.0
  0
MTEXT
  5
3FE4
330
3FDF
100
AcDbEntity
  8
0
 62
     0
440
 16777216
100
AcDbMText
 10
2322.153329159044
 20
721.8728706861398
 30
0.0
 40
5.0
 41
0.0
 46
0.0
 71
     5
 72
     1
  1
%%c160
 11
0.8944312591844491
 21
0.4472054590383721
 31
0.0
 73
     1
 44
1.0
  0
LINE
  5
3FE5
330
3FDF
100
AcDbEntity
  8
0
 62
     0
440
 16777216
370
    -2
100
AcDbLine
 10
2232.337523549272
 20
676.96598917437
 30
0.0
 11
2303.892024284028
 21
712.7424258974397
 31
0.0
  0
SOLID
  5
3FE6
330
3FDF
100
AcDbEntity
  8
0
 62
     0
440
 16777216
100
AcDbTrace
 10
2228.238038469216
 20
673.9846024965243
 30
0.0
 11
2227.492696037485
 21
675.4753212618317
 31
0.0
 12
2232.337523549272
 22
676.96598917437
 32
0.0
 13
2232.337523549272
 23
676.96598917437
 33
0.0
  0
SOLID
  5
3FE7
330
3FDF
100
AcDbEntity
  8
0
 62
     0
440
 16777216
100
AcDbTrace
 10
2307.991509364085
 20
715.7238125752851
 30
0.0
 11
2308.736851795816
 21
714.2330938099777
 31
0.0
 12
2303.892024284028
 22
712.7424258974397
 32
0.0
 13
2303.892024284028
 23
712.7424258974397
 33
0.0
  0
POINT
  5
3FE8
330
3FDF
100
AcDbEntity
  8
Defpoints
 62
     0
440
 16777216
100
AcDbPoint
 10
2303.892024284028
 20
712.7424258974397
 30
0.0
  0
POINT
  5
3FE9
330
3FDF
100
AcDbEntity
  8
Defpoints
 62
     0
440
 16777216
100
AcDbPoint
 10
2232.337523549272
 20
676.96598917437
 30
0.0
  0
ENDBLK
  5
3FE1
330
3FDF
100
AcDbEntity
  8
0
100
AcDbBlockEnd
  0
BLOCK
  5
3FEF
330
3FEE
100
AcDbEntity
  8
0
100
AcDbBlockBegin
  2
*D51
 70
     1
 10
0.0
 20
0.0
 30
0.0
  3
*D51
  1

  0
LINE
  5
3FF1
330
3FEE
100
AcDbEntity
  8
0
 62
     0
440
 16777216
370
    -2
100
AcDbLine
 10
2307.726022178198
 20
725.3656645834146
 30
0.0
 11
2311.687147004352
 21
728.4168102881657
 31
0.0
  0
LINE
  5
3FF2
330
3FEE
100
AcDbEntity
  8
0
 62
     0
440
 16777216
370
    -2
100
AcDbLine
 10
2228.503525655102
 20
664.3427504883947
 30
0.0
 11
2224.542400828948
 21
661.2916047836437
 31
0.0
  0
MTEXT
  5
3FF3
330
3FEE
100
AcDbEntity
  8
0
 62
     0
440
 16777216
100
AcDbMText
 10
2319.939490392175
 20
734.7733638397301
 30
0.0
 40
5.0
 41
0.0
 46
0.0
 71
     5
 72
     1
  1
%%c180
 11
0.7922249652309512
 21
0.6102291409501996
 31
0.0
 73
     1
 44
1.0
  0
LINE
  5
3FF4
330
3FEE
100
AcDbEntity
  8
0
 62
     0
440
 16777216
370
    -2
100
AcDbLine
 10
2232.464650481257
 20
667.3938961931457
 30
0.0
 11
2303.764897352043
 21
722.3145188786636
 31
0.0
  0
SOLID
  5
3FF5
330
3FEE
100
AcDbEntity
  8
0
 62
     0
440
 16777216
100
AcDbTrace
 10
2229.012049939227
 20
663.682563017369
 30
0.0
 11
2227.995001370977
 21
665.0029379594204
 31
0.0
 12
2232.464650481257
 22
667.3938961931457
 32
0.0
 13
2232.464650481257
 23
667.3938961931457
 33
0.0
  0
SOLID
  5
3FF6
330
3FEE
100
AcDbEntity
  8
0
 62
     0
440
 16777216
100
AcDbTrace
 10
2307.217497894073
 20
726.0258520544403
 30
0.0
 11
2308.234546462323
 21
724.7054771123887
 31
0.0
 12
2303.764897352043
 22
722.3145188786636
 32
0.0
 13
2303.764897352043
 23
722.3145188786636
 33
0.0
  0
POINT
  5
3FF7
330
3FEE
100
AcDbEntity
  8
Defpoints
 62
     0
440
 16777216
100
AcDbPoint
 10
2303.764897352043
 20
722.3145188786636
 30
0.0
  0
POINT
  5
3FF8
330
3FEE
100
AcDbEntity
  8
Defpoints
 62
     0
440
 16777216
100
AcDbPoint
 10
2232.464650481257
 20
667.3938961931457
 30
0.0
  0
ENDBLK
  5
3FF0
330
3FEE
100
AcDbEntity
  8
0
100
AcDbBlockEnd
  0
BLOCK
  5
41E4
330
41E3
100
AcDbEntity
  8
0
100
AcDbBlockBegin
  2
*D52
 70
     1
 10
0.0
 20
0.0
 30
0.0
  3
*D52
  1

  0
LINE
  5
41E6
330
41E3
100
AcDbEntity
  8
0
 62
     0
440
 16777216
370
    -2
100
AcDbLine
 10
2221.11477391665
 20
557.3542075359048
 30
0.0
 11
2182.344047637247
 21
557.3542075359048
 31
0.0
  0
LINE
  5
41E7
330
41E3
100
AcDbEntity
  8
0
 62
     0
440
 16777216
370
    -2
100
AcDbLine
 10
2266.11477391665
 20
592.3542075359047
 30
0.0
 11
2182.344047637247
 21
592.3542075359047
 31
0.0
  0
LINE
  5
41E8
330
41E3
100
AcDbEntity
  8
0
 62
     0
440
 16777216
370
    -2
100
AcDbLine
 10
2184.344047637247
 20
562.3542075359048
 30
0.0
 11
2184.344047637247
 21
569.8542075359047
 31
0.0
  0
LINE
  5
41E9
330
41E3
100
AcDbEntity
  8
0
 62
     0
440
 16777216
370
    -2
100
AcDbLine
 10
2184.344047637247
 20
587.3542075359047
 30
0.0
 11
2184.344047637247
 21
579.8542075359047
 31
0.0
  0
SOLID
  5
41EA
330
41E3
100
AcDbEntity
  8
0
 62
     0
440
 16777216
100
AcDbTrace
 10
2183.510714303913
 20
562.3542075359048
 30
0.0
 11
2185.17738097058
 21
562.3542075359048
 31
0.0
 12
2184.344047637247
 22
557.3542075359048
 32
0.0
 13
2184.344047637247
 23
557.3542075359048
 33
0.0
  0
SOLID
  5
41EB
330
41E3
100
AcDbEntity
  8
0
 62
     0
440
 16777216
100
AcDbTrace
 10
2185.17738097058
 20
587.3542075359047
 30
0.0
 11
2183.510714303913
 21
587.3542075359047
 31
0.0
 12
2184.344047637247
 22
592.3542075359047
 32
0.0
 13
2184.344047637247
 23
592.3542075359047
 33
0.0
  0
MTEXT
  5
41EC
330
41E3
100
AcDbEntity
  8
0
 62
     0
440
 16777216
100
AcDbMText
 10
2184.344047637247
 20
574.8542075359047
 30
0.0
 40
5.0
 41
0.0
 46
0.0
 71
     5
 72
     1
  1
70
 73
     1
 44
1.0
  0
POINT
  5
41ED
330
41E3
100
AcDbEntity
  8
Defpoints
 62
     0
440
 16777216
100
AcDbPoint
 10
2223.11477391665
 20
557.3542075359048
 30
0.0
  0
POINT
  5
41EE
330
41E3
100
AcDbEntity
  8
Defpoints
 62
     0
440
 16777216
100
AcDbPoint
 10
2268.11477391665
 20
592.3542075359047
 30
0.0
  0
POINT
  5
41EF
330
41E3
100
AcDbEntity
  8
Defpoints
 62
     0
440
 16777216
100
AcDbPoint
 10
2184.344047637247
 20
592.3542075359047
 30
0.0
  0
ENDBLK
  5
41E5
330
41E3
100
AcDbEntity
  8
0
100
AcDbBlockEnd
  0
BLOCK
  5
41F4
330
41F3
100
AcDbEntity
  8
0
100
AcDbBlockBegin
  2
*D53
 70
     1
 10
0.0
 20
0.0
 30
0.0
  3
*D53
  1

  0
LINE
  5
41F6
330
41F3
100
AcDbEntity
  8
0
 62
     0
440
 16777216
370
    -2
100
AcDbLine
 10
2283.778968295744
 20
589.7893599054562
 30
0.0
 11
2287.695016890518
 21
592.8981479978438
 31
0.0
  0
MTEXT
  5
41F7
330
41F3
100
AcDbEntity
  8
0
 62
     0
440
 16777216
100
AcDbMText
 10
2294.548101931371
 20
598.3385271595225
 30
0.0
 40
5.0
 41
0.0
 46
0.0
 71
     5
 72
     1
  1
R30
 11
0.7832097189547051
 21
0.621757618477564
 31
0.0
 73
     1
 44
1.0
  0
LINE
  5
41F8
330
41F3
100
AcDbEntity
  8
0
 62
     0
440
 16777216
370
    -2
100
AcDbLine
 10
2268.11477391665
 20
577.3542075359046
 30
0.0
 11
2279.86291970097
 21
586.6805718130682
 31
0.0
  0
SOLID
  5
41F9
330
41F3
100
AcDbEntity
  8
0
 62
     0
440
 16777216
100
AcDbTrace
 10
2283.260836947013
 20
590.4420346712518
 30
0.0
 11
2284.297099644476
 21
589.1366851396603
 31
0.0
 12
2279.86291970097
 22
586.6805718130682
 32
0.0
 13
2279.86291970097
 23
586.6805718130682
 33
0.0
  0
POINT
  5
41FA
330
41F3
100
AcDbEntity
  8
Defpoints
 62
     0
440
 16777216
100
AcDbPoint
 10
2279.86291970097
 20
586.6805718130682
 30
0.0
  0
POINT
  5
41FB
330
41F3
100
AcDbEntity
  8
Defpoints
 62
     0
440
 16777216
100
AcDbPoint
 10
2268.11477391665
 20
577.3542075359046
 30
0.0
  0
ENDBLK
  5
41F5
330
41F3
100
AcDbEntity
  8
0
100
AcDbBlockEnd
  0
BLOCK
  5
4288
330
4287
100
AcDbEntity
  8
0
100
AcDbBlockBegin
  2
*D54
 70
     1
 10
0.0
 20
0.0
 30
0.0
  3
*D54
  1

  0
LINE
  5
428A
330
4287
100
AcDbEntity
  8
0
 62
     0
440
 16777216
370
    -2
100
AcDbLine
 10
2418.444502099851
 20
517.8542075359048
 30
0.0
 11
2418.444502099851
 21
502.1446684100859
 31
0.0
  0
LINE
  5
428B
330
4287
100
AcDbEntity
  8
0
 62
     0
440
 16777216
370
    -2
100
AcDbLine
 10
2430.944502099851
 20
555.3542075359048
 30
0.0
 11
2430.944502099851
 21
502.1446684100859
 31
0.0
  0
LINE
  5
428C
330
4287
100
AcDbEntity
  8
0
 62
     0
440
 16777216
370
    -2
100
AcDbLine
 10
2430.944502099851
 20
504.144668410086
 30
0.0
 11
2440.944502099851
 21
504.144668410086
 31
0.0
  0
LINE
  5
428D
330
4287
100
AcDbEntity
  8
0
 62
     0
440
 16777216
370
    -2
100
AcDbLine
 10
2418.444502099851
 20
504.144668410086
 30
0.0
 11
2430.944502099851
 21
504.144668410086
 31
0.0
  0
LINE
  5
428E
330
4287
100
AcDbEntity
  8
0
 62
     0
440
 16777216
370
    -2
100
AcDbLine
 10
2413.444502099851
 20
504.144668410086
 30
0.0
 11
2408.444502099851
 21
504.144668410086
 31
0.0
  0
LINE
  5
428F
330
4287
100
AcDbEntity
  8
0
 62
     0
440
 16777216
370
    -2
100
AcDbLine
 10
2435.944502099851
 20
504.144668410086
 30
0.0
 11
2440.944502099851
 21
504.144668410086
 31
0.0
  0
SOLID
  5
4290
330
4287
100
AcDbEntity
  8
0
 62
     0
440
 16777216
100
AcDbTrace
 10
2413.444502099851
 20
503.3113350767528
 30
0.0
 11
2413.444502099851
 21
504.9780017434193
 31
0.0
 12
2418.444502099851
 22
504.144668410086
 32
0.0
 13
2418.444502099851
 23
504.144668410086
 33
0.0
  0
SOLID
  5
4291
330
4287
100
AcDbEntity
  8
0
 62
     0
440
 16777216
100
AcDbTrace
 10
2435.944502099851
 20
504.9780017434193
 30
0.0
 11
2435.944502099851
 21
503.3113350767528
 31
0.0
 12
2430.944502099851
 22
504.144668410086
 32
0.0
 13
2430.944502099851
 23
504.144668410086
 33
0.0
  0
MTEXT
  5
4292
330
4287
100
AcDbEntity
  8
0
 62
     0
440
 16777216
100
AcDbMText
 10
2447.611168766518
 20
504.144668410086
 30
0.0
 40
5.0
 41
0.0
 46
0.0
 71
     5
 72
     1
  1
25
 73
     1
 44
1.0
  0
POINT
  5
4293
330
4287
100
AcDbEntity
  8
Defpoints
 62
     0
440
 16777216
100
AcDbPoint
 10
2418.444502099851
 20
519.8542075359048
 30
0.0
  0
POINT
  5
4294
330
4287
100
AcDbEntity
  8
Defpoints
 62
     0
440
 16777216
100
AcDbPoint
 10
2430.944502099851
 20
557.3542075359048
 30
0.0
  0
POINT
  5
4334
330
4287
100
AcDbEntity
  8
Defpoints
 62
     0
440
 16777216
100
AcDbPoint
 10
2430.944502099851
 20
504.144668410086
 30
0.0
  0
ENDBLK
  5
4289
330
4287
100
AcDbEntity
  8
0
100
AcDbBlockEnd
  0
BLOCK
  5
525C
330
525B
100
AcDbEntity
  8
0
100
AcDbBlockBegin
  2
*D55
 70
     1
 10
0.0
 20
0.0
 30
0.0
  3
*D55
  1

  0
LINE
  5
525E
330
525B
100
AcDbEntity
  8
0
 62
     0
440
 16777216
370
    -2
100
AcDbLine
 10
146.5961046261855
 20
656.0344868626916
 30
0.0
 11
146.5961046261855
 21
673.5227537405162
 31
0.0
  0
LINE
  5
525F
330
525B
100
AcDbEntity
  8
0
 62
     0
440
 16777216
370
    -2
100
AcDbLine
 10
203.328604626186
 20
656.0344868626916
 30
0.0
 11
203.328604626186
 21
673.5227537405162
 31
0.0
  0
LINE
  5
5260
330
525B
100
AcDbEntity
  8
0
 62
     0
440
 16777216
370
    -2
100
AcDbLine
 10
151.5961046261855
 20
671.5227537405162
 30
0.0
 11
164.9623546261857
 21
671.5227537405162
 31
0.0
  0
LINE
  5
5261
330
525B
100
AcDbEntity
  8
0
 62
     0
440
 16777216
370
    -2
100
AcDbLine
 10
198.3286046261859
 20
671.5227537405162
 30
0.0
 11
184.9623546261857
 21
671.5227537405162
 31
0.0
  0
SOLID
  5
5262
330
525B
100
AcDbEntity
  8
0
 62
     0
440
 16777216
100
AcDbTrace
 10
151.5961046261855
 20
672.3560870738496
 30
0.0
 11
151.5961046261855
 21
670.6894204071828
 31
0.0
 12
146.5961046261855
 22
671.5227537405162
 32
0.0
 13
146.5961046261855
 23
671.5227537405162
 33
0.0
  0
SOLID
  5
5263
330
525B
100
AcDbEntity
  8
0
 62
     0
440
 16777216
100
AcDbTrace
 10
198.3286046261859
 20
670.6894204071828
 30
0.0
 11
198.3286046261859
 21
672.3560870738496
 31
0.0
 12
203.328604626186
 22
671.5227537405162
 32
0.0
 13
203.328604626186
 23
671.5227537405162
 33
0.0
  0
MTEXT
  5
5264
330
525B
100
AcDbEntity
  8
0
 62
     0
440
 16777216
100
AcDbMText
 10
174.9623546261856
 20
671.5227537405162
 30
0.0
 40
5.0
 41
0.0
 46
0.0
 71
     5
 72
     1
  1
1135
 73
     1
 44
1.0
  0
POINT
  5
5265
330
525B
100
AcDbEntity
  8
Defpoints
 62
     0
440
 16777216
100
AcDbPoint
 10
146.5961046261855
 20
654.0344868626918
 30
0.0
  0
POINT
  5
5266
330
525B
100
AcDbEntity
  8
Defpoints
 62
     0
440
 16777216
100
AcDbPoint
 10
203.328604626186
 20
654.0344868626918
 30
0.0
  0
POINT
  5
5267
330
525B
100
AcDbEntity
  8
Defpoints
 62
     0
440
 16777216
100
AcDbPoint
 10
203.328604626186
 20
671.5227537405162
 30
0.0
  0
ENDBLK
  5
525D
330
525B
100
AcDbEntity
  8
0
100
AcDbBlockEnd
  0
BLOCK
  5
5270
330
526F
100
AcDbEntity
  8
0
100
AcDbBlockBegin
  2
*D56
 70
     1
 10
0.0
 20
0.0
 30
0.0
  3
*D56
  1

  0
LINE
  5
5272
330
526F
100
AcDbEntity
  8
0
 62
     0
440
 16777216
370
    -2
100
AcDbLine
 10
124.0961046261854
 20
656.0344868626916
 30
0.0
 11
124.0961046261854
 21
693.5711472093238
 31
0.0
  0
LINE
  5
5273
330
526F
100
AcDbEntity
  8
0
 62
     0
440
 16777216
370
    -2
100
AcDbLine
 10
324.8961046261856
 20
656.0344868626916
 30
0.0
 11
324.8961046261856
 21
693.5711472093238
 31
0.0
  0
LINE
  5
5274
330
526F
100
AcDbEntity
  8
0
 62
     0
440
 16777216
370
    -2
100
AcDbLine
 10
129.0961046261855
 20
691.5711472093238
 30
0.0
 11
214.0794379595189
 21
691.5711472093238
 31
0.0
  0
LINE
  5
5275
330
526F
100
AcDbEntity
  8
0
 62
     0
440
 16777216
370
    -2
100
AcDbLine
 10
319.8961046261857
 20
691.5711472093238
 30
0.0
 11
234.9127712928523
 21
691.5711472093238
 31
0.0
  0
SOLID
  5
5276
330
526F
100
AcDbEntity
  8
0
 62
     0
440
 16777216
100
AcDbTrace
 10
129.0961046261855
 20
692.4044805426573
 30
0.0
 11
129.0961046261855
 21
690.7378138759906
 31
0.0
 12
124.0961046261854
 22
691.5711472093238
 32
0.0
 13
124.0961046261854
 23
691.5711472093238
 33
0.0
  0
SOLID
  5
5277
330
526F
100
AcDbEntity
  8
0
 62
     0
440
 16777216
100
AcDbTrace
 10
319.8961046261857
 20
690.7378138759906
 30
0.0
 11
319.8961046261857
 21
692.4044805426573
 31
0.0
 12
324.8961046261856
 22
691.5711472093238
 32
0.0
 13
324.8961046261856
 23
691.5711472093238
 33
0.0
  0
MTEXT
  5
5278
330
526F
100
AcDbEntity
  8
0
 62
     0
440
 16777216
100
AcDbMText
 10
224.4961046261856
 20
691.5711472093238
 30
0.0
 40
5.0
 41
0.0
 46
0.0
 71
     5
 72
     1
  1
4016
 73
     1
 44
1.0
  0
POINT
  5
5279
330
526F
100
AcDbEntity
  8
Defpoints
 62
     0
440
 16777216
100
AcDbPoint
 10
124.0961046261854
 20
654.0344868626918
 30
0.0
  0
POINT
  5
527A
330
526F
100
AcDbEntity
  8
Defpoints
 62
     0
440
 16777216
100
AcDbPoint
 10
324.8961046261856
 20
654.0344868626918
 30
0.0
  0
POINT
  5
527B
330
526F
100
AcDbEntity
  8
Defpoints
 62
     0
440
 16777216
100
AcDbPoint
 10
324.8961046261856
 20
691.5711472093238
 30
0.0
  0
ENDBLK
  5
5271
330
526F
100
AcDbEntity
  8
0
100
AcDbBlockEnd
  0
BLOCK
  5
5284
330
5283
100
AcDbEntity
  8
0
100
AcDbBlockBegin
  2
*D57
 70
     1
 10
0.0
 20
0.0
 30
0.0
  3
*D57
  1

  0
LINE
  5
5286
330
5283
100
AcDbEntity
  8
0
 62
     0
440
 16777216
370
    -2
100
AcDbLine
 10
122.0961046261854
 20
636.5344868626919
 30
0.0
 11
98.18039170942943
 21
636.5344868626919
 31
0.0
  0
LINE
  5
5287
330
5283
100
AcDbEntity
  8
0
 62
     0
440
 16777216
370
    -2
100
AcDbLine
 10
122.0961046261854
 20
612.6844868626915
 30
0.0
 11
98.18039170942943
 21
612.6844868626915
 31
0.0
  0
LINE
  5
5288
330
5283
100
AcDbEntity
  8
0
 62
     0
440
 16777216
370
    -2
100
AcDbLine
 10
100.1803917094294
 20
631.5344868626919
 30
0.0
 11
100.1803917094294
 21
629.6094868626917
 31
0.0
  0
LINE
  5
5289
330
5283
100
AcDbEntity
  8
0
 62
     0
440
 16777216
370
    -2
100
AcDbLine
 10
100.1803917094294
 20
617.6844868626915
 30
0.0
 11
100.1803917094294
 21
619.6094868626917
 31
0.0
  0
SOLID
  5
528A
330
5283
100
AcDbEntity
  8
0
 62
     0
440
 16777216
100
AcDbTrace
 10
101.0137250427628
 20
631.5344868626919
 30
0.0
 11
99.34705837609612
 21
631.5344868626919
 31
0.0
 12
100.1803917094294
 22
636.5344868626919
 32
0.0
 13
100.1803917094294
 23
636.5344868626919
 33
0.0
  0
SOLID
  5
528B
330
5283
100
AcDbEntity
  8
0
 62
     0
440
 16777216
100
AcDbTrace
 10
99.34705837609612
 20
617.6844868626915
 30
0.0
 11
101.0137250427628
 21
617.6844868626915
 31
0.0
 12
100.1803917094294
 22
612.6844868626915
 32
0.0
 13
100.1803917094294
 23
612.6844868626915
 33
0.0
  0
MTEXT
  5
528D
330
5283
100
AcDbEntity
  8
0
 62
     0
440
 16777216
100
AcDbMText
 10
100.1803917094294
 20
624.6094868626917
 30
0.0
 40
5.0
 41
0.0
 46
0.0
 71
     5
 72
     1
  1
\pxt8;477(TYP)
 73
     1
 44
1.0
  0
POINT
  5
528E
330
5283
100
AcDbEntity
  8
Defpoints
 62
     0
440
 16777216
100
AcDbPoint
 10
124.0961046261854
 20
636.5344868626919
 30
0.0
  0
POINT
  5
528F
330
5283
100
AcDbEntity
  8
Defpoints
 62
     0
440
 16777216
100
AcDbPoint
 10
124.0961046261854
 20
612.6844868626915
 30
0.0
  0
POINT
  5
52A5
330
5283
100
AcDbEntity
  8
Defpoints
 62
     0
440
 16777216
100
AcDbPoint
 10
100.1803917094294
 20
612.6844868626915
 30
0.0
  0
ENDBLK
  5
5285
330
5283
100
AcDbEntity
  8
0
100
AcDbBlockEnd
  0
BLOCK
  5
5294
330
5293
100
AcDbEntity
  8
0
100
AcDbBlockBegin
  2
*D58
 70
     1
 10
0.0
 20
0.0
 30
0.0
  3
*D58
  1

  0
LINE
  5
5296
330
5293
100
AcDbEntity
  8
0
 62
     0
440
 16777216
370
    -2
100
AcDbLine
 10
122.0961046261854
 20
654.0344868626918
 30
0.0
 11
76.02554940383838
 21
654.0344868626918
 31
0.0
  0
LINE
  5
5297
330
5293
100
AcDbEntity
  8
0
 62
     0
440
 16777216
370
    -2
100
AcDbLine
 10
122.0961046261854
 20
523.6344868626916
 30
0.0
 11
76.02554940383838
 21
523.6344868626916
 31
0.0
  0
LINE
  5
5298
330
5293
100
AcDbEntity
  8
0
 62
     0
440
 16777216
370
    -2
100
AcDbLine
 10
78.02554940383839
 20
649.0344868626916
 30
0.0
 11
78.02554940383839
 21
593.8344868626916
 31
0.0
  0
LINE
  5
5299
330
5293
100
AcDbEntity
  8
0
 62
     0
440
 16777216
370
    -2
100
AcDbLine
 10
78.02554940383839
 20
528.6344868626914
 30
0.0
 11
78.02554940383839
 21
583.8344868626916
 31
0.0
  0
SOLID
  5
529A
330
5293
100
AcDbEntity
  8
0
 62
     0
440
 16777216
100
AcDbTrace
 10
78.85888273717171
 20
649.0344868626916
 30
0.0
 11
77.19221607050506
 21
649.0344868626916
 31
0.0
 12
78.02554940383839
 22
654.0344868626918
 32
0.0
 13
78.02554940383839
 23
654.0344868626918
 33
0.0
  0
SOLID
  5
529B
330
5293
100
AcDbEntity
  8
0
 62
     0
440
 16777216
100
AcDbTrace
 10
77.19221607050506
 20
528.6344868626914
 30
0.0
 11
78.85888273717171
 21
528.6344868626914
 31
0.0
 12
78.02554940383839
 22
523.6344868626916
 32
0.0
 13
78.02554940383839
 23
523.6344868626916
 33
0.0
  0
MTEXT
  5
529C
330
5293
100
AcDbEntity
  8
0
 62
     0
440
 16777216
100
AcDbMText
 10
78.02554940383839
 20
588.8344868626916
 30
0.0
 40
5.0
 41
0.0
 46
0.0
 71
     5
 72
     1
  1
2608
 73
     1
 44
1.0
  0
POINT
  5
529D
330
5293
100
AcDbEntity
  8
Defpoints
 62
     0
440
 16777216
100
AcDbPoint
 10
124.0961046261854
 20
654.0344868626918
 30
0.0
  0
POINT
  5
529E
330
5293
100
AcDbEntity
  8
Defpoints
 62
     0
440
 16777216
100
AcDbPoint
 10
124.0961046261854
 20
523.6344868626916
 30
0.0
  0
POINT
  5
529F
330
5293
100
AcDbEntity
  8
Defpoints
 62
     0
440
 16777216
100
AcDbPoint
 10
78.02554940383839
 20
523.6344868626916
 30
0.0
  0
ENDBLK
  5
5295
330
5293
100
AcDbEntity
  8
0
100
AcDbBlockEnd
  0
BLOCK
  5
575E
330
575D
100
AcDbEntity
  8
0
100
AcDbBlockBegin
  2
*D59
 70
     1
 10
0.0
 20
0.0
 30
0.0
  3
*D59
  1

  0
LINE
  5
5760
330
575D
100
AcDbEntity
  8
0
 62
     0
440
 16777216
370
    -2
100
AcDbLine
 10
516.2580966522737
 20
656.0344868626915
 30
0.0
 11
516.2580966522737
 21
675.0604472535561
 31
0.0
  0
LINE
  5
5761
330
575D
100
AcDbEntity
  8
0
 62
     0
440
 16777216
370
    -2
100
AcDbLine
 10
573.0080966522741
 20
656.0344868626915
 30
0.0
 11
573.0080966522741
 21
675.0604472535561
 31
0.0
  0
LINE
  5
5762
330
575D
100
AcDbEntity
  8
0
 62
     0
440
 16777216
370
    -2
100
AcDbLine
 10
521.2580966522737
 20
673.0604472535564
 30
0.0
 11
534.6330966522738
 21
673.0604472535564
 31
0.0
  0
LINE
  5
5763
330
575D
100
AcDbEntity
  8
0
 62
     0
440
 16777216
370
    -2
100
AcDbLine
 10
568.0080966522742
 20
673.0604472535564
 30
0.0
 11
554.6330966522738
 21
673.0604472535564
 31
0.0
  0
SOLID
  5
5764
330
575D
100
AcDbEntity
  8
0
 62
     0
440
 16777216
100
AcDbTrace
 10
521.2580966522737
 20
673.8937805868897
 30
0.0
 11
521.2580966522737
 21
672.227113920223
 31
0.0
 12
516.2580966522737
 22
673.0604472535564
 32
0.0
 13
516.2580966522737
 23
673.0604472535564
 33
0.0
  0
SOLID
  5
5765
330
575D
100
AcDbEntity
  8
0
 62
     0
440
 16777216
100
AcDbTrace
 10
568.0080966522742
 20
672.227113920223
 30
0.0
 11
568.0080966522742
 21
673.8937805868897
 31
0.0
 12
573.0080966522741
 22
673.0604472535564
 32
0.0
 13
573.0080966522741
 23
673.0604472535564
 33
0.0
  0
MTEXT
  5
5766
330
575D
100
AcDbEntity
  8
0
 62
     0
440
 16777216
100
AcDbMText
 10
544.6330966522737
 20
673.0604472535564
 30
0.0
 40
5.0
 41
0.0
 46
0.0
 71
     5
 72
     1
  1
1135
 73
     1
 44
1.0
  0
POINT
  5
5767
330
575D
100
AcDbEntity
  8
Defpoints
 62
     0
440
 16777216
100
AcDbPoint
 10
516.2580966522737
 20
654.0344868626915
 30
0.0
  0
POINT
  5
5768
330
575D
100
AcDbEntity
  8
Defpoints
 62
     0
440
 16777216
100
AcDbPoint
 10
573.0080966522741
 20
654.0344868626915
 30
0.0
  0
POINT
  5
5799
330
575D
100
AcDbEntity
  8
Defpoints
 62
     0
440
 16777216
100
AcDbPoint
 10
573.0080966522741
 20
673.0604472535564
 30
0.0
  0
ENDBLK
  5
575F
330
575D
100
AcDbEntity
  8
0
100
AcDbBlockEnd
  0
BLOCK
  5
576D
330
576C
100
AcDbEntity
  8
0
100
AcDbBlockBegin
  2
*D60
 70
     1
 10
0.0
 20
0.0
 30
0.0
  3
*D60
  1

  0
LINE
  5
576F
330
576C
100
AcDbEntity
  8
0
 62
     0
440
 16777216
370
    -2
100
AcDbLine
 10
499.7580966522737
 20
656.0344868626915
 30
0.0
 11
499.7580966522737
 21
692.0799916838721
 31
0.0
  0
LINE
  5
5770
330
576C
100
AcDbEntity
  8
0
 62
     0
440
 16777216
370
    -2
100
AcDbLine
 10
700.5580966522734
 20
656.0344868626915
 30
0.0
 11
700.5580966522734
 21
692.0799916838721
 31
0.0
  0
LINE
  5
5771
330
576C
100
AcDbEntity
  8
0
 62
     0
440
 16777216
370
    -2
100
AcDbLine
 10
504.7580966522737
 20
690.0799916838722
 30
0.0
 11
589.7414299856067
 21
690.0799916838722
 31
0.0
  0
LINE
  5
5772
330
576C
100
AcDbEntity
  8
0
 62
     0
440
 16777216
370
    -2
100
AcDbLine
 10
695.5580966522734
 20
690.0799916838722
 30
0.0
 11
610.5747633189403
 21
690.0799916838722
 31
0.0
  0
SOLID
  5
5773
330
576C
100
AcDbEntity
  8
0
 62
     0
440
 16777216
100
AcDbTrace
 10
504.7580966522737
 20
690.9133250172057
 30
0.0
 11
504.7580966522737
 21
689.2466583505389
 31
0.0
 12
499.7580966522737
 22
690.0799916838722
 32
0.0
 13
499.7580966522737
 23
690.0799916838722
 33
0.0
  0
SOLID
  5
5774
330
576C
100
AcDbEntity
  8
0
 62
     0
440
 16777216
100
AcDbTrace
 10
695.5580966522734
 20
689.2466583505389
 30
0.0
 11
695.5580966522734
 21
690.9133250172057
 31
0.0
 12
700.5580966522734
 22
690.0799916838722
 32
0.0
 13
700.5580966522734
 23
690.0799916838722
 33
0.0
  0
MTEXT
  5
5775
330
576C
100
AcDbEntity
  8
0
 62
     0
440
 16777216
100
AcDbMText
 10
600.1580966522737
 20
690.0799916838722
 30
0.0
 40
5.0
 41
0.0
 46
0.0
 71
     5
 72
     1
  1
4016
 73
     1
 44
1.0
  0
POINT
  5
5776
330
576C
100
AcDbEntity
  8
Defpoints
 62
     0
440
 16777216
100
AcDbPoint
 10
499.7580966522737
 20
654.0344868626915
 30
0.0
  0
POINT
  5
5777
330
576C
100
AcDbEntity
  8
Defpoints
 62
     0
440
 16777216
100
AcDbPoint
 10
700.5580966522734
 20
654.0344868626915
 30
0.0
  0
POINT
  5
5798
330
576C
100
AcDbEntity
  8
Defpoints
 62
     0
440
 16777216
100
AcDbPoint
 10
700.5580966522734
 20
690.0799916838722
 30
0.0
  0
ENDBLK
  5
576E
330
576C
100
AcDbEntity
  8
0
100
AcDbBlockEnd
  0
BLOCK
  5
577C
330
577B
100
AcDbEntity
  8
0
100
AcDbBlockBegin
  2
*D61
 70
     1
 10
0.0
 20
0.0
 30
0.0
  3
*D61
  1

  0
LINE
  5
577E
330
577B
100
AcDbEntity
  8
0
 62
     0
440
 16777216
370
    -2
100
AcDbLine
 10
497.7580966522737
 20
636.5344868626916
 30
0.0
 11
476.4115592172596
 21
636.5344868626916
 31
0.0
  0
LINE
  5
577F
330
577B
100
AcDbEntity
  8
0
 62
     0
440
 16777216
370
    -2
100
AcDbLine
 10
497.7580966522737
 20
612.6844868626918
 30
0.0
 11
476.4115592172596
 21
612.6844868626918
 31
0.0
  0
LINE
  5
5780
330
577B
100
AcDbEntity
  8
0
 62
     0
440
 16777216
370
    -2
100
AcDbLine
 10
478.4115592172596
 20
631.5344868626916
 30
0.0
 11
478.4115592172596
 21
629.6094868626917
 31
0.0
  0
LINE
  5
5781
330
577B
100
AcDbEntity
  8
0
 62
     0
440
 16777216
370
    -2
100
AcDbLine
 10
478.4115592172596
 20
617.6844868626917
 30
0.0
 11
478.4115592172596
 21
619.6094868626917
 31
0.0
  0
SOLID
  5
5782
330
577B
100
AcDbEntity
  8
0
 62
     0
440
 16777216
100
AcDbTrace
 10
479.2448925505929
 20
631.5344868626916
 30
0.0
 11
477.5782258839264
 21
631.5344868626916
 31
0.0
 12
478.4115592172596
 22
636.5344868626916
 32
0.0
 13
478.4115592172596
 23
636.5344868626916
 33
0.0
  0
SOLID
  5
5783
330
577B
100
AcDbEntity
  8
0
 62
     0
440
 16777216
100
AcDbTrace
 10
477.5782258839264
 20
617.6844868626917
 30
0.0
 11
479.2448925505929
 21
617.6844868626917
 31
0.0
 12
478.4115592172596
 22
612.6844868626918
 32
0.0
 13
478.4115592172596
 23
612.6844868626918
 33
0.0
  0
MTEXT
  5
5785
330
577B
100
AcDbEntity
  8
0
 62
     0
440
 16777216
100
AcDbMText
 10
478.4115592172596
 20
624.6094868626917
 30
0.0
 40
5.0
 41
0.0
 46
0.0
 71
     5
 72
     1
  1
477(TYP)
 73
     1
 44
1.0
  0
POINT
  5
5786
330
577B
100
AcDbEntity
  8
Defpoints
 62
     0
440
 16777216
100
AcDbPoint
 10
499.7580966522737
 20
636.5344868626916
 30
0.0
  0
POINT
  5
5787
330
577B
100
AcDbEntity
  8
Defpoints
 62
     0
440
 16777216
100
AcDbPoint
 10
499.7580966522737
 20
612.6844868626918
 30
0.0
  0
POINT
  5
579B
330
577B
100
AcDbEntity
  8
Defpoints
 62
     0
440
 16777216
100
AcDbPoint
 10
478.4115592172596
 20
612.6844868626918
 30
0.0
  0
ENDBLK
  5
577D
330
577B
100
AcDbEntity
  8
0
100
AcDbBlockEnd
  0
BLOCK
  5
578C
330
578B
100
AcDbEntity
  8
0
100
AcDbBlockBegin
  2
*D62
 70
     1
 10
0.0
 20
0.0
 30
0.0
  3
*D62
  1

  0
LINE
  5
578E
330
578B
100
AcDbEntity
  8
0
 62
     0
440
 16777216
370
    -2
100
AcDbLine
 10
497.7580966522737
 20
654.0344868626915
 30
0.0
 11
451.5618176106693
 21
654.0344868626915
 31
0.0
  0
LINE
  5
578F
330
578B
100
AcDbEntity
  8
0
 62
     0
440
 16777216
370
    -2
100
AcDbLine
 10
497.7580966522737
 20
523.6344868626916
 30
0.0
 11
451.5618176106693
 21
523.6344868626916
 31
0.0
  0
LINE
  5
5790
330
578B
100
AcDbEntity
  8
0
 62
     0
440
 16777216
370
    -2
100
AcDbLine
 10
453.5618176106693
 20
649.0344868626915
 30
0.0
 11
453.5618176106693
 21
593.8344868626916
 31
0.0
  0
LINE
  5
5791
330
578B
100
AcDbEntity
  8
0
 62
     0
440
 16777216
370
    -2
100
AcDbLine
 10
453.5618176106693
 20
528.6344868626916
 30
0.0
 11
453.5618176106693
 21
583.8344868626916
 31
0.0
  0
SOLID
  5
5792
330
578B
100
AcDbEntity
  8
0
 62
     0
440
 16777216
100
AcDbTrace
 10
454.3951509440026
 20
649.0344868626915
 30
0.0
 11
452.7284842773359
 21
649.0344868626915
 31
0.0
 12
453.5618176106693
 22
654.0344868626915
 32
0.0
 13
453.5618176106693
 23
654.0344868626915
 33
0.0
  0
SOLID
  5
5793
330
578B
100
AcDbEntity
  8
0
 62
     0
440
 16777216
100
AcDbTrace
 10
452.7284842773359
 20
528.6344868626916
 30
0.0
 11
454.3951509440026
 21
528.6344868626916
 31
0.0
 12
453.5618176106693
 22
523.6344868626916
 32
0.0
 13
453.5618176106693
 23
523.6344868626916
 33
0.0
  0
MTEXT
  5
5794
330
578B
100
AcDbEntity
  8
0
 62
     0
440
 16777216
100
AcDbMText
 10
453.5618176106693
 20
588.8344868626916
 30
0.0
 40
5.0
 41
0.0
 46
0.0
 71
     5
 72
     1
  1
2608
 73
     1
 44
1.0
  0
POINT
  5
5795
330
578B
100
AcDbEntity
  8
Defpoints
 62
     0
440
 16777216
100
AcDbPoint
 10
499.7580966522737
 20
654.0344868626915
 30
0.0
  0
POINT
  5
5796
330
578B
100
AcDbEntity
  8
Defpoints
 62
     0
440
 16777216
100
AcDbPoint
 10
499.7580966522737
 20
523.6344868626916
 30
0.0
  0
POINT
  5
5797
330
578B
100
AcDbEntity
  8
Defpoints
 62
     0
440
 16777216
100
AcDbPoint
 10
453.5618176106693
 20
523.6344868626916
 30
0.0
  0
ENDBLK
  5
578D
330
578B
100
AcDbEntity
  8
0
100
AcDbBlockEnd
  0
BLOCK
  5
5A23
330
5A22
100
AcDbEntity
  8
0
100
AcDbBlockBegin
  2
*D63
 70
     1
 10
0.0
 20
0.0
 30
0.0
  3
*D63
  1

  0
LINE
  5
5A25
330
5A22
100
AcDbEntity
  8
0
 62
     0
440
 16777216
370
    -2
100
AcDbLine
 10
923.4432017001459
 20
656.0344868626919
 30
0.0
 11
923.4432017001459
 21
671.7772235550581
 31
0.0
  0
LINE
  5
5A26
330
5A22
100
AcDbEntity
  8
0
 62
     0
440
 16777216
370
    -2
100
AcDbLine
 10
958.0932017001456
 20
656.0344868626919
 30
0.0
 11
958.0932017001456
 21
671.7772235550581
 31
0.0
  0
LINE
  5
5A27
330
5A22
100
AcDbEntity
  8
0
 62
     0
440
 16777216
370
    -2
100
AcDbLine
 10
958.0932017001456
 20
669.7772235550582
 30
0.0
 11
963.0932017001459
 21
669.7772235550582
 31
0.0
  0
LINE
  5
5A28
330
5A22
100
AcDbEntity
  8
0
 62
     0
440
 16777216
370
    -2
100
AcDbLine
 10
928.4432017001458
 20
669.7772235550582
 30
0.0
 11
953.0932017001459
 21
669.7772235550582
 31
0.0
  0
SOLID
  5
5A29
330
5A22
100
AcDbEntity
  8
0
 62
     0
440
 16777216
100
AcDbTrace
 10
928.4432017001458
 20
670.6105568883916
 30
0.0
 11
928.4432017001458
 21
668.9438902217248
 31
0.0
 12
923.4432017001459
 22
669.7772235550582
 32
0.0
 13
923.4432017001459
 23
669.7772235550582
 33
0.0
  0
SOLID
  5
5A2A
330
5A22
100
AcDbEntity
  8
0
 62
     0
440
 16777216
100
AcDbTrace
 10
953.0932017001459
 20
668.9438902217248
 30
0.0
 11
953.0932017001459
 21
670.6105568883916
 31
0.0
 12
958.0932017001456
 22
669.7772235550582
 32
0.0
 13
958.0932017001456
 23
669.7772235550582
 33
0.0
  0
MTEXT
  5
5A2C
330
5A22
100
AcDbEntity
  8
0
 62
     0
440
 16777216
100
AcDbMText
 10
983.0932017001456
 20
669.7772235550582
 30
0.0
 40
5.0
 41
0.0
 46
0.0
 71
     5
 72
     1
  1
693(TYP)
 73
     1
 44
1.0
  0
POINT
  5
5A2D
330
5A22
100
AcDbEntity
  8
Defpoints
 62
     0
440
 16777216
100
AcDbPoint
 10
923.4432017001459
 20
654.0344868626918
 30
0.0
  0
POINT
  5
5A60
330
5A22
100
AcDbEntity
  8
Defpoints
 62
     0
440
 16777216
100
AcDbPoint
 10
958.0932017001456
 20
654.0344868626918
 30
0.0
  0
POINT
  5
5A66
330
5A22
100
AcDbEntity
  8
Defpoints
 62
     0
440
 16777216
100
AcDbPoint
 10
958.0932017001456
 20
669.7772235550582
 30
0.0
  0
ENDBLK
  5
5A24
330
5A22
100
AcDbEntity
  8
0
100
AcDbBlockEnd
  0
BLOCK
  5
5A32
330
5A31
100
AcDbEntity
  8
0
100
AcDbBlockBegin
  2
*D64
 70
     1
 10
0.0
 20
0.0
 30
0.0
  3
*D64
  1

  0
LINE
  5
5A34
330
5A31
100
AcDbEntity
  8
0
 62
     0
440
 16777216
370
    -2
100
AcDbLine
 10
902.9432017001459
 20
656.0344868626919
 30
0.0
 11
902.9432017001459
 21
691.6570168403304
 31
0.0
  0
LINE
  5
5A35
330
5A31
100
AcDbEntity
  8
0
 62
     0
440
 16777216
370
    -2
100
AcDbLine
 10
1025.243201700146
 20
656.0344868626919
 30
0.0
 11
1025.243201700146
 21
691.6570168403304
 31
0.0
  0
LINE
  5
5A36
330
5A31
100
AcDbEntity
  8
0
 62
     0
440
 16777216
370
    -2
100
AcDbLine
 10
907.9432017001458
 20
689.6570168403306
 30
0.0
 11
952.4265350334793
 21
689.6570168403306
 31
0.0
  0
LINE
  5
5A37
330
5A31
100
AcDbEntity
  8
0
 62
     0
440
 16777216
370
    -2
100
AcDbLine
 10
1020.243201700146
 20
689.6570168403306
 30
0.0
 11
975.7598683668128
 21
689.6570168403306
 31
0.0
  0
SOLID
  5
5A38
330
5A31
100
AcDbEntity
  8
0
 62
     0
440
 16777216
100
AcDbTrace
 10
907.9432017001458
 20
690.4903501736639
 30
0.0
 11
907.9432017001458
 21
688.8236835069972
 31
0.0
 12
902.9432017001459
 22
689.6570168403306
 32
0.0
 13
902.9432017001459
 23
689.6570168403306
 33
0.0
  0
SOLID
  5
5A39
330
5A31
100
AcDbEntity
  8
0
 62
     0
440
 16777216
100
AcDbTrace
 10
1020.243201700146
 20
688.8236835069972
 30
0.0
 11
1020.243201700146
 21
690.4903501736639
 31
0.0
 12
1025.243201700146
 22
689.6570168403306
 32
0.0
 13
1025.243201700146
 23
689.6570168403306
 33
0.0
  0
MTEXT
  5
5A3A
330
5A31
100
AcDbEntity
  8
0
 62
     0
440
 16777216
100
AcDbMText
 10
964.0932017001459
 20
689.6570168403306
 30
0.0
 40
5.0
 41
0.0
 46
0.0
 71
     5
 72
     1
  1
2446
 73
     1
 44
1.0
  0
POINT
  5
5A3B
330
5A31
100
AcDbEntity
  8
Defpoints
 62
     0
440
 16777216
100
AcDbPoint
 10
902.9432017001459
 20
654.0344868626918
 30
0.0
  0
POINT
  5
5A3C
330
5A31
100
AcDbEntity
  8
Defpoints
 62
     0
440
 16777216
100
AcDbPoint
 10
1025.243201700146
 20
654.0344868626918
 30
0.0
  0
POINT
  5
5A5F
330
5A31
100
AcDbEntity
  8
Defpoints
 62
     0
440
 16777216
100
AcDbPoint
 10
1025.243201700146
 20
689.6570168403306
 30
0.0
  0
ENDBLK
  5
5A33
330
5A31
100
AcDbEntity
  8
0
100
AcDbBlockEnd
  0
BLOCK
  5
5A41
330
5A40
100
AcDbEntity
  8
0
100
AcDbBlockBegin
  2
*D65
 70
     1
 10
0.0
 20
0.0
 30
0.0
  3
*D65
  1

  0
LINE
  5
5A43
330
5A40
100
AcDbEntity
  8
0
 62
     0
440
 16777216
370
    -2
100
AcDbLine
 10
900.9432017001458
 20
636.534486862692
 30
0.0
 11
873.9514002833892
 21
636.534486862692
 31
0.0
  0
LINE
  5
5A44
330
5A40
100
AcDbEntity
  8
0
 62
     0
440
 16777216
370
    -2
100
AcDbLine
 10
900.9432017001458
 20
612.6844868626919
 30
0.0
 11
873.9514002833892
 21
612.6844868626919
 31
0.0
  0
LINE
  5
5A45
330
5A40
100
AcDbEntity
  8
0
 62
     0
440
 16777216
370
    -2
100
AcDbLine
 10
875.9514002833892
 20
631.534486862692
 30
0.0
 11
875.9514002833892
 21
629.6094868626918
 31
0.0
  0
LINE
  5
5A46
330
5A40
100
AcDbEntity
  8
0
 62
     0
440
 16777216
370
    -2
100
AcDbLine
 10
875.9514002833892
 20
617.6844868626917
 30
0.0
 11
875.9514002833892
 21
619.6094868626918
 31
0.0
  0
SOLID
  5
5A47
330
5A40
100
AcDbEntity
  8
0
 62
     0
440
 16777216
100
AcDbTrace
 10
876.7847336167227
 20
631.534486862692
 30
0.0
 11
875.1180669500559
 21
631.534486862692
 31
0.0
 12
875.9514002833892
 22
636.534486862692
 32
0.0
 13
875.9514002833892
 23
636.534486862692
 33
0.0
  0
SOLID
  5
5A48
330
5A40
100
AcDbEntity
  8
0
 62
     0
440
 16777216
100
AcDbTrace
 10
875.1180669500559
 20
617.6844868626917
 30
0.0
 11
876.7847336167227
 21
617.6844868626917
 31
0.0
 12
875.9514002833892
 22
612.6844868626919
 32
0.0
 13
875.9514002833892
 23
612.6844868626919
 33
0.0
  0
MTEXT
  5
5A4A
330
5A40
100
AcDbEntity
  8
0
 62
     0
440
 16777216
100
AcDbMText
 10
875.9514002833892
 20
624.6094868626918
 30
0.0
 40
5.0
 41
0.0
 46
0.0
 71
     5
 72
     1
  1
477(TYP)
 73
     1
 44
1.0
  0
POINT
  5
5A4B
330
5A40
100
AcDbEntity
  8
Defpoints
 62
     0
440
 16777216
100
AcDbPoint
 10
902.9432017001456
 20
636.534486862692
 30
0.0
  0
POINT
  5
5A4C
330
5A40
100
AcDbEntity
  8
Defpoints
 62
     0
440
 16777216
100
AcDbPoint
 10
902.9432017001456
 20
612.6844868626919
 30
0.0
  0
POINT
  5
5A5E
330
5A40
100
AcDbEntity
  8
Defpoints
 62
     0
440
 16777216
100
AcDbPoint
 10
875.9514002833892
 20
612.6844868626919
 30
0.0
  0
ENDBLK
  5
5A42
330
5A40
100
AcDbEntity
  8
0
100
AcDbBlockEnd
  0
BLOCK
  5
5A51
330
5A50
100
AcDbEntity
  8
0
100
AcDbBlockBegin
  2
*D66
 70
     1
 10
0.0
 20
0.0
 30
0.0
  3
*D66
  1

  0
LINE
  5
5A53
330
5A50
100
AcDbEntity
  8
0
 62
     0
440
 16777216
370
    -2
100
AcDbLine
 10
900.9432017001458
 20
654.0344868626918
 30
0.0
 11
847.4450092363595
 21
654.0344868626918
 31
0.0
  0
LINE
  5
5A54
330
5A50
100
AcDbEntity
  8
0
 62
     0
440
 16777216
370
    -2
100
AcDbLine
 10
900.9432017001458
 20
523.6344868626916
 30
0.0
 11
847.4450092363595
 21
523.6344868626916
 31
0.0
  0
LINE
  5
5A55
330
5A50
100
AcDbEntity
  8
0
 62
     0
440
 16777216
370
    -2
100
AcDbLine
 10
849.4450092363594
 20
649.0344868626919
 30
0.0
 11
849.4450092363594
 21
593.8344868626917
 31
0.0
  0
LINE
  5
5A56
330
5A50
100
AcDbEntity
  8
0
 62
     0
440
 16777216
370
    -2
100
AcDbLine
 10
849.4450092363594
 20
528.6344868626918
 30
0.0
 11
849.4450092363594
 21
583.8344868626917
 31
0.0
  0
SOLID
  5
5A57
330
5A50
100
AcDbEntity
  8
0
 62
     0
440
 16777216
100
AcDbTrace
 10
850.2783425696929
 20
649.0344868626919
 30
0.0
 11
848.6116759030261
 21
649.0344868626919
 31
0.0
 12
849.4450092363594
 22
654.0344868626918
 32
0.0
 13
849.4450092363594
 23
654.0344868626918
 33
0.0
  0
SOLID
  5
5A58
330
5A50
100
AcDbEntity
  8
0
 62
     0
440
 16777216
100
AcDbTrace
 10
848.6116759030261
 20
528.6344868626918
 30
0.0
 11
850.2783425696929
 21
528.6344868626918
 31
0.0
 12
849.4450092363594
 22
523.6344868626916
 32
0.0
 13
849.4450092363594
 23
523.6344868626916
 33
0.0
  0
MTEXT
  5
5A59
330
5A50
100
AcDbEntity
  8
0
 62
     0
440
 16777216
100
AcDbMText
 10
849.4450092363594
 20
588.8344868626917
 30
0.0
 40
5.0
 41
0.0
 46
0.0
 71
     5
 72
     1
  1
2608
 73
     1
 44
1.0
  0
POINT
  5
5A5A
330
5A50
100
AcDbEntity
  8
Defpoints
 62
     0
440
 16777216
100
AcDbPoint
 10
902.9432017001459
 20
654.0344868626918
 30
0.0
  0
POINT
  5
5A5B
330
5A50
100
AcDbEntity
  8
Defpoints
 62
     0
440
 16777216
100
AcDbPoint
 10
902.9432017001459
 20
523.6344868626916
 30
0.0
  0
POINT
  5
5A5C
330
5A50
100
AcDbEntity
  8
Defpoints
 62
     0
440
 16777216
100
AcDbPoint
 10
849.4450092363594
 20
523.6344868626916
 30
0.0
  0
ENDBLK
  5
5A52
330
5A50
100
AcDbEntity
  8
0
100
AcDbBlockEnd
  0
BLOCK
  5
5DBB
330
5DBA
100
AcDbEntity
  8
0
100
AcDbBlockBegin
  2
*D67
 70
     1
 10
0.0
 20
0.0
 30
0.0
  3
*D67
  1

  0
LINE
  5
5DBD
330
5DBA
100
AcDbEntity
  8
0
 62
     0
440
 16777216
370
    -2
100
AcDbLine
 10
134.6691789571075
 20
276.825932335439
 30
0.0
 11
105.4598069617157
 21
276.825932335439
 31
0.0
  0
LINE
  5
5DBE
330
5DBA
100
AcDbEntity
  8
0
 62
     0
440
 16777216
370
    -2
100
AcDbLine
 10
134.6691789571075
 20
242.1759323354389
 30
0.0
 11
105.4598069617157
 21
242.1759323354389
 31
0.0
  0
LINE
  5
5DBF
330
5DBA
100
AcDbEntity
  8
0
 62
     0
440
 16777216
370
    -2
100
AcDbLine
 10
107.4598069617157
 20
271.825932335439
 30
0.0
 11
107.4598069617157
 21
264.500932335439
 31
0.0
  0
LINE
  5
5DC0
330
5DBA
100
AcDbEntity
  8
0
 62
     0
440
 16777216
370
    -2
100
AcDbLine
 10
107.4598069617157
 20
247.1759323354389
 30
0.0
 11
107.4598069617157
 21
254.500932335439
 31
0.0
  0
SOLID
  5
5DC1
330
5DBA
100
AcDbEntity
  8
0
 62
     0
440
 16777216
100
AcDbTrace
 10
108.293140295049
 20
271.825932335439
 30
0.0
 11
106.6264736283823
 21
271.825932335439
 31
0.0
 12
107.4598069617157
 22
276.825932335439
 32
0.0
 13
107.4598069617157
 23
276.825932335439
 33
0.0
  0
SOLID
  5
5DC2
330
5DBA
100
AcDbEntity
  8
0
 62
     0
440
 16777216
100
AcDbTrace
 10
106.6264736283823
 20
247.1759323354389
 30
0.0
 11
108.293140295049
 21
247.1759323354389
 31
0.0
 12
107.4598069617157
 22
242.1759323354389
 32
0.0
 13
107.4598069617157
 23
242.1759323354389
 33
0.0
  0
MTEXT
  5
5DC4
330
5DBA
100
AcDbEntity
  8
0
 62
     0
440
 16777216
100
AcDbMText
 10
107.4598069617157
 20
259.500932335439
 30
0.0
 40
5.0
 41
0.0
 46
0.0
 71
     5
 72
     1
  1
693(TYP)
 73
     1
 44
1.0
  0
POINT
  5
5DC5
330
5DBA
100
AcDbEntity
  8
Defpoints
 62
     0
440
 16777216
100
AcDbPoint
 10
136.6691789571075
 20
276.825932335439
 30
0.0
  0
POINT
  5
5DC6
330
5DBA
100
AcDbEntity
  8
Defpoints
 62
     0
440
 16777216
100
AcDbPoint
 10
136.6691789571075
 20
242.1759323354389
 30
0.0
  0
POINT
  5
5E0F
330
5DBA
100
AcDbEntity
  8
Defpoints
 62
     0
440
 16777216
100
AcDbPoint
 10
107.4598069617157
 20
242.1759323354389
 30
0.0
  0
ENDBLK
  5
5DBC
330
5DBA
100
AcDbEntity
  8
0
100
AcDbBlockEnd
  0
BLOCK
  5
5DCB
330
5DCA
100
AcDbEntity
  8
0
100
AcDbBlockBegin
  2
*D68
 70
     1
 10
0.0
 20
0.0
 30
0.0
  3
*D68
  1

  0
LINE
  5
5DCD
330
5DCA
100
AcDbEntity
  8
0
 62
     0
440
 16777216
370
    -2
100
AcDbLine
 10
134.6691789571075
 20
303.325932335439
 30
0.0
 11
80.71905544989112
 21
303.325932335439
 31
0.0
  0
LINE
  5
5DCE
330
5DCA
100
AcDbEntity
  8
0
 62
     0
440
 16777216
370
    -2
100
AcDbLine
 10
134.6691789571075
 20
181.0259323354388
 30
0.0
 11
80.71905544989112
 21
181.0259323354388
 31
0.0
  0
LINE
  5
5DCF
330
5DCA
100
AcDbEntity
  8
0
 62
     0
440
 16777216
370
    -2
100
AcDbLine
 10
82.71905544989113
 20
298.325932335439
 30
0.0
 11
82.71905544989113
 21
247.1759323354389
 31
0.0
  0
LINE
  5
5DD0
330
5DCA
100
AcDbEntity
  8
0
 62
     0
440
 16777216
370
    -2
100
AcDbLine
 10
82.71905544989113
 20
186.0259323354388
 30
0.0
 11
82.71905544989113
 21
237.1759323354389
 31
0.0
  0
SOLID
  5
5DD1
330
5DCA
100
AcDbEntity
  8
0
 62
     0
440
 16777216
100
AcDbTrace
 10
83.55238878322444
 20
298.325932335439
 30
0.0
 11
81.88572211655779
 21
298.325932335439
 31
0.0
 12
82.71905544989113
 22
303.325932335439
 32
0.0
 13
82.71905544989113
 23
303.325932335439
 33
0.0
  0
SOLID
  5
5DD2
330
5DCA
100
AcDbEntity
  8
0
 62
     0
440
 16777216
100
AcDbTrace
 10
81.88572211655779
 20
186.0259323354388
 30
0.0
 11
83.55238878322444
 21
186.0259323354388
 31
0.0
 12
82.71905544989113
 22
181.0259323354388
 32
0.0
 13
82.71905544989113
 23
181.0259323354388
 33
0.0
  0
MTEXT
  5
5DD3
330
5DCA
100
AcDbEntity
  8
0
 62
     0
440
 16777216
100
AcDbMText
 10
82.71905544989113
 20
242.1759323354389
 30
0.0
 40
5.0
 41
0.0
 46
0.0
 71
     5
 72
     1
  1
2446
 73
     1
 44
1.0
  0
POINT
  5
5DD4
330
5DCA
100
AcDbEntity
  8
Defpoints
 62
     0
440
 16777216
100
AcDbPoint
 10
136.6691789571075
 20
303.325932335439
 30
0.0
  0
POINT
  5
5DD5
330
5DCA
100
AcDbEntity
  8
Defpoints
 62
     0
440
 16777216
100
AcDbPoint
 10
136.6691789571075
 20
181.0259323354388
 30
0.0
  0
POINT
  5
5DD6
330
5DCA
100
AcDbEntity
  8
Defpoints
 62
     0
440
 16777216
100
AcDbPoint
 10
82.71905544989113
 20
181.0259323354388
 30
0.0
  0
ENDBLK
  5
5DCC
330
5DCA
100
AcDbEntity
  8
0
100
AcDbBlockEnd
  0
BLOCK
  5
5DDB
330
5DDA
100
AcDbEntity
  8
0
100
AcDbBlockBegin
  2
*D69
 70
     1
 10
0.0
 20
0.0
 30
0.0
  3
*D69
  1

  0
LINE
  5
5DDD
330
5DDA
100
AcDbEntity
  8
0
 62
     0
440
 16777216
370
    -2
100
AcDbLine
 10
136.6691789571075
 20
305.325932335439
 30
0.0
 11
136.6691789571075
 21
335.9248870174035
 31
0.0
  0
LINE
  5
5DDE
330
5DDA
100
AcDbEntity
  8
0
 62
     0
440
 16777216
370
    -2
100
AcDbLine
 10
337.4691789571077
 20
305.325932335439
 30
0.0
 11
337.4691789571077
 21
335.9248870174035
 31
0.0
  0
LINE
  5
5DDF
330
5DDA
100
AcDbEntity
  8
0
 62
     0
440
 16777216
370
    -2
100
AcDbLine
 10
141.6691789571075
 20
333.9248870174035
 30
0.0
 11
226.6525122904409
 21
333.9248870174035
 31
0.0
  0
LINE
  5
5DE0
330
5DDA
100
AcDbEntity
  8
0
 62
     0
440
 16777216
370
    -2
100
AcDbLine
 10
332.4691789571077
 20
333.9248870174035
 30
0.0
 11
247.4858456237743
 21
333.9248870174035
 31
0.0
  0
SOLID
  5
5DE1
330
5DDA
100
AcDbEntity
  8
0
 62
     0
440
 16777216
100
AcDbTrace
 10
141.6691789571075
 20
334.7582203507368
 30
0.0
 11
141.6691789571075
 21
333.0915536840702
 31
0.0
 12
136.6691789571075
 22
333.9248870174035
 32
0.0
 13
136.6691789571075
 23
333.9248870174035
 33
0.0
  0
SOLID
  5
5DE2
330
5DDA
100
AcDbEntity
  8
0
 62
     0
440
 16777216
100
AcDbTrace
 10
332.4691789571077
 20
333.0915536840702
 30
0.0
 11
332.4691789571077
 21
334.7582203507368
 31
0.0
 12
337.4691789571077
 22
333.9248870174035
 32
0.0
 13
337.4691789571077
 23
333.9248870174035
 33
0.0
  0
MTEXT
  5
5DE3
330
5DDA
100
AcDbEntity
  8
0
 62
     0
440
 16777216
100
AcDbMText
 10
237.0691789571076
 20
333.9248870174035
 30
0.0
 40
5.0
 41
0.0
 46
0.0
 71
     5
 72
     1
  1
4016
 73
     1
 44
1.0
  0
POINT
  5
5DE4
330
5DDA
100
AcDbEntity
  8
Defpoints
 62
     0
440
 16777216
100
AcDbPoint
 10
136.6691789571075
 20
303.325932335439
 30
0.0
  0
POINT
  5
5DE5
330
5DDA
100
AcDbEntity
  8
Defpoints
 62
     0
440
 16777216
100
AcDbPoint
 10
337.4691789571077
 20
303.325932335439
 30
0.0
  0
POINT
  5
5E08
330
5DDA
100
AcDbEntity
  8
Defpoints
 62
     0
440
 16777216
100
AcDbPoint
 10
337.4691789571077
 20
333.9248870174035
 30
0.0
  0
ENDBLK
  5
5DDC
330
5DDA
100
AcDbEntity
  8
0
100
AcDbBlockEnd
  0
BLOCK
  5
5DEA
330
5DE9
100
AcDbEntity
  8
0
100
AcDbBlockBegin
  2
*D70
 70
     1
 10
0.0
 20
0.0
 30
0.0
  3
*D70
  1

  0
LINE
  5
5DEC
330
5DE9
100
AcDbEntity
  8
0
 62
     0
440
 16777216
370
    -2
100
AcDbLine
 10
258.2191789571068
 20
305.325932335439
 30
0.0
 11
258.2191789571068
 21
319.463023103985
 31
0.0
  0
LINE
  5
5DED
330
5DE9
100
AcDbEntity
  8
0
 62
     0
440
 16777216
370
    -2
100
AcDbLine
 10
292.2191789571077
 20
305.325932335439
 30
0.0
 11
292.2191789571077
 21
319.463023103985
 31
0.0
  0
LINE
  5
5DEE
330
5DE9
100
AcDbEntity
  8
0
 62
     0
440
 16777216
370
    -2
100
AcDbLine
 10
263.2191789571068
 20
317.463023103985
 30
0.0
 11
266.4691789571072
 21
317.463023103985
 31
0.0
  0
LINE
  5
5DEF
330
5DE9
100
AcDbEntity
  8
0
 62
     0
440
 16777216
370
    -2
100
AcDbLine
 10
287.2191789571077
 20
317.463023103985
 30
0.0
 11
283.9691789571073
 21
317.463023103985
 31
0.0
  0
SOLID
  5
5DF0
330
5DE9
100
AcDbEntity
  8
0
 62
     0
440
 16777216
100
AcDbTrace
 10
263.2191789571068
 20
318.2963564373184
 30
0.0
 11
263.2191789571068
 21
316.6296897706518
 31
0.0
 12
258.2191789571068
 22
317.463023103985
 32
0.0
 13
258.2191789571068
 23
317.463023103985
 33
0.0
  0
SOLID
  5
5DF1
330
5DE9
100
AcDbEntity
  8
0
 62
     0
440
 16777216
100
AcDbTrace
 10
287.2191789571077
 20
316.6296897706518
 30
0.0
 11
287.2191789571077
 21
318.2963564373184
 31
0.0
 12
292.2191789571077
 22
317.463023103985
 32
0.0
 13
292.2191789571077
 23
317.463023103985
 33
0.0
  0
MTEXT
  5
5DF2
330
5DE9
100
AcDbEntity
  8
0
 62
     0
440
 16777216
100
AcDbMText
 10
275.2191789571073
 20
317.463023103985
 30
0.0
 40
5.0
 41
0.0
 46
0.0
 71
     5
 72
     1
  1
680
 73
     1
 44
1.0
  0
POINT
  5
5DF3
330
5DE9
100
AcDbEntity
  8
Defpoints
 62
     0
440
 16777216
100
AcDbPoint
 10
258.2191789571068
 20
303.325932335439
 30
0.0
  0
POINT
  5
5DF4
330
5DE9
100
AcDbEntity
  8
Defpoints
 62
     0
440
 16777216
100
AcDbPoint
 10
292.2191789571077
 20
303.325932335439
 30
0.0
  0
POINT
  5
5E09
330
5DE9
100
AcDbEntity
  8
Defpoints
 62
     0
440
 16777216
100
AcDbPoint
 10
292.2191789571077
 20
317.463023103985
 30
0.0
  0
ENDBLK
  5
5DEB
330
5DE9
100
AcDbEntity
  8
0
100
AcDbBlockEnd
  0
BLOCK
  5
6044
330
6043
100
AcDbEntity
  8
0
100
AcDbBlockBegin
  2
*D71
 70
     1
 10
0.0
 20
0.0
 30
0.0
  3
*D71
  1

  0
LINE
  5
6046
330
6043
100
AcDbEntity
  8
0
 62
     0
440
 16777216
370
    -2
100
AcDbLine
 10
610.0135209555692
 20
305.3259323354389
 30
0.0
 11
610.0135209555692
 21
323.1634697319851
 31
0.0
  0
LINE
  5
6047
330
6043
100
AcDbEntity
  8
0
 62
     0
440
 16777216
370
    -2
100
AcDbLine
 10
639.8885209555692
 20
305.3259323354389
 30
0.0
 11
639.8885209555692
 21
323.1634697319851
 31
0.0
  0
LINE
  5
6048
330
6043
100
AcDbEntity
  8
0
 62
     0
440
 16777216
370
    -2
100
AcDbLine
 10
615.0135209555692
 20
321.1634697319851
 30
0.0
 11
615.7843542889025
 21
321.1634697319851
 31
0.0
  0
LINE
  5
6049
330
6043
100
AcDbEntity
  8
0
 62
     0
440
 16777216
370
    -2
100
AcDbLine
 10
634.8885209555692
 20
321.1634697319851
 30
0.0
 11
634.1176876222358
 21
321.1634697319851
 31
0.0
  0
SOLID
  5
604A
330
6043
100
AcDbEntity
  8
0
 62
     0
440
 16777216
100
AcDbTrace
 10
615.0135209555692
 20
321.9968030653184
 30
0.0
 11
615.0135209555692
 21
320.3301363986517
 31
0.0
 12
610.0135209555692
 22
321.1634697319851
 32
0.0
 13
610.0135209555692
 23
321.1634697319851
 33
0.0
  0
SOLID
  5
604B
330
6043
100
AcDbEntity
  8
0
 62
     0
440
 16777216
100
AcDbTrace
 10
634.8885209555692
 20
320.3301363986517
 30
0.0
 11
634.8885209555692
 21
321.9968030653184
 31
0.0
 12
639.8885209555692
 22
321.1634697319851
 32
0.0
 13
639.8885209555692
 23
321.1634697319851
 33
0.0
  0
MTEXT
  5
604C
330
6043
100
AcDbEntity
  8
0
 62
     0
440
 16777216
100
AcDbMText
 10
624.9510209555692
 20
321.1634697319851
 30
0.0
 40
5.0
 41
0.0
 46
0.0
 71
     5
 72
     1
  1
598
 73
     1
 44
1.0
  0
POINT
  5
604D
330
6043
100
AcDbEntity
  8
Defpoints
 62
     0
440
 16777216
100
AcDbPoint
 10
610.0135209555692
 20
303.3259323354389
 30
0.0
  0
POINT
  5
604E
330
6043
100
AcDbEntity
  8
Defpoints
 62
     0
440
 16777216
100
AcDbPoint
 10
639.8885209555692
 20
303.3259323354389
 30
0.0
  0
POINT
  5
6081
330
6043
100
AcDbEntity
  8
Defpoints
 62
     0
440
 16777216
100
AcDbPoint
 10
639.8885209555692
 20
321.1634697319851
 30
0.0
  0
ENDBLK
  5
6045
330
6043
100
AcDbEntity
  8
0
100
AcDbBlockEnd
  0
BLOCK
  5
6053
330
6052
100
AcDbEntity
  8
0
100
AcDbBlockBegin
  2
*D72
 70
     1
 10
0.0
 20
0.0
 30
0.0
  3
*D72
  1

  0
LINE
  5
6055
330
6052
100
AcDbEntity
  8
0
 62
     0
440
 16777216
370
    -2
100
AcDbLine
 10
488.4635209555689
 20
305.3259323354389
 30
0.0
 11
488.4635209555689
 21
341.9969581075059
 31
0.0
  0
LINE
  5
6056
330
6052
100
AcDbEntity
  8
0
 62
     0
440
 16777216
370
    -2
100
AcDbLine
 10
689.2635209555693
 20
305.3259323354389
 30
0.0
 11
689.2635209555693
 21
341.9969581075059
 31
0.0
  0
LINE
  5
6057
330
6052
100
AcDbEntity
  8
0
 62
     0
440
 16777216
370
    -2
100
AcDbLine
 10
493.463520955569
 20
339.9969581075059
 30
0.0
 11
578.4468542889023
 21
339.9969581075059
 31
0.0
  0
LINE
  5
6058
330
6052
100
AcDbEntity
  8
0
 62
     0
440
 16777216
370
    -2
100
AcDbLine
 10
684.2635209555692
 20
339.9969581075059
 30
0.0
 11
599.2801876222357
 21
339.9969581075059
 31
0.0
  0
SOLID
  5
6059
330
6052
100
AcDbEntity
  8
0
 62
     0
440
 16777216
100
AcDbTrace
 10
493.463520955569
 20
340.8302914408392
 30
0.0
 11
493.463520955569
 21
339.1636247741725
 31
0.0
 12
488.4635209555689
 22
339.9969581075059
 32
0.0
 13
488.4635209555689
 23
339.9969581075059
 33
0.0
  0
SOLID
  5
605A
330
6052
100
AcDbEntity
  8
0
 62
     0
440
 16777216
100
AcDbTrace
 10
684.2635209555692
 20
339.1636247741725
 30
0.0
 11
684.2635209555692
 21
340.8302914408392
 31
0.0
 12
689.2635209555693
 22
339.9969581075059
 32
0.0
 13
689.2635209555693
 23
339.9969581075059
 33
0.0
  0
MTEXT
  5
605B
330
6052
100
AcDbEntity
  8
0
 62
     0
440
 16777216
100
AcDbMText
 10
588.8635209555691
 20
339.9969581075059
 30
0.0
 40
5.0
 41
0.0
 46
0.0
 71
     5
 72
     1
  1
4016
 73
     1
 44
1.0
  0
POINT
  5
605C
330
6052
100
AcDbEntity
  8
Defpoints
 62
     0
440
 16777216
100
AcDbPoint
 10
488.4635209555689
 20
303.3259323354389
 30
0.0
  0
POINT
  5
605D
330
6052
100
AcDbEntity
  8
Defpoints
 62
     0
440
 16777216
100
AcDbPoint
 10
689.2635209555693
 20
303.3259323354389
 30
0.0
  0
POINT
  5
6080
330
6052
100
AcDbEntity
  8
Defpoints
 62
     0
440
 16777216
100
AcDbPoint
 10
689.2635209555693
 20
339.9969581075059
 30
0.0
  0
ENDBLK
  5
6054
330
6052
100
AcDbEntity
  8
0
100
AcDbBlockEnd
  0
BLOCK
  5
6062
330
6061
100
AcDbEntity
  8
0
100
AcDbBlockBegin
  2
*D73
 70
     1
 10
0.0
 20
0.0
 30
0.0
  3
*D73
  1

  0
LINE
  5
6064
330
6061
100
AcDbEntity
  8
0
 62
     0
440
 16777216
370
    -2
100
AcDbLine
 10
486.4635209555689
 20
303.3259323354389
 30
0.0
 11
436.4829802074662
 21
303.3259323354389
 31
0.0
  0
LINE
  5
6065
330
6061
100
AcDbEntity
  8
0
 62
     0
440
 16777216
370
    -2
100
AcDbLine
 10
486.4635209555689
 20
181.0259323354388
 30
0.0
 11
436.4829802074662
 21
181.0259323354388
 31
0.0
  0
LINE
  5
6066
330
6061
100
AcDbEntity
  8
0
 62
     0
440
 16777216
370
    -2
100
AcDbLine
 10
438.4829802074661
 20
298.3259323354389
 30
0.0
 11
438.4829802074661
 21
247.1759323354389
 31
0.0
  0
LINE
  5
6067
330
6061
100
AcDbEntity
  8
0
 62
     0
440
 16777216
370
    -2
100
AcDbLine
 10
438.4829802074661
 20
186.0259323354388
 30
0.0
 11
438.4829802074661
 21
237.1759323354388
 31
0.0
  0
SOLID
  5
6068
330
6061
100
AcDbEntity
  8
0
 62
     0
440
 16777216
100
AcDbTrace
 10
439.3163135407994
 20
298.3259323354389
 30
0.0
 11
437.6496468741328
 21
298.3259323354389
 31
0.0
 12
438.4829802074661
 22
303.3259323354389
 32
0.0
 13
438.4829802074661
 23
303.3259323354389
 33
0.0
  0
SOLID
  5
6069
330
6061
100
AcDbEntity
  8
0
 62
     0
440
 16777216
100
AcDbTrace
 10
437.6496468741328
 20
186.0259323354388
 30
0.0
 11
439.3163135407994
 21
186.0259323354388
 31
0.0
 12
438.4829802074661
 22
181.0259323354388
 32
0.0
 13
438.4829802074661
 23
181.0259323354388
 33
0.0
  0
MTEXT
  5
606A
330
6061
100
AcDbEntity
  8
0
 62
     0
440
 16777216
100
AcDbMText
 10
438.4829802074661
 20
242.1759323354389
 30
0.0
 40
5.0
 41
0.0
 46
0.0
 71
     5
 72
     1
  1
2446
 73
     1
 44
1.0
  0
POINT
  5
606B
330
6061
100
AcDbEntity
  8
Defpoints
 62
     0
440
 16777216
100
AcDbPoint
 10
488.4635209555689
 20
303.3259323354389
 30
0.0
  0
POINT
  5
606C
330
6061
100
AcDbEntity
  8
Defpoints
 62
     0
440
 16777216
100
AcDbPoint
 10
488.4635209555689
 20
181.0259323354388
 30
0.0
  0
POINT
  5
606D
330
6061
100
AcDbEntity
  8
Defpoints
 62
     0
440
 16777216
100
AcDbPoint
 10
438.4829802074661
 20
181.0259323354388
 30
0.0
  0
ENDBLK
  5
6063
330
6061
100
AcDbEntity
  8
0
100
AcDbBlockEnd
  0
BLOCK
  5
6072
330
6071
100
AcDbEntity
  8
0
100
AcDbBlockBegin
  2
*D74
 70
     1
 10
0.0
 20
0.0
 30
0.0
  3
*D74
  1

  0
LINE
  5
6074
330
6071
100
AcDbEntity
  8
0
 62
     0
440
 16777216
370
    -2
100
AcDbLine
 10
486.4635209555689
 20
276.8259323354388
 30
0.0
 11
462.7543014181043
 21
276.8259323354388
 31
0.0
  0
LINE
  5
6075
330
6071
100
AcDbEntity
  8
0
 62
     0
440
 16777216
370
    -2
100
AcDbLine
 10
486.4635209555689
 20
242.1759323354388
 30
0.0
 11
462.7543014181043
 21
242.1759323354388
 31
0.0
  0
LINE
  5
6076
330
6071
100
AcDbEntity
  8
0
 62
     0
440
 16777216
370
    -2
100
AcDbLine
 10
464.7543014181043
 20
271.8259323354388
 30
0.0
 11
464.7543014181043
 21
264.5009323354388
 31
0.0
  0
LINE
  5
6077
330
6071
100
AcDbEntity
  8
0
 62
     0
440
 16777216
370
    -2
100
AcDbLine
 10
464.7543014181043
 20
247.1759323354388
 30
0.0
 11
464.7543014181043
 21
254.5009323354388
 31
0.0
  0
SOLID
  5
6078
330
6071
100
AcDbEntity
  8
0
 62
     0
440
 16777216
100
AcDbTrace
 10
465.5876347514376
 20
271.8259323354388
 30
0.0
 11
463.9209680847709
 21
271.8259323354388
 31
0.0
 12
464.7543014181043
 22
276.8259323354388
 32
0.0
 13
464.7543014181043
 23
276.8259323354388
 33
0.0
  0
SOLID
  5
6079
330
6071
100
AcDbEntity
  8
0
 62
     0
440
 16777216
100
AcDbTrace
 10
463.9209680847709
 20
247.1759323354388
 30
0.0
 11
465.5876347514376
 21
247.1759323354388
 31
0.0
 12
464.7543014181043
 22
242.1759323354388
 32
0.0
 13
464.7543014181043
 23
242.1759323354388
 33
0.0
  0
MTEXT
  5
607B
330
6071
100
AcDbEntity
  8
0
 62
     0
440
 16777216
100
AcDbMText
 10
464.7543014181043
 20
259.5009323354389
 30
0.0
 40
5.0
 41
0.0
 46
0.0
 71
     5
 72
     1
  1
693(TYP)
 73
     1
 44
1.0
  0
POINT
  5
607C
330
6071
100
AcDbEntity
  8
Defpoints
 62
     0
440
 16777216
100
AcDbPoint
 10
488.4635209555689
 20
276.8259323354388
 30
0.0
  0
POINT
  5
607D
330
6071
100
AcDbEntity
  8
Defpoints
 62
     0
440
 16777216
100
AcDbPoint
 10
488.4635209555689
 20
242.1759323354388
 30
0.0
  0
POINT
  5
607F
330
6071
100
AcDbEntity
  8
Defpoints
 62
     0
440
 16777216
100
AcDbPoint
 10
464.7543014181043
 20
242.1759323354388
 30
0.0
  0
ENDBLK
  5
6073
330
6071
100
AcDbEntity
  8
0
100
AcDbBlockEnd
  0
BLOCK
  5
6256
330
6255
100
AcDbEntity
  8
0
100
AcDbBlockBegin
  2
*D75
 70
     1
 10
0.0
 20
0.0
 30
0.0
  3
*D75
  1

  0
LINE
  5
6258
330
6255
100
AcDbEntity
  8
0
 62
     0
440
 16777216
370
    -2
100
AcDbLine
 10
930.0186746254366
 20
313.4259323354388
 30
0.0
 11
930.0186746254366
 21
324.3716932022235
 31
0.0
  0
LINE
  5
6259
330
6255
100
AcDbEntity
  8
0
 62
     0
440
 16777216
370
    -2
100
AcDbLine
 10
964.6686746254372
 20
313.4259323354388
 30
0.0
 11
964.6686746254372
 21
324.3716932022235
 31
0.0
  0
LINE
  5
625A
330
6255
100
AcDbEntity
  8
0
 62
     0
440
 16777216
370
    -2
100
AcDbLine
 10
964.6686746254372
 20
322.3716932022235
 30
0.0
 11
969.6686746254373
 21
322.3716932022235
 31
0.0
  0
LINE
  5
625B
330
6255
100
AcDbEntity
  8
0
 62
     0
440
 16777216
370
    -2
100
AcDbLine
 10
935.0186746254367
 20
322.3716932022235
 30
0.0
 11
959.6686746254373
 21
322.3716932022235
 31
0.0
  0
SOLID
  5
625C
330
6255
100
AcDbEntity
  8
0
 62
     0
440
 16777216
100
AcDbTrace
 10
935.0186746254367
 20
323.2050265355568
 30
0.0
 11
935.0186746254367
 21
321.5383598688902
 31
0.0
 12
930.0186746254366
 22
322.3716932022235
 32
0.0
 13
930.0186746254366
 23
322.3716932022235
 33
0.0
  0
SOLID
  5
625D
330
6255
100
AcDbEntity
  8
0
 62
     0
440
 16777216
100
AcDbTrace
 10
959.6686746254373
 20
321.5383598688902
 30
0.0
 11
959.6686746254373
 21
323.2050265355568
 31
0.0
 12
964.6686746254372
 22
322.3716932022235
 32
0.0
 13
964.6686746254372
 23
322.3716932022235
 33
0.0
  0
MTEXT
  5
625F
330
6255
100
AcDbEntity
  8
0
 62
     0
440
 16777216
100
AcDbMText
 10
989.6686746254372
 20
322.3716932022235
 30
0.0
 40
5.0
 41
0.0
 46
0.0
 71
     5
 72
     1
  1
693(TYP)
 73
     1
 44
1.0
  0
POINT
  5
6260
330
6255
100
AcDbEntity
  8
Defpoints
 62
     0
440
 16777216
100
AcDbPoint
 10
930.0186746254366
 20
311.4259323354388
 30
0.0
  0
POINT
  5
6290
330
6255
100
AcDbEntity
  8
Defpoints
 62
     0
440
 16777216
100
AcDbPoint
 10
964.6686746254372
 20
311.4259323354388
 30
0.0
  0
POINT
  5
6299
330
6255
100
AcDbEntity
  8
Defpoints
 62
     0
440
 16777216
100
AcDbPoint
 10
964.6686746254372
 20
322.3716932022235
 30
0.0
  0
ENDBLK
  5
6257
330
6255
100
AcDbEntity
  8
0
100
AcDbBlockEnd
  0
BLOCK
  5
6265
330
6264
100
AcDbEntity
  8
0
100
AcDbBlockBegin
  2
*D76
 70
     1
 10
0.0
 20
0.0
 30
0.0
  3
*D76
  1

  0
LINE
  5
6267
330
6264
100
AcDbEntity
  8
0
 62
     0
440
 16777216
370
    -2
100
AcDbLine
 10
903.5186746254366
 20
313.4259323354388
 30
0.0
 11
903.5186746254366
 21
341.112571758242
 31
0.0
  0
LINE
  5
6268
330
6264
100
AcDbEntity
  8
0
 62
     0
440
 16777216
370
    -2
100
AcDbLine
 10
1025.818674625438
 20
313.4259323354388
 30
0.0
 11
1025.818674625438
 21
341.112571758242
 31
0.0
  0
LINE
  5
6269
330
6264
100
AcDbEntity
  8
0
 62
     0
440
 16777216
370
    -2
100
AcDbLine
 10
908.5186746254365
 20
339.112571758242
 30
0.0
 11
953.0020079587705
 21
339.112571758242
 31
0.0
  0
LINE
  5
626A
330
6264
100
AcDbEntity
  8
0
 62
     0
440
 16777216
370
    -2
100
AcDbLine
 10
1020.818674625438
 20
339.112571758242
 30
0.0
 11
976.3353412921041
 21
339.112571758242
 31
0.0
  0
SOLID
  5
626B
330
6264
100
AcDbEntity
  8
0
 62
     0
440
 16777216
100
AcDbTrace
 10
908.5186746254365
 20
339.9459050915754
 30
0.0
 11
908.5186746254365
 21
338.2792384249087
 31
0.0
 12
903.5186746254366
 22
339.112571758242
 32
0.0
 13
903.5186746254366
 23
339.112571758242
 33
0.0
  0
SOLID
  5
626C
330
6264
100
AcDbEntity
  8
0
 62
     0
440
 16777216
100
AcDbTrace
 10
1020.818674625438
 20
338.2792384249087
 30
0.0
 11
1020.818674625438
 21
339.9459050915754
 31
0.0
 12
1025.818674625438
 22
339.112571758242
 32
0.0
 13
1025.818674625438
 23
339.112571758242
 33
0.0
  0
MTEXT
  5
626D
330
6264
100
AcDbEntity
  8
0
 62
     0
440
 16777216
100
AcDbMText
 10
964.6686746254372
 20
339.112571758242
 30
0.0
 40
5.0
 41
0.0
 46
0.0
 71
     5
 72
     1
  1
2446
 73
     1
 44
1.0
  0
POINT
  5
626E
330
6264
100
AcDbEntity
  8
Defpoints
 62
     0
440
 16777216
100
AcDbPoint
 10
903.5186746254366
 20
311.4259323354388
 30
0.0
  0
POINT
  5
626F
330
6264
100
AcDbEntity
  8
Defpoints
 62
     0
440
 16777216
100
AcDbPoint
 10
1025.818674625438
 20
311.4259323354388
 30
0.0
  0
POINT
  5
6291
330
6264
100
AcDbEntity
  8
Defpoints
 62
     0
440
 16777216
100
AcDbPoint
 10
1025.818674625438
 20
339.112571758242
 30
0.0
  0
ENDBLK
  5
6266
330
6264
100
AcDbEntity
  8
0
100
AcDbBlockEnd
  0
BLOCK
  5
6274
330
6273
100
AcDbEntity
  8
0
100
AcDbBlockBegin
  2
*D77
 70
     1
 10
0.0
 20
0.0
 30
0.0
  3
*D77
  1

  0
LINE
  5
6276
330
6273
100
AcDbEntity
  8
0
 62
     0
440
 16777216
370
    -2
100
AcDbLine
 10
901.5186746254366
 20
293.9259323354388
 30
0.0
 11
876.8993376020372
 21
293.9259323354388
 31
0.0
  0
LINE
  5
6277
330
6273
100
AcDbEntity
  8
0
 62
     0
440
 16777216
370
    -2
100
AcDbLine
 10
901.5186746254366
 20
270.0759323354386
 30
0.0
 11
876.8993376020372
 21
270.0759323354386
 31
0.0
  0
LINE
  5
6278
330
6273
100
AcDbEntity
  8
0
 62
     0
440
 16777216
370
    -2
100
AcDbLine
 10
878.8993376020371
 20
288.9259323354387
 30
0.0
 11
878.8993376020371
 21
287.0009323354387
 31
0.0
  0
LINE
  5
6279
330
6273
100
AcDbEntity
  8
0
 62
     0
440
 16777216
370
    -2
100
AcDbLine
 10
878.8993376020371
 20
275.0759323354387
 30
0.0
 11
878.8993376020371
 21
277.0009323354387
 31
0.0
  0
SOLID
  5
627A
330
6273
100
AcDbEntity
  8
0
 62
     0
440
 16777216
100
AcDbTrace
 10
879.7326709353708
 20
288.9259323354387
 30
0.0
 11
878.066004268704
 21
288.9259323354387
 31
0.0
 12
878.8993376020371
 22
293.9259323354388
 32
0.0
 13
878.8993376020371
 23
293.9259323354388
 33
0.0
  0
SOLID
  5
627B
330
6273
100
AcDbEntity
  8
0
 62
     0
440
 16777216
100
AcDbTrace
 10
878.066004268704
 20
275.0759323354387
 30
0.0
 11
879.7326709353708
 21
275.0759323354387
 31
0.0
 12
878.8993376020371
 22
270.0759323354386
 32
0.0
 13
878.8993376020371
 23
270.0759323354386
 33
0.0
  0
MTEXT
  5
627D
330
6273
100
AcDbEntity
  8
0
 62
     0
440
 16777216
100
AcDbMText
 10
878.8993376020371
 20
282.0009323354387
 30
0.0
 40
5.0
 41
0.0
 46
0.0
 71
     5
 72
     1
  1
477(TYP)
 73
     1
 44
1.0
  0
POINT
  5
627E
330
6273
100
AcDbEntity
  8
Defpoints
 62
     0
440
 16777216
100
AcDbPoint
 10
903.5186746254366
 20
293.9259323354388
 30
0.0
  0
POINT
  5
627F
330
6273
100
AcDbEntity
  8
Defpoints
 62
     0
440
 16777216
100
AcDbPoint
 10
903.5186746254366
 20
270.0759323354386
 30
0.0
  0
POINT
  5
6297
330
6273
100
AcDbEntity
  8
Defpoints
 62
     0
440
 16777216
100
AcDbPoint
 10
878.8993376020371
 20
270.0759323354386
 30
0.0
  0
ENDBLK
  5
6275
330
6273
100
AcDbEntity
  8
0
100
AcDbBlockEnd
  0
BLOCK
  5
6284
330
6283
100
AcDbEntity
  8
0
100
AcDbBlockBegin
  2
*D78
 70
     1
 10
0.0
 20
0.0
 30
0.0
  3
*D78
  1

  0
LINE
  5
6286
330
6283
100
AcDbEntity
  8
0
 62
     0
440
 16777216
370
    -2
100
AcDbLine
 10
901.5186746254366
 20
311.4259323354388
 30
0.0
 11
854.5781661940127
 21
311.4259323354388
 31
0.0
  0
LINE
  5
6287
330
6283
100
AcDbEntity
  8
0
 62
     0
440
 16777216
370
    -2
100
AcDbLine
 10
901.5186746254366
 20
181.0259323354388
 30
0.0
 11
854.5781661940127
 21
181.0259323354388
 31
0.0
  0
LINE
  5
6288
330
6283
100
AcDbEntity
  8
0
 62
     0
440
 16777216
370
    -2
100
AcDbLine
 10
856.5781661940127
 20
306.4259323354388
 30
0.0
 11
856.5781661940127
 21
251.2259323354388
 31
0.0
  0
LINE
  5
6289
330
6283
100
AcDbEntity
  8
0
 62
     0
440
 16777216
370
    -2
100
AcDbLine
 10
856.5781661940127
 20
186.0259323354388
 30
0.0
 11
856.5781661940127
 21
241.2259323354388
 31
0.0
  0
SOLID
  5
628A
330
6283
100
AcDbEntity
  8
0
 62
     0
440
 16777216
100
AcDbTrace
 10
857.4114995273461
 20
306.4259323354388
 30
0.0
 11
855.7448328606794
 21
306.4259323354388
 31
0.0
 12
856.5781661940127
 22
311.4259323354388
 32
0.0
 13
856.5781661940127
 23
311.4259323354388
 33
0.0
  0
SOLID
  5
628B
330
6283
100
AcDbEntity
  8
0
 62
     0
440
 16777216
100
AcDbTrace
 10
855.7448328606794
 20
186.0259323354388
 30
0.0
 11
857.4114995273461
 21
186.0259323354388
 31
0.0
 12
856.5781661940127
 22
181.0259323354388
 32
0.0
 13
856.5781661940127
 23
181.0259323354388
 33
0.0
  0
MTEXT
  5
628C
330
6283
100
AcDbEntity
  8
0
 62
     0
440
 16777216
100
AcDbMText
 10
856.5781661940127
 20
246.2259323354388
 30
0.0
 40
5.0
 41
0.0
 46
0.0
 71
     5
 72
     1
  1
2608
 73
     1
 44
1.0
  0
POINT
  5
628D
330
6283
100
AcDbEntity
  8
Defpoints
 62
     0
440
 16777216
100
AcDbPoint
 10
903.5186746254366
 20
311.4259323354388
 30
0.0
  0
POINT
  5
628E
330
6283
100
AcDbEntity
  8
Defpoints
 62
     0
440
 16777216
100
AcDbPoint
 10
903.5186746254366
 20
181.0259323354388
 30
0.0
  0
POINT
  5
628F
330
6283
100
AcDbEntity
  8
Defpoints
 62
     0
440
 16777216
100
AcDbPoint
 10
856.5781661940127
 20
181.0259323354388
 30
0.0
  0
ENDBLK
  5
6285
330
6283
100
AcDbEntity
  8
0
100
AcDbBlockEnd
  0
BLOCK
  5
6353
330
6352
100
AcDbEntity
  8
0
100
AcDbBlockBegin
  2
*D79
 70
     1
 10
0.0
 20
0.0
 30
0.0
  3
*D79
  1

  0
LINE
  5
6355
330
6352
100
AcDbEntity
  8
0
 62
     0
440
 16777216
370
    -2
100
AcDbLine
 10
1710.686935259614
 20
632.0505764171408
 30
0.0
 11
1661.300144709537
 21
632.0505764171408
 31
0.0
  0
LINE
  5
6356
330
6352
100
AcDbEntity
  8
0
 62
     0
440
 16777216
370
    -2
100
AcDbLine
 10
1710.686935259614
 20
501.6505764171411
 30
0.0
 11
1661.300144709537
 21
501.6505764171411
 31
0.0
  0
LINE
  5
6357
330
6352
100
AcDbEntity
  8
0
 62
     0
440
 16777216
370
    -2
100
AcDbLine
 10
1663.300144709537
 20
627.0505764171408
 30
0.0
 11
1663.300144709537
 21
571.8505764171409
 31
0.0
  0
LINE
  5
6358
330
6352
100
AcDbEntity
  8
0
 62
     0
440
 16777216
370
    -2
100
AcDbLine
 10
1663.300144709537
 20
506.6505764171409
 30
0.0
 11
1663.300144709537
 21
561.8505764171409
 31
0.0
  0
SOLID
  5
6359
330
6352
100
AcDbEntity
  8
0
 62
     0
440
 16777216
100
AcDbTrace
 10
1664.13347804287
 20
627.0505764171408
 30
0.0
 11
1662.466811376203
 21
627.0505764171408
 31
0.0
 12
1663.300144709537
 22
632.0505764171408
 32
0.0
 13
1663.300144709537
 23
632.0505764171408
 33
0.0
  0
SOLID
  5
635A
330
6352
100
AcDbEntity
  8
0
 62
     0
440
 16777216
100
AcDbTrace
 10
1662.466811376203
 20
506.6505764171409
 30
0.0
 11
1664.13347804287
 21
506.6505764171409
 31
0.0
 12
1663.300144709537
 22
501.6505764171411
 32
0.0
 13
1663.300144709537
 23
501.6505764171411
 33
0.0
  0
MTEXT
  5
635B
330
6352
100
AcDbEntity
  8
0
 62
     0
440
 16777216
100
AcDbMText
 10
1663.300144709537
 20
566.8505764171409
 30
0.0
 40
5.0
 41
0.0
 46
0.0
 71
     5
 72
     1
  1
2608
 73
     1
 44
1.0
  0
POINT
  5
635C
330
6352
100
AcDbEntity
  8
Defpoints
 62
     0
440
 16777216
100
AcDbPoint
 10
1712.686935259614
 20
632.0505764171408
 30
0.0
  0
POINT
  5
635D
330
6352
100
AcDbEntity
  8
Defpoints
 62
     0
440
 16777216
100
AcDbPoint
 10
1712.686935259614
 20
501.6505764171411
 30
0.0
  0
POINT
  5
635E
330
6352
100
AcDbEntity
  8
Defpoints
 62
     0
440
 16777216
100
AcDbPoint
 10
1663.300144709537
 20
501.6505764171411
 30
0.0
  0
ENDBLK
  5
6354
330
6352
100
AcDbEntity
  8
0
100
AcDbBlockEnd
  0
BLOCK
  5
6363
330
6362
100
AcDbEntity
  8
0
100
AcDbBlockBegin
  2
*D80
 70
     1
 10
0.0
 20
0.0
 30
0.0
  3
*D80
  1

  0
LINE
  5
6365
330
6362
100
AcDbEntity
  8
0
 62
     0
440
 16777216
370
    -2
100
AcDbLine
 10
1712.686935259614
 20
634.0505764171409
 30
0.0
 11
1712.686935259614
 21
667.0805038607912
 31
0.0
  0
LINE
  5
6366
330
6362
100
AcDbEntity
  8
0
 62
     0
440
 16777216
370
    -2
100
AcDbLine
 10
1834.986935259614
 20
634.0505764171409
 30
0.0
 11
1834.986935259614
 21
667.0805038607912
 31
0.0
  0
LINE
  5
6367
330
6362
100
AcDbEntity
  8
0
 62
     0
440
 16777216
370
    -2
100
AcDbLine
 10
1717.686935259614
 20
665.0805038607914
 30
0.0
 11
1762.170268592948
 21
665.0805038607914
 31
0.0
  0
LINE
  5
6368
330
6362
100
AcDbEntity
  8
0
 62
     0
440
 16777216
370
    -2
100
AcDbLine
 10
1829.986935259614
 20
665.0805038607914
 30
0.0
 11
1785.503601926281
 21
665.0805038607914
 31
0.0
  0
SOLID
  5
6369
330
6362
100
AcDbEntity
  8
0
 62
     0
440
 16777216
100
AcDbTrace
 10
1717.686935259614
 20
665.9138371941248
 30
0.0
 11
1717.686935259614
 21
664.2471705274579
 31
0.0
 12
1712.686935259614
 22
665.0805038607914
 32
0.0
 13
1712.686935259614
 23
665.0805038607914
 33
0.0
  0
SOLID
  5
636A
330
6362
100
AcDbEntity
  8
0
 62
     0
440
 16777216
100
AcDbTrace
 10
1829.986935259614
 20
664.2471705274579
 30
0.0
 11
1829.986935259614
 21
665.9138371941248
 31
0.0
 12
1834.986935259614
 22
665.0805038607914
 32
0.0
 13
1834.986935259614
 23
665.0805038607914
 33
0.0
  0
MTEXT
  5
636B
330
6362
100
AcDbEntity
  8
0
 62
     0
440
 16777216
100
AcDbMText
 10
1773.836935259615
 20
665.0805038607914
 30
0.0
 40
5.0
 41
0.0
 46
0.0
 71
     5
 72
     1
  1
2446
 73
     1
 44
1.0
  0
POINT
  5
636C
330
6362
100
AcDbEntity
  8
Defpoints
 62
     0
440
 16777216
100
AcDbPoint
 10
1712.686935259614
 20
632.0505764171408
 30
0.0
  0
POINT
  5
636D
330
6362
100
AcDbEntity
  8
Defpoints
 62
     0
440
 16777216
100
AcDbPoint
 10
1834.986935259614
 20
632.0505764171408
 30
0.0
  0
POINT
  5
6396
330
6362
100
AcDbEntity
  8
Defpoints
 62
     0
440
 16777216
100
AcDbPoint
 10
1834.986935259614
 20
665.0805038607914
 30
0.0
  0
ENDBLK
  5
6364
330
6362
100
AcDbEntity
  8
0
100
AcDbBlockEnd
  0
BLOCK
  5
6372
330
6371
100
AcDbEntity
  8
0
100
AcDbBlockBegin
  2
*D81
 70
     1
 10
0.0
 20
0.0
 30
0.0
  3
*D81
  1

  0
LINE
  5
6374
330
6371
100
AcDbEntity
  8
0
 62
     0
440
 16777216
370
    -2
100
AcDbLine
 10
1733.186935259614
 20
628.0505764171408
 30
0.0
 11
1733.186935259614
 21
650.2474741796476
 31
0.0
  0
LINE
  5
6375
330
6371
100
AcDbEntity
  8
0
 62
     0
440
 16777216
370
    -2
100
AcDbLine
 10
1767.836935259614
 20
628.0505764171408
 30
0.0
 11
1767.836935259614
 21
650.2474741796476
 31
0.0
  0
LINE
  5
6376
330
6371
100
AcDbEntity
  8
0
 62
     0
440
 16777216
370
    -2
100
AcDbLine
 10
1767.836935259614
 20
648.2474741796477
 30
0.0
 11
1772.836935259613
 21
648.2474741796477
 31
0.0
  0
LINE
  5
6377
330
6371
100
AcDbEntity
  8
0
 62
     0
440
 16777216
370
    -2
100
AcDbLine
 10
1738.186935259613
 20
648.2474741796477
 30
0.0
 11
1762.836935259614
 21
648.2474741796477
 31
0.0
  0
SOLID
  5
6378
330
6371
100
AcDbEntity
  8
0
 62
     0
440
 16777216
100
AcDbTrace
 10
1738.186935259613
 20
649.0808075129811
 30
0.0
 11
1738.186935259613
 21
647.4141408463142
 31
0.0
 12
1733.186935259614
 22
648.2474741796477
 32
0.0
 13
1733.186935259614
 23
648.2474741796477
 33
0.0
  0
SOLID
  5
637A
330
6371
100
AcDbEntity
  8
0
 62
     0
440
 16777216
100
AcDbTrace
 10
1762.836935259614
 20
647.4141408463142
 30
0.0
 11
1762.836935259614
 21
649.0808075129811
 31
0.0
 12
1767.836935259614
 22
648.2474741796477
 32
0.0
 13
1767.836935259614
 23
648.2474741796477
 33
0.0
  0
MTEXT
  5
637B
330
6371
100
AcDbEntity
  8
0
 62
     0
440
 16777216
100
AcDbMText
 10
1792.836935259614
 20
648.2474741796477
 30
0.0
 40
5.0
 41
0.0
 46
0.0
 71
     5
 72
     1
  1
693(TYP)
 73
     1
 44
1.0
  0
POINT
  5
637C
330
6371
100
AcDbEntity
  8
Defpoints
 62
     0
440
 16777216
100
AcDbPoint
 10
1733.186935259614
 20
626.0505764171409
 30
0.0
  0
POINT
  5
6394
330
6371
100
AcDbEntity
  8
Defpoints
 62
     0
440
 16777216
100
AcDbPoint
 10
1767.836935259614
 20
626.0505764171409
 30
0.0
  0
POINT
  5
6395
330
6371
100
AcDbEntity
  8
Defpoints
 62
     0
440
 16777216
100
AcDbPoint
 10
1767.836935259614
 20
648.2474741796477
 30
0.0
  0
ENDBLK
  5
6373
330
6371
100
AcDbEntity
  8
0
100
AcDbBlockEnd
  0
BLOCK
  5
6381
330
6380
100
AcDbEntity
  8
0
100
AcDbBlockBegin
  2
*D82
 70
     1
 10
0.0
 20
0.0
 30
0.0
  3
*D82
  1

  0
LINE
  5
6383
330
6380
100
AcDbEntity
  8
0
 62
     0
440
 16777216
370
    -2
100
AcDbLine
 10
1710.686935259614
 20
614.5505764171408
 30
0.0
 11
1686.776579361029
 21
614.5505764171408
 31
0.0
  0
LINE
  5
6384
330
6380
100
AcDbEntity
  8
0
 62
     0
440
 16777216
370
    -2
100
AcDbLine
 10
1710.686935259614
 20
595.470576417141
 30
0.0
 11
1686.776579361029
 21
595.470576417141
 31
0.0
  0
LINE
  5
6385
330
6380
100
AcDbEntity
  8
0
 62
     0
440
 16777216
370
    -2
100
AcDbLine
 10
1688.776579361029
 20
614.5505764171408
 30
0.0
 11
1688.776579361029
 21
610.4272430838078
 31
0.0
  0
LINE
  5
6386
330
6380
100
AcDbEntity
  8
0
 62
     0
440
 16777216
370
    -2
100
AcDbLine
 10
1688.776579361029
 20
595.470576417141
 30
0.0
 11
1688.776579361029
 21
599.5939097504742
 31
0.0
  0
LINE
  5
6387
330
6380
100
AcDbEntity
  8
0
 62
     0
440
 16777216
370
    -2
100
AcDbLine
 10
1688.776579361029
 20
619.5505764171408
 30
0.0
 11
1688.776579361029
 21
624.5505764171411
 31
0.0
  0
LINE
  5
6388
330
6380
100
AcDbEntity
  8
0
 62
     0
440
 16777216
370
    -2
100
AcDbLine
 10
1688.776579361029
 20
590.470576417141
 30
0.0
 11
1688.776579361029
 21
585.470576417141
 31
0.0
  0
SOLID
  5
638A
330
6380
100
AcDbEntity
  8
0
 62
     0
440
 16777216
100
AcDbTrace
 10
1687.943246027696
 20
619.5505764171408
 30
0.0
 11
1689.609912694363
 21
619.5505764171408
 31
0.0
 12
1688.776579361029
 22
614.5505764171408
 32
0.0
 13
1688.776579361029
 23
614.5505764171408
 33
0.0
  0
SOLID
  5
638B
330
6380
100
AcDbEntity
  8
0
 62
     0
440
 16777216
100
AcDbTrace
 10
1689.609912694363
 20
590.470576417141
 30
0.0
 11
1687.943246027696
 21
590.470576417141
 31
0.0
 12
1688.776579361029
 22
595.470576417141
 32
0.0
 13
1688.776579361029
 23
595.470576417141
 33
0.0
  0
MTEXT
  5
638C
330
6380
100
AcDbEntity
  8
0
 62
     0
440
 16777216
100
AcDbMText
 10
1688.776579361029
 20
605.0105764171409
 30
0.0
 40
5.0
 41
0.0
 46
0.0
 71
     5
 72
     1
  1
381,6(TYP)
 73
     1
 44
1.0
  0
POINT
  5
6392
330
6380
100
AcDbEntity
  8
Defpoints
 62
     0
440
 16777216
100
AcDbPoint
 10
1712.686935259614
 20
614.5505764171408
 30
0.0
  0
POINT
  5
6397
330
6380
100
AcDbEntity
  8
Defpoints
 62
     0
440
 16777216
100
AcDbPoint
 10
1712.686935259614
 20
595.470576417141
 30
0.0
  0
POINT
  5
6398
330
6380
100
AcDbEntity
  8
Defpoints
 62
     0
440
 16777216
100
AcDbPoint
 10
1688.776579361029
 20
595.470576417141
 30
0.0
  0
ENDBLK
  5
6382
330
6380
100
AcDbEntity
  8
0
100
AcDbBlockEnd
  0
ENDSEC
  0
SECTION
  2
ENTITIES
  0
LINE
  5
559F
330
1F
100
AcDbEntity
  8
0
  6
DASHED2
 62
     7
370
    25
100
AcDbLine
 10
600.1580966522732
 20
541.1344868626916
 30
0.0
 11
600.1580966522732
 21
654.0344868626915
 31
0.0
  0
SPLINE
  5
55A0
330
1F
100
AcDbEntity
  8
0
  6
Continuous
 62
     7
370
    25
100
AcDbSpline
210
0.0
220
0.0
230
1.0
 70
     8
 71
     3
 72
   102
 73
    98
 74
     0
 42
0.00000001
 43
0.0000000001
 40
0.0
 40
0.0
 40
0.0
 40
0.0
 40
0.0015636924872332
 40
0.0031270480866988
 40
0.0046901043983923
 40
0.0062528990439111
 40
0.0078154696637533
 40
0.0093778539146081
 40
0.0109400894666413
 40
0.0125022140007763
 40
0.0140642652059716
 40
0.0156262807764923
 40
0.0171882984091844
 40
0.0187503558007437
 40
0.0203124906449886
 40
0.0218747406301301
 40
0.0234371434360477
 40
0.0249997367315656
 40
0.0265625581717335
 40
0.0281256453951135
 40
0.029689036021071
 40
0.0312527676470744
 40
0.0390679720636449
 40
0.0468785689737469
 40
0.0546892689866448
 40
0.0625047825251753
 40
0.0781294068287967
 40
0.0937544434765998
 40
0.1093790677815705
 40
0.1250041044280608
 40
0.1406287287408451
 40
0.1562537653795005
 40
0.1718783896933601
 40
0.1875034263309452
 40
0.2031280506499384
 40
0.2187530872823951
 40
0.2343777116022357
 40
0.2500027482338297
 40
0.2656273725512634
 40
0.2812524091852718
 40
0.2968770334941748
 40
0.312502070136692
 40
0.3281266944436665
 40
0.3437517310881494
 40
0.3593763553851603
 40
0.3750013920395504
 40
0.3906260163414264
 40
0.4062510529910441
 40
0.4218756772937548
 40
0.4375007139424346
 40
0.4531253382340524
 40
0.4687503748938994
 40
0.4843749991985757
 40
0.5000000358453491
 40
0.5156246601610122
 40
0.5312496967968082
 40
0.5468743211136983
 40
0.562499357748234
 40
0.5781239820518557
 40
0.5937490186996583
 40
0.6093736429930039
 40
0.6249986796510921
 40
0.6406233039506759
 40
0.6562483406025562
 40
0.6718729649198952
 40
0.6874980015540177
 40
0.7031226258757845
 40
0.7187476625054497
 40
0.7343722868151892
 40
0.7499973234568712
 40
0.7656219477665082
 40
0.7812469844083314
 40
0.7968716087235423
 40
0.8124966453597666
 40
0.8281212696652907
 40
0.8437463063111906
 40
0.8593709306113144
 40
0.8749959672626362
 40
0.8906205915648801
 40
0.9062456282140779
 40
0.9218702525240614
 40
0.9374952891655368
 40
0.9453104935775693
 40
0.9531210904861575
 40
0.9609317905005687
 40
0.968747304043636
 40
0.971590122602449
 40
0.9744319291287766
 40
0.9772729497839671
 40
0.980113410917086
 40
0.9829535390109736
 40
0.9857935606281486
 40
0.9886337023566095
 40
0.9914741907556122
 40
0.9943152523014756
 40
0.9971571133334927
 40
1.0
 40
1.0
 40
1.0
 40
1.0
 10
552.5880287973231
 20
574.8141538112596
 30
0.0
 10
552.5533462568837
 20
574.8169332552317
 30
0.0
 10
552.4839886481413
 20
574.8224915443627
 30
0.0
 10
552.3799123719944
 20
574.8301813700457
 30
0.0
 10
552.2758224007296
 20
574.8373958120627
 30
0.0
 10
552.1717149506248
 20
574.8440884788741
 30
0.0
 10
552.0675910354733
 20
574.8502717975947
 30
0.0
 10
551.9634503839238
 20
574.8559424391527
 30
0.0
 10
551.8592930688981
 20
574.8611012953607
 30
0.0
 10
551.755119071091
 20
574.8657481272743
 30
0.0
 10
551.6509283959035
 20
574.8698829988901
 30
0.0
 10
551.5467210421197
 20
574.8735058930471
 30
0.0
 10
551.4424970102936
 20
574.8766168143322
 30
0.0
 10
551.3382563005193
 20
574.8792157615123
 30
0.0
 10
551.2339989129571
 20
574.8813027349107
 30
0.0
 10
551.1297248479668
 20
574.8828777344654
 30
0.0
 10
551.0254341050417
 20
574.8839407601191
 30
0.0
 10
550.9211266869377
 20
574.8844918122033
 30
0.0
 10
550.8168025842286
 20
574.8845308895116
 30
0.0
 10
550.712461832959
 20
574.8840579966237
 30
0.0
 10
550.6081042994268
 20
574.8830731165261
 30
0.0
 10
550.3646517738756
 20
574.8795818133189
 30
0.0
 10
549.982285245102
 20
574.868475392586
 30
0.0
 10
549.4614996286923
 20
574.8405376121785
 30
0.0
 10
548.9415448657705
 20
574.7998125161021
 30
0.0
 10
548.2497922406555
 20
574.7285085649682
 30
0.0
 10
547.3886161646682
 20
574.6076223397558
 30
0.0
 10
546.3637199281638
 20
574.4119566528492
 30
0.0
 10
545.3496152327232
 20
574.166323862608
 30
0.0
 10
544.3488231624797
 20
573.871141413316
 30
0.0
 10
543.3636804490252
 20
573.527292184542
 30
0.0
 10
542.396639717836
 20
573.1354362315378
 30
0.0
 10
541.4499440383806
 20
572.6966818890423
 30
0.0
 10
540.5259684230887
 20
572.2119262544582
 30
0.0
 10
539.6268368012961
 20
571.6824922329378
 30
0.0
 10
538.7548247386447
 20
571.1095053810927
 30
0.0
 10
537.9119162912193
 20
570.4944904189352
 30
0.0
 10
537.1002657374233
 20
569.8387905267037
 30
0.0
 10
536.3216981324884
 20
569.1441175541435
 30
0.0
 10
535.5782257264218
 20
568.4120193700147
 30
0.0
 10
534.8714969955416
 20
567.6443784674376
 30
0.0
 10
534.2033627827594
 20
566.8429324970782
 30
0.0
 10
533.5752791097728
 20
566.0097164659752
 30
0.0
 10
532.9889175881635
 20
565.1466410722717
 30
0.0
 10
532.4455277624506
 20
564.255874238496
 30
0.0
 10
531.9465859136703
 20
563.3394813091302
 30
0.0
 10
531.4931230759566
 20
562.399742244215
 30
0.0
 10
531.0864059830772
 20
561.4388571439716
 30
0.0
 10
530.7272372289157
 20
560.4591960489436
 30
0.0
 10
530.4166617995756
 20
559.4630726270369
 30
0.0
 10
530.1552461200149
 20
558.4529241738245
 30
0.0
 10
529.9438033655915
 20
557.4311556427
 30
0.0
 10
529.7826583366449
 20
556.4002481127986
 30
0.0
 10
529.6723845663486
 20
555.3626746620549
 30
0.0
 10
529.6130621028078
 20
554.3209362590596
 30
0.0
 10
529.6050193133978
 20
553.2775502884325
 30
0.0
 10
529.6480907230501
 20
552.2350135226003
 30
0.0
 10
529.7423563708483
 20
551.1958634096769
 30
0.0
 10
529.8874068523696
 20
550.1625684797585
 30
0.0
 10
530.0830731076826
 20
549.1376618081066
 30
0.0
 10
530.3287057456599
 20
548.1235599088071
 30
0.0
 10
530.6238882356036
 20
547.1227670895959
 30
0.0
 10
530.9677374534572
 20
546.1376245766238
 30
0.0
 10
531.3595934094733
 20
545.1705837915908
 30
0.0
 10
531.798347751256
 20
544.2238881262587
 30
0.0
 10
532.2831033861188
 20
543.2999125070681
 30
0.0
 10
532.8125374075824
 20
542.4007808864022
 30
0.0
 10
533.385524259274
 20
541.5287688236319
 30
0.0
 10
534.0005392214155
 20
540.68586037635
 30
0.0
 10
534.6562391135092
 20
539.8742098226415
 30
0.0
 10
535.3509120861548
 20
539.0956422175073
 30
0.0
 10
536.083010270492
 20
538.3521698113598
 30
0.0
 10
536.8506511728956
 20
537.6454410803857
 30
0.0
 10
537.6520971442706
 20
536.9773068674452
 30
0.0
 10
538.4853131715122
 20
536.3492231953672
 30
0.0
 10
539.3483885793926
 20
535.7628616708228
 30
0.0
 10
540.2391553603064
 20
535.2194718556209
 30
0.0
 10
541.1555484869426
 20
534.7205299673279
 30
0.0
 10
542.095286815832
 20
534.2670672774914
 30
0.0
 10
543.0561746630322
 20
533.8603496330477
 30
0.0
 10
544.0358255067443
 20
533.5011829366532
 30
0.0
 10
544.8660231669691
 20
533.2423440596033
 30
0.0
 10
545.5370776168511
 20
533.059883318646
 30
0.0
 10
546.0435538296041
 20
532.9354403495291
 30
0.0
 10
546.5529359507598
 20
532.8234776658745
 30
0.0
 10
546.9563987499904
 20
532.745127795312
 30
0.0
 10
547.2521989992042
 20
532.6927958829773
 30
0.0
 10
547.4392919409024
 20
532.6614141542223
 30
0.0
 10
547.6266054015605
 20
532.6317115523621
 30
0.0
 10
547.814139719032
 20
532.6036879481679
 30
0.0
 10
548.001894814355
 20
532.5773435735988
 30
0.0
 10
548.1898706443876
 20
532.5526776344181
 30
0.0
 10
548.3780674392278
 20
532.5296930792849
 30
0.0
 10
548.5664842999681
 20
532.5083789090432
 30
0.0
 10
548.7551245713721
 20
532.4887761840926
 30
0.0
 10
548.9439757470763
 20
532.470731607441
 30
0.0
 10
549.0700221741326
 20
532.4601244498059
 30
0.0
 10
549.1330567582235
 20
532.4548199141237
 30
0.0
  0
SPLINE
  5
55A1
330
1F
100
AcDbEntity
  8
0
  6
Continuous
 62
     7
370
    25
100
AcDbSpline
210
0.0
220
0.0
230
1.0
 70
     8
 71
     3
 72
   102
 73
    98
 74
     0
 42
0.00000001
 43
0.0000000001
 40
0.0
 40
0.0
 40
0.0
 40
0.0
 40
0.0015636942690852
 40
0.0031270514627999
 40
0.0046901091811145
 40
0.0062529050456157
 40
0.007815476696803
 40
0.0093778617913819
 40
0.0109400979995474
 40
0.0125022230022662
 40
0.0140642744885528
 40
0.0156262901527425
 40
0.0171883076917649
 40
0.0187503648024131
 40
0.0203124991786159
 40
0.021874748508709
 40
0.0234371504727098
 40
0.0249997427395933
 40
0.0265625629645742
 40
0.0281256487863924
 40
0.0296890378246051
 40
0.031252767676885
 40
0.0390679861397271
 40
0.0468785877347021
 40
0.0546892830626134
 40
0.0625047825547793
 40
0.0781294256091495
 40
0.0937544435059908
 40
0.1093790865549809
 40
0.1250041044571859
 40
0.1406287475084714
 40
0.1562537654084156
 40
0.171878399073
 40
0.1875034263369793
 40
0.2031280506346148
 40
0.2187530872881985
 40
0.2343777115876015
 40
0.2500027482393988
 40
0.2656273725522987
 40
0.2812524091906474
 40
0.2968770335053972
 40
0.3125020701418196
 40
0.3281266944486777
 40
0.3437517310930441
 40
0.3593763554079363
 40
0.3750013920442551
 40
0.3906260163624912
 40
0.4062510529954679
 40
0.4218756773120706
 40
0.4375007139466668
 40
0.4531253382536124
 40
0.468750374897861
 40
0.4843749992024203
 40
0.5000000358490775
 40
0.5156246601646238
 40
0.531249696800303
 40
0.5468743211170761
 40
0.5624993577514967
 40
0.5781239820550015
 40
0.5937490187026873
 40
0.6093736430100078
 40
0.6249986796539221
 40
0.6406233039690492
 40
0.6562483406051221
 40
0.6718729649079182
 40
0.6874980015563084
 40
0.7031226258596801
 40
0.7187476625075396
 40
0.7343722868226914
 40
0.7499973234587529
 40
0.7656219477760696
 40
0.7812469844099616
 40
0.796871608708745
 40
0.8124966453611241
 40
0.8281212696623631
 40
0.8437463063123836
 40
0.8593709306316233
 40
0.8749959672635833
 40
0.8906205915862519
 40
0.9062456282148067
 40
0.9218702525336231
 40
0.93749528916599
 40
0.945310493574664
 40
0.9531210904820918
 40
0.9609317904975483
 40
0.9687473040438693
 40
0.9715901226026607
 40
0.974431929128967
 40
0.9772729497841366
 40
0.9801134109172339
 40
0.9829535390111006
 40
0.9857935606282543
 40
0.9886337023566939
 40
0.9914741907556754
 40
0.9943152523015175
 40
0.9971571133335139
 40
1.0
 40
1.0
 40
1.0
 40
1.0
 10
549.1330567582235
 20
532.4548199141237
 30
0.0
 10
549.1677393381796
 20
532.4520404669218
 30
0.0
 10
549.2370970217939
 20
532.4464821716653
 30
0.0
 10
549.3411734040087
 20
532.438792337292
 30
0.0
 10
549.4452634688646
 20
532.4315778876142
 30
0.0
 10
549.5493710000813
 20
532.424885214155
 30
0.0
 10
549.6534949838665
 20
532.4187018898061
 30
0.0
 10
549.7576356915715
 20
532.4130312436367
 30
0.0
 10
549.8617930502732
 20
532.4078723838355
 30
0.0
 10
549.9659670792789
 20
532.4032255493468
 30
0.0
 10
550.0701577731867
 20
532.3990906761734
 30
0.0
 10
550.1743651332112
 20
532.3954677814765
 30
0.0
 10
550.2785891588001
 20
532.3923568606693
 30
0.0
 10
550.3828298498583
 20
532.3897579149852
 30
0.0
 10
550.4870872062265
 20
532.3876709441009
 30
0.0
 10
550.5913612275444
 20
532.3860959480782
 30
0.0
 10
550.6956519143186
 20
532.3850329269729
 30
0.0
 10
550.7999592637928
 20
532.3844818804616
 30
0.0
 10
550.9042832853943
 20
532.3844428097185
 30
0.0
 10
551.0086239430757
 20
532.3849157102878
 30
0.0
 10
551.1129813705474
 20
532.3859005987157
 30
0.0
 10
551.3564341334098
 20
532.3893919343126
 30
0.0
 10
551.7388010384689
 20
532.4004983891971
 30
0.0
 10
552.2595869668871
 20
532.4284361830701
 30
0.0
 10
552.7795414195025
 20
532.4691612438831
 30
0.0
 10
553.4712940373847
 20
532.5404652676521
 30
0.0
 10
554.332469804236
 20
532.6613514467842
 30
0.0
 10
555.3573664424825
 20
532.8570172508197
 30
0.0
 10
556.3714707265661
 20
533.10264997097
 30
0.0
 10
557.372263187277
 20
533.3978325666996
 30
0.0
 10
558.3574054960275
 20
533.7416816916124
 30
0.0
 10
559.3244464150351
 20
534.1335377344757
 30
0.0
 10
560.2711416808356
 20
534.5722919765798
 30
0.0
 10
561.1951173182759
 20
535.0570475638408
 30
0.0
 10
562.0942487521273
 20
535.5864814956011
 30
0.0
 10
562.9662608166028
 20
536.1594683428513
 30
0.0
 10
563.8091692638477
 20
536.7744833064136
 30
0.0
 10
564.6208198177272
 20
537.4301831982685
 30
0.0
 10
565.3993874230391
 20
538.1248561711231
 30
0.0
 10
566.1428598291442
 20
538.8569543553956
 30
0.0
 10
566.8495885600719
 20
539.624595258064
 30
0.0
 10
567.5177227728718
 20
540.4260412284071
 30
0.0
 10
568.1458064457784
 20
541.2592572594055
 30
0.0
 10
568.7321679675873
 20
542.1223326534552
 30
0.0
 10
569.2755577933779
 20
543.0130994871866
 30
0.0
 10
569.7744996422271
 20
543.929492416936
 30
0.0
 10
570.2279624796537
 20
544.869231481543
 30
0.0
 10
570.6346795727207
 20
545.8301165820413
 30
0.0
 10
570.9938483268095
 20
546.8097776767083
 30
0.0
 10
571.3044237561518
 20
547.8059010989768
 30
0.0
 10
571.5658394355308
 20
548.8160495519125
 30
0.0
 10
571.7772821900297
 20
549.8378180830192
 30
0.0
 10
571.9384272188961
 20
550.8687256125856
 30
0.0
 10
572.0487009891999
 20
551.906299063328
 30
0.0
 10
572.1080234527391
 20
552.9480374663235
 30
0.0
 10
572.1160662421489
 20
553.9914234369506
 30
0.0
 10
572.072994832497
 20
555.0339602027831
 30
0.0
 10
571.9787291846967
 20
556.073110315706
 30
0.0
 10
571.8336787031826
 20
557.1064052456258
 30
0.0
 10
571.6380124477864
 20
558.1313119175801
 30
0.0
 10
571.3923798098776
 20
559.1454138168979
 30
0.0
 10
571.0971973197401
 20
560.1462066364181
 30
0.0
 10
570.7533481018998
 20
561.1313491490601
 30
0.0
 10
570.3614921460866
 20
562.0983899338288
 30
0.0
 10
569.9227378043442
 20
563.0450855987937
 30
0.0
 10
569.4379821697857
 20
563.9690612176804
 30
0.0
 10
568.9085481482423
 20
564.8681928386746
 30
0.0
 10
568.3355612964182
 20
565.7402049015058
 30
0.0
 10
567.7205463341038
 20
566.5831133491662
 30
0.0
 10
567.0648464418436
 20
567.3947639029668
 30
0.0
 10
566.3701734692398
 20
568.1733315079709
 30
0.0
 10
565.6380752852037
 20
568.916803913906
 30
0.0
 10
564.8704343828685
 20
569.6235326446957
 30
0.0
 10
564.0689884116277
 20
570.2916668576457
 30
0.0
 10
563.2357723841992
 20
570.9197505300859
 30
0.0
 10
562.3726969758608
 20
571.5061120547237
 30
0.0
 10
561.4819301948613
 20
572.0495018699632
 30
0.0
 10
560.5655370678155
 20
572.5484437584571
 30
0.0
 10
559.6257987393092
 20
573.0019064481052
 30
0.0
 10
558.6649108919076
 20
573.4086240925872
 30
0.0
 10
557.6852600485818
 20
573.7677907887026
 30
0.0
 10
556.8550623884556
 20
574.0266296658104
 30
0.0
 10
556.1840079388661
 20
574.2090904067119
 30
0.0
 10
555.6775317261854
 20
574.3335333758137
 30
0.0
 10
555.1681496049564
 20
574.4454960594797
 30
0.0
 10
554.7646868056289
 20
574.5238459300582
 30
0.0
 10
554.468886556343
 20
574.5761778424061
 30
0.0
 10
554.2817936146443
 20
574.6075595711608
 30
0.0
 10
554.0944801539863
 20
574.6372621730212
 30
0.0
 10
553.9069458365146
 20
574.6652857772153
 30
0.0
 10
553.719190741192
 20
574.6916301517842
 30
0.0
 10
553.5312149111591
 20
574.7162960909649
 30
0.0
 10
553.3430181163189
 20
574.7392806460981
 30
0.0
 10
553.1546012555786
 20
574.7605948163399
 30
0.0
 10
552.9659609841746
 20
574.7801975412905
 30
0.0
 10
552.7771098084704
 20
574.7982421179421
 30
0.0
 10
552.6510633814141
 20
574.8088492755774
 30
0.0
 10
552.5880287973231
 20
574.8141538112596
 30
0.0
  0
SPLINE
  5
55A2
330
1F
100
AcDbEntity
  8
0
  6
Continuous
 62
     7
370
    25
100
AcDbSpline
210
0.0
220
0.0
230
1.0
 70
     8
 71
     3
 72
   102
 73
    98
 74
     0
 42
0.00000001
 43
0.0000000001
 40
0.0
 40
0.0
 40
0.0
 40
0.0
 40
0.0015636924857796
 40
0.0031270480839448
 40
0.004690104394491
 40
0.0062528990390155
 40
0.0078154696580163
 40
0.0093778539081825
 40
0.0109400894596803
 40
0.0125022139934333
 40
0.0140642651983993
 40
0.0156262807688436
 40
0.0171882984016121
 40
0.0187503557934006
 40
0.0203124906380271
 40
0.0218747406237028
 40
0.0234371434303074
 40
0.0249997367266642
 40
0.0265625581678235
 40
0.0281256453923467
 40
0.0296890360195992
 40
0.0312527676470494
 40
0.0390679720633737
 40
0.046878568973389
 40
0.0546892689863781
 40
0.0625047825251954
 40
0.0781294068550096
 40
0.0937544434766466
 40
0.1093790678015974
 40
0.1250041044280655
 40
0.1406287287405174
 40
0.1562537653794985
 40
0.1718783896879027
 40
0.1875034263309371
 40
0.2031280506284014
 40
0.2187530872823521
 40
0.2343777115680677
 40
0.2500027482337883
 40
0.265627372534331
 40
0.2812524091852696
 40
0.2968770334978131
 40
0.3125020701367007
 40
0.328126694436311
 40
0.3437517310881199
 40
0.3593763554001953
 40
0.37500139203961
 40
0.3906260163741351
 40
0.4062510529910571
 40
0.4218756773108444
 40
0.4375007139424567
 40
0.453125338247885
 40
0.4687503748939015
 40
0.4843749992006918
 40
0.5000000358453418
 40
0.5156246695365327
 40
0.5312496968194071
 40
0.546874330497066
 40
0.5624993577482486
 40
0.5781239820626573
 40
0.5937490186996614
 40
0.6093736430030842
 40
0.6249986796511042
 40
0.6406233039498216
 40
0.6562483406025335
 40
0.6718729648988948
 40
0.6874980015539779
 40
0.703122625853205
 40
0.7187476625054213
 40
0.7343722868201091
 40
0.7499973234568956
 40
0.7656219477750441
 40
0.7812469844083118
 40
0.796871608729146
 40
0.8124966453597838
 40
0.8281212697087324
 40
0.8437463063112591
 40
0.8593709306425552
 40
0.8749959672626227
 40
0.8906205915805083
 40
0.9062456282141081
 40
0.9218702525196771
 40
0.937495289165475
 40
0.9453104935647044
 40
0.953121090469015
 40
0.9609317904877118
 40
0.9687473040436508
 40
0.9715901226038056
 40
0.9744319291312075
 40
0.9772729497872044
 40
0.9801134109208607
 40
0.9829535390150175
 40
0.9857935606321923
 40
0.9886337023603839
 40
0.9914741907588473
 40
0.9943152523039021
 40
0.9971571133348408
 40
1.0
 40
1.0
 40
1.0
 40
1.0
 10
686.9605371282732
 20
553.6344868626916
 30
0.0
 10
686.960487909163
 20
553.6692805617673
 30
0.0
 10
686.9603894815464
 20
553.7388604638367
 30
0.0
 10
686.9595931349508
 20
553.8432174017448
 30
0.0
 10
686.9583218647867
 20
553.9475493438708
 30
0.0
 10
686.9565291254676
 20
554.0518562900837
 30
0.0
 10
686.9542273853929
 20
554.1561382401891
 30
0.0
 10
686.9514133044502
 20
554.2603951940085
 30
0.0
 10
686.9480877774281
 20
554.3646271513595
 30
0.0
 10
686.9442505646032
 20
554.4688341120603
 30
0.0
 10
686.939901730201
 20
554.5730160759286
 30
0.0
 10
686.935041257017
 20
554.6771730427813
 30
0.0
 10
686.9296691496684
 20
554.7813050124406
 30
0.0
 10
686.9237854069337
 20
554.8854119847105
 30
0.0
 10
686.9173900291484
 20
554.9894939594589
 30
0.0
 10
686.9104830162791
 20
555.0935509363227
 30
0.0
 10
686.903064368229
 20
555.1975829158001
 30
0.0
 10
686.8951340855519
 20
555.3015898951731
 30
0.0
 10
686.8866921662784
 20
555.4055718837378
 30
0.0
 10
686.877738617904
 20
555.5095288459414
 30
0.0
 10
686.8682734126017
 20
555.6134609136605
 30
0.0
 10
686.8450025668097
 20
555.8558238422583
 30
0.0
 10
686.8028490080169
 20
556.2360219385292
 30
0.0
 10
686.7326672312815
 20
556.7528127047416
 30
0.0
 10
686.6498080051524
 20
557.2677358422953
 30
0.0
 10
686.5225050908037
 20
557.9514023667209
 30
0.0
 10
686.3320109910865
 20
558.7999008707178
 30
0.0
 10
686.0536755554785
 20
559.8054985749974
 30
0.0
 10
685.7264156791702
 20
560.7962784562491
 30
0.0
 10
685.3508523722076
 20
561.7697617117165
 30
0.0
 10
684.9280555530131
 20
562.7236911151595
 30
0.0
 10
684.4588824745146
 20
563.6556758177382
 30
0.0
 10
683.9446201499113
 20
564.5635702741953
 30
0.0
 10
683.3863557808131
 20
565.44508026059
 30
0.0
 10
682.7855805546469
 20
566.2981964216858
 30
0.0
 10
682.1436012923896
 20
567.1207422228669
 30
0.0
 10
681.4620989567892
 20
567.9108641261136
 30
0.0
 10
680.74258741259
 20
568.6665241734427
 30
0.0
 10
679.9869212074445
 20
569.386042513895
 30
0.0
 10
679.196806670805
 20
570.0675393876613
 30
0.0
 10
678.3742540750154
 20
570.7095248098505
 30
0.0
 10
677.5211457814297
 20
571.3102953224209
 30
0.0
 10
676.6396284262082
 20
571.8685651559519
 30
0.0
 10
675.7317422743626
 20
572.3828235591079
 30
0.0
 10
674.7997496533497
 20
572.8520013607719
 30
0.0
 10
673.8458290828702
 20
573.274795064839
 30
0.0
 10
672.8723367948577
 20
573.6503623954107
 30
0.0
 10
671.8815685831855
 20
573.9776196658144
 30
0.0
 10
670.8759518913266
 20
574.2559596065952
 30
0.0
 10
669.8578776779468
 20
574.4845287769294
 30
0.0
 10
668.8298212199747
 20
574.6629607628863
 30
0.0
 10
667.7942456157397
 20
574.7906405859445
 30
0.0
 10
666.7536501371832
 20
574.867446223221
 30
0.0
 10
665.7105460929487
 20
574.8930070632507
 30
0.0
 10
664.6674330952205
 20
574.8674467101412
 30
0.0
 10
663.6268464829662
 20
574.7906423441815
 30
0.0
 10
662.5912619355707
 20
574.6629620327452
 30
0.0
 10
661.5632143656502
 20
574.4845323233212
 30
0.0
 10
660.5451312876644
 20
574.2559618379231
 30
0.0
 10
659.5395232284357
 20
573.9776249920756
 30
0.0
 10
658.5487461215211
 20
573.6503654936613
 30
0.0
 10
657.5752621228616
 20
573.2748020855202
 30
0.0
 10
656.6213329181831
 20
572.8520052932935
 30
0.0
 10
655.6893481624537
 20
572.3828322076633
 30
0.0
 10
654.7814537200109
 20
571.8685698848978
 30
0.0
 10
653.8999437297642
 20
571.3103055152357
 30
0.0
 10
653.0468275694243
 20
570.7095302891257
 30
0.0
 10
652.2242817675268
 20
570.0675510263471
 30
0.0
 10
651.4341598643309
 20
569.3860486908426
 30
0.0
 10
650.6784998167786
 20
568.6665371462752
 30
0.0
 10
649.9589814769145
 20
567.9108709414907
 30
0.0
 10
649.2774846029274
 20
567.1207564047233
 30
0.0
 10
648.6354991809474
 20
566.2982038095625
 30
0.0
 10
648.0347286677632
 20
565.4450955139529
 30
0.0
 10
647.4764588347064
 20
564.5635781627747
 30
0.0
 10
646.9622004297876
 20
563.6556919961328
 30
0.0
 10
646.4930226352151
 20
562.7236994294763
 30
0.0
 10
646.0702289075966
 20
561.7697786596858
 30
0.0
 10
645.6946616645682
 20
560.7962871176678
 30
0.0
 10
645.3674040680052
 20
559.8055161236977
 30
0.0
 10
645.0890653449143
 20
558.7999098161008
 30
0.0
 10
644.8985728103357
 20
557.9514180288233
 30
0.0
 10
644.7712683140426
 20
557.2677517640951
 30
0.0
 10
644.6884104287501
 20
556.7528354823604
 30
0.0
 10
644.6182277530834
 20
556.2360374751855
 30
0.0
 10
644.5729360910013
 20
555.8275407208968
 30
0.0
 10
644.5448240119734
 20
555.5284652660352
 30
0.0
 10
644.5287555826958
 20
555.339440433432
 30
0.0
 10
644.5143786495028
 20
555.1503323137934
 30
0.0
 10
644.5016931110593
 20
554.9611405598779
 30
0.0
 10
644.4906991921383
 20
554.7718652692434
 30
0.0
 10
644.4813960976244
 20
554.5825064203226
 30
0.0
 10
644.4737867851222
 20
554.3930640234857
 30
0.0
 10
644.4678602188054
 20
554.2035380805063
 30
0.0
 10
644.4636575950799
 20
554.0139285956323
 30
0.0
 10
644.4610251076491
 20
553.8242355717908
 30
0.0
 10
644.4606998076287
 20
553.6977440395332
 30
0.0
 10
644.4605371282738
 20
553.6344868626916
 30
0.0
  0
SPLINE
  5
55A3
330
1F
100
AcDbEntity
  8
0
  6
Continuous
 62
     7
370
    25
100
AcDbSpline
210
0.0
220
0.0
230
1.0
 70
     8
 71
     3
 72
   102
 73
    98
 74
     0
 42
0.00000001
 43
0.0000000001
 40
0.0
 40
0.0
 40
0.0
 40
0.0
 40
0.0015636924850299
 40
0.003127048082524
 40
0.0046901043924783
 40
0.0062528990364898
 40
0.0078154696550567
 40
0.0093778539048679
 40
0.0109400894560896
 40
0.0125022139896454
 40
0.0140642651944929
 40
0.0156262807648979
 40
0.0171882983977057
 40
0.0187503557896125
 40
0.0203124906344359
 40
0.0218747406203873
 40
0.0234371434273459
 40
0.0249997367241356
 40
0.0265625581658063
 40
0.028125645390919
 40
0.0296890360188398
 40
0.0312527676470364
 40
0.0390679720556995
 40
0.04687856896316
 40
0.0546892689787026
 40
0.0625047825251741
 40
0.0781294068393762
 40
0.0937544434766183
 40
0.1093790678081306
 40
0.1250041044280976
 40
0.1406287287412175
 40
0.1562537653794553
 40
0.1718783896838381
 40
0.1875034263309568
 40
0.2031280506490829
 40
0.2187530872823678
 40
0.2343777115577081
 40
0.2500027482337322
 40
0.2656273724957348
 40
0.2812524091852166
 40
0.2968770334590594
 40
0.312502070136643
 40
0.3281267037965366
 40
0.3437517311107224
 40
0.3593763741486867
 40
0.375001392062186
 40
0.3906260351111122
 40
0.4062510530136353
 40
0.421875696064017
 40
0.4375007139650749
 40
0.4531253570198605
 40
0.468750374916528
 40
0.4843750179724294
 40
0.5000000358679624
 40
0.5156246789171987
 40
0.5312496968193987
 40
0.5468743398610317
 40
0.562499357770829
 40
0.578124000811442
 40
0.5937490187222786
 40
0.6093736617692996
 40
0.6249986796737297
 40
0.6406233133306685
 40
0.656248340602529
 40
0.6718729649098907
 40
0.6874980015540164
 40
0.7031226258442122
 40
0.7187476625053681
 40
0.7343722867994224
 40
0.7499973234569083
 40
0.7656219477778943
 40
0.7812469844083139
 40
0.7968716087269117
 40
0.8124966453597807
 40
0.8281212697046015
 40
0.8437463063112565
 40
0.8593709306406593
 40
0.8749959672626241
 40
0.8906205915496993
 40
0.9062456282140354
 40
0.9218702524872959
 40
0.9374952891654716
 40
0.9453104935635272
 40
0.9531210904674459
 40
0.9609317904865347
 40
0.9687473040436515
 40
0.9715901226038063
 40
0.9744319291312081
 40
0.9772729497872047
 40
0.9801134109208613
 40
0.9829535390150178
 40
0.9857935606321927
 40
0.9886337023603843
 40
0.9914741907588473
 40
0.9943152523039023
 40
0.9971571133348408
 40
1.0
 40
1.0
 40
1.0
 40
1.0
 10
644.4605371282738
 20
553.6344868626916
 30
0.0
 10
644.4605863473839
 20
553.5996931636326
 30
0.0
 10
644.4606847750005
 20
553.5301132615947
 30
0.0
 10
644.4614811215959
 20
553.4257563237314
 30
0.0
 10
644.4627523917606
 20
553.3214243816448
 30
0.0
 10
644.4645451310792
 20
553.2171174354663
 30
0.0
 10
644.4668468711543
 20
553.11283548539
 30
0.0
 10
644.469660952097
 20
553.0085785315941
 30
0.0
 10
644.4729864791187
 20
552.9043465742613
 30
0.0
 10
644.4768236919435
 20
552.8001396135739
 30
0.0
 10
644.4811725263463
 20
552.6959576497135
 30
0.0
 10
644.4860329995304
 20
552.5918006828634
 30
0.0
 10
644.4914051068784
 20
552.4876687132016
 30
0.0
 10
644.4972888496136
 20
552.3835617409237
 30
0.0
 10
644.5036842273989
 20
552.2794797661621
 30
0.0
 10
644.5105912402676
 20
552.1754227892801
 30
0.0
 10
644.5180098883183
 20
552.071390809779
 30
0.0
 10
644.5259401709954
 20
551.9673838303771
 30
0.0
 10
644.534382090269
 20
551.8634018417778
 30
0.0
 10
644.5433356386429
 20
551.7594448795349
 30
0.0
 10
644.5528008439453
 20
551.655512811771
 30
0.0
 10
644.5760716897122
 20
551.41314988331
 30
0.0
 10
644.618225248474
 20
551.0329517872482
 30
0.0
 10
644.6884070251893
 20
550.5161610212049
 30
0.0
 10
644.7712662513504
 20
550.0012378834841
 30
0.0
 10
644.8985691656258
 20
549.3175713591671
 30
0.0
 10
645.0890632653891
 20
548.4690728550055
 30
0.0
 10
645.3673987010256
 20
547.4634751505845
 30
0.0
 10
645.6946585773033
 20
546.4726952689536
 30
0.0
 10
646.0702218843979
 20
545.4992120135154
 30
0.0
 10
646.493018703681
 20
544.5452826102759
 30
0.0
 10
646.9621917819948
 20
543.6132979077101
 30
0.0
 10
647.4764541064732
 20
542.7054034511948
 30
0.0
 10
648.0347184759547
 20
541.8238934644953
 30
0.0
 10
648.6354937021815
 20
540.9707773033337
 30
0.0
 10
649.2774729642856
 20
540.1482315023248
 30
0.0
 10
649.9589752997162
 20
539.3581095995358
 30
0.0
 10
650.678486843206
 20
538.6024495527532
 30
0.0
 10
651.4341530483261
 20
537.8829312118345
 30
0.0
 10
652.2242675849465
 20
537.2014343396837
 30
0.0
 10
653.0468201788452
 20
536.5594489127905
 30
0.0
 10
653.8999286522016
 20
535.9586782956316
 30
0.0
 10
654.7814459817995
 20
535.4004084164786
 30
0.0
 10
655.6893325375307
 20
534.886149879792
 30
0.0
 10
656.6213249788988
 20
534.4169721827694
 30
0.0
 10
657.5752459437067
 20
533.9941783426779
 30
0.0
 10
658.5487378546054
 20
533.6186111890916
 30
0.0
 10
659.539506470554
 20
533.2913538178305
 30
0.0
 10
660.5451227704858
 20
533.0130140171734
 30
0.0
 10
661.5631973963862
 20
532.7844447857434
 30
0.0
 10
662.5912534502718
 20
532.6060129013566
 30
0.0
 10
663.6268294710321
 20
532.4783330567253
 30
0.0
 10
664.6674245369803
 20
532.4015274851984
 30
0.0
 10
665.7105287892467
 20
532.3759666540126
 30
0.0
 10
666.7536413679862
 20
532.4015270749129
 30
0.0
 10
667.7942281875803
 20
532.4783314219578
 30
0.0
 10
668.8298125349173
 20
532.606011674489
 30
0.0
 10
669.8578605021057
 20
532.7844415318406
 30
0.0
 10
670.8759433745722
 20
533.0130119856293
 30
0.0
 10
671.8815518260583
 20
533.2913489753053
 30
0.0
 10
672.8723285271452
 20
533.6186083757718
 30
0.0
 10
673.8458127152092
 20
533.9941718709345
 30
0.0
 10
674.7997415045379
 20
534.4169685695703
 30
0.0
 10
675.7317262822116
 20
534.8861416079395
 30
0.0
 10
676.6396205351237
 20
535.4004038439724
 30
0.0
 10
677.5211305272763
 20
535.9586682092376
 30
0.0
 10
678.3742466867242
 20
536.559443436544
 30
0.0
 10
679.1967924885475
 20
537.201422698543
 30
0.0
 10
679.9869143919567
 20
537.8829250341508
 30
0.0
 10
680.7425744394777
 20
538.6024365788361
 30
0.0
 10
681.462092779668
 20
539.3581027839451
 30
0.0
 10
682.1435896536303
 20
540.1482173206684
 30
0.0
 10
682.7855750755587
 20
540.9707699157885
 30
0.0
 10
683.3863455887067
 20
541.8238782113113
 30
0.0
 10
683.9446154217938
 20
542.7053955625288
 30
0.0
 10
684.4588738266974
 20
543.6132817291321
 30
0.0
 10
684.9280516213125
 20
544.5452742958681
 30
0.0
 10
685.3508453486952
 20
545.4991950650168
 30
0.0
 10
685.7264125915953
 20
546.4726866071242
 30
0.0
 10
686.0536701881337
 20
547.4634576003401
 30
0.0
 10
686.3320089116114
 20
548.4690639085453
 30
0.0
 10
686.5225014460507
 20
549.3175556958312
 30
0.0
 10
686.6498059425047
 20
550.0012219612256
 30
0.0
 10
686.7326638277882
 20
550.5161382429361
 30
0.0
 10
686.8028465034584
 20
551.0329362501368
 30
0.0
 10
686.8481381655429
 20
551.4414330044602
 30
0.0
 10
686.8762502445734
 20
551.7405084593479
 30
0.0
 10
686.892318673851
 20
551.9295332919511
 30
0.0
 10
686.9066956070441
 20
552.1186414115899
 30
0.0
 10
686.9193811454874
 20
552.3078331655052
 30
0.0
 10
686.9303750644085
 20
552.4971084561395
 30
0.0
 10
686.9396781589224
 20
552.6864673050605
 30
0.0
 10
686.9472874714247
 20
552.8759097018973
 30
0.0
 10
686.9532140377417
 20
553.0654356448771
 30
0.0
 10
686.9574166614669
 20
553.2550451297508
 30
0.0
 10
686.9600491488978
 20
553.4447381535922
 30
0.0
 10
686.9603744489181
 20
553.5712296858502
 30
0.0
 10
686.9605371282732
 20
553.6344868626916
 30
0.0
  0
LINE
  5
55B3
330
1F
100
AcDbEntity
  8
0
  6
Continuous
 62
     7
370
    25
100
AcDbLine
 10
499.7580966522737
 20
527.6344868626916
 30
0.0
 11
499.7580966522737
 21
654.0344868626915
 31
0.0
  0
LINE
  5
5674
330
1F
100
AcDbEntity
  8
0
  6
Continuous
 62
     7
370
    25
100
AcDbLine
 10
499.7580966522737
 20
654.0344868626915
 30
0.0
 11
499.7580966522737
 21
527.6344868626916
 31
0.0
  0
SPLINE
  5
567A
330
1F
100
AcDbEntity
  8
0
  6
Continuous
 62
     7
370
    25
100
AcDbSpline
210
0.0
220
0.0
230
1.0
 70
     8
 71
     3
 72
   102
 73
    98
 74
     0
 42
0.00000001
 43
0.0000000001
 40
0.0
 40
0.0
 40
0.0
 40
0.0
 40
0.0015636924850299
 40
0.0031270480825241
 40
0.0046901043924783
 40
0.00625289903649
 40
0.0078154696550567
 40
0.0093778539048679
 40
0.0109400894560896
 40
0.0125022139896453
 40
0.014064265194493
 40
0.0156262807648979
 40
0.0171882983977058
 40
0.0187503557896125
 40
0.0203124906344358
 40
0.0218747406203873
 40
0.023437143427346
 40
0.0249997367241356
 40
0.0265625581658063
 40
0.0281256453909192
 40
0.0296890360188397
 40
0.0312527676470363
 40
0.0390679720556996
 40
0.0468785689631601
 40
0.0546892689787026
 40
0.0625047825251742
 40
0.0781294068393764
 40
0.0937544434766189
 40
0.1093790678065903
 40
0.1250041044280938
 40
0.1406287287396768
 40
0.1562537653794552
 40
0.1718783896860739
 40
0.1875034263309621
 40
0.2031280506513189
 40
0.2187530872823675
 40
0.2343777115605532
 40
0.250002748233739
 40
0.2656273724985818
 40
0.2812524091852159
 40
0.2968770334523669
 40
0.312502070136627
 40
0.3281267037859394
 40
0.3437517311107129
 40
0.3593763741447817
 40
0.3750013920621859
 40
0.3906260351153488
 40
0.4062510530136451
 40
0.4218756960769376
 40
0.4375007139650955
 40
0.4531253570197323
 40
0.4687503749165062
 40
0.4843750179680451
 40
0.5000000358679727
 40
0.5156246789216263
 40
0.5312496968193982
 40
0.546874339856688
 40
0.5624993577708181
 40
0.5781240008113358
 40
0.5937490187222877
 40
0.6093736617776261
 40
0.6249986796737392
 40
0.6406233133383079
 40
0.656248340602537
 40
0.6718729649167861
 40
0.6874980015540241
 40
0.7031226258444471
 40
0.7187476625053596
 40
0.7343722867991555
 40
0.7499973234569115
 40
0.7656219477807386
 40
0.7812469844083135
 40
0.7968716087291475
 40
0.8124966453597853
 40
0.8281212697087337
 40
0.8437463063112604
 40
0.8593709306425562
 40
0.8749959672626236
 40
0.8906205915496986
 40
0.906245628214034
 40
0.9218702524872954
 40
0.9374952891654707
 40
0.9453104935635268
 40
0.9531210904674452
 40
0.9609317904865344
 40
0.9687473040436508
 40
0.9715901226038059
 40
0.9744319291312081
 40
0.9772729497872047
 40
0.9801134109208613
 40
0.9829535390150178
 40
0.9857935606321927
 40
0.9886337023603839
 40
0.9914741907588473
 40
0.9943152523039021
 40
0.9971571133348408
 40
0.9999999999999998
 40
0.9999999999999998
 40
0.9999999999999998
 40
0.9999999999999998
 10
686.9605371282732
 20
553.6344868626916
 30
0.0
 10
686.960487909163
 20
553.6692805617503
 30
0.0
 10
686.9603894815464
 20
553.7388604637887
 30
0.0
 10
686.9595931349508
 20
553.8432174016518
 30
0.0
 10
686.9583218647862
 20
553.947549343738
 30
0.0
 10
686.9565291254676
 20
554.0518562899168
 30
0.0
 10
686.9542273853929
 20
554.1561382399931
 30
0.0
 10
686.9514133044498
 20
554.260395193789
 30
0.0
 10
686.9480877774281
 20
554.3646271511216
 30
0.0
 10
686.9442505646032
 20
554.468834111809
 30
0.0
 10
686.9399017302007
 20
554.5730160756694
 30
0.0
 10
686.9350412570165
 20
554.6771730425197
 30
0.0
 10
686.9296691496684
 20
554.7813050121813
 30
0.0
 10
686.9237854069337
 20
554.8854119844594
 30
0.0
 10
686.917390029148
 20
554.9894939592213
 30
0.0
 10
686.9104830162791
 20
555.0935509361029
 30
0.0
 10
686.903064368229
 20
555.1975829156043
 30
0.0
 10
686.8951340855515
 20
555.3015898950063
 30
0.0
 10
686.8866921662778
 20
555.4055718836053
 30
0.0
 10
686.877738617904
 20
555.5095288458484
 30
0.0
 10
686.8682734126013
 20
555.6134609136122
 30
0.0
 10
686.8450025668347
 20
555.8558238420729
 30
0.0
 10
686.8028490080733
 20
556.2360219381352
 30
0.0
 10
686.7326672313578
 20
556.7528127041782
 30
0.0
 10
686.6498080051965
 20
557.267735841899
 30
0.0
 10
686.522505090921
 20
557.9514023662162
 30
0.0
 10
686.3320109911572
 20
558.7999008703776
 30
0.0
 10
686.0536755555322
 20
559.8054985747664
 30
0.0
 10
685.7264156792475
 20
560.7962784563944
 30
0.0
 10
685.3508523721748
 20
561.7697617118039
 30
0.0
 10
684.9280555528885
 20
562.72369111508
 30
0.0
 10
684.4588824745418
 20
563.6556758176848
 30
0.0
 10
683.9446201500591
 20
564.5635702742374
 30
0.0
 10
683.3863557805366
 20
565.4450802609703
 30
0.0
 10
682.7855805543272
 20
566.2981964220829
 30
0.0
 10
682.1436012921894
 20
567.1207422231454
 30
0.0
 10
681.4620989567984
 20
567.9108641259038
 30
0.0
 10
680.7425874132517
 20
568.6665241727203
 30
0.0
 10
679.9869212081621
 20
569.3860425135778
 30
0.0
 10
679.1968066716718
 20
570.0675393856519
 30
0.0
 10
678.3742540777987
 20
570.7095248124735
 30
0.0
 10
677.5211456046672
 20
571.3102954295408
 30
0.0
 10
676.6396282749573
 20
571.8685653087959
 30
0.0
 10
675.7317417192974
 20
572.3828238454337
 30
0.0
 10
674.7997492777376
 20
572.852001542599
 30
0.0
 10
673.8458283128302
 20
573.2747953826999
 30
0.0
 10
672.8723364018621
 20
573.6503625363488
 30
0.0
 10
671.8815677856255
 20
573.9776199076567
 30
0.0
 10
670.8759514857879
 20
574.2559597082991
 30
0.0
 10
669.8578768598836
 20
574.4845289397057
 30
0.0
 10
668.8298208062642
 20
574.6629608239351
 30
0.0
 10
667.7942447856158
 20
574.7906406686521
 30
0.0
 10
666.753649719667
 20
574.8674462402463
 30
0.0
 10
665.7105454672993
 20
574.893007071364
 30
0.0
 10
664.6674328884637
 20
574.8674466504438
 30
0.0
 10
663.6268460689637
 20
574.7906423034312
 30
0.0
 10
662.5912617217283
 20
574.6629620508858
 30
0.0
 10
661.5632137545389
 20
574.4845321935582
 30
0.0
 10
660.5451308819656
 20
574.2559617397997
 30
0.0
 10
659.5395224303156
 20
573.9776247500175
 30
0.0
 10
658.5487457292265
 20
573.6503653495511
 30
0.0
 10
657.5752615410095
 20
573.2748018543126
 30
0.0
 10
656.6213327518568
 20
572.8520051557372
 30
0.0
 10
655.6893479740502
 20
572.3828321172926
 30
0.0
 10
654.7814537212935
 20
571.8685698813287
 30
0.0
 10
653.8999437291352
 20
571.3103055160623
 30
0.0
 10
653.0468275698384
 20
570.7095302888083
 30
0.0
 10
652.2242817679997
 20
570.0675510268413
 30
0.0
 10
651.4341598645748
 20
569.3860486912585
 30
0.0
 10
650.678499817031
 20
568.6665371465045
 30
0.0
 10
649.958981476846
 20
567.9108709413825
 30
0.0
 10
649.2774846028451
 20
567.1207564046271
 30
0.0
 10
648.635499180949
 20
566.2982038095614
 30
0.0
 10
648.0347286677629
 20
565.4450955139532
 30
0.0
 10
647.4764588347075
 20
564.5635781627743
 30
0.0
 10
646.9622004297847
 20
563.6556919961337
 30
0.0
 10
646.4930226352263
 20
562.7236994294722
 30
0.0
 10
646.070228907834
 20
561.7697786603282
 30
0.0
 10
645.694661664952
 20
560.7962871182586
 30
0.0
 10
645.3674040684131
 20
559.8055161250433
 30
0.0
 10
645.0890653449355
 20
558.799909816838
 30
0.0
 10
644.8985728104966
 20
557.9514180295518
 30
0.0
 10
644.7712683140426
 20
557.2677517641574
 30
0.0
 10
644.6884104287587
 20
556.7528354824469
 30
0.0
 10
644.6182277530883
 20
556.2360374752463
 30
0.0
 10
644.572936091004
 20
555.8275407209228
 30
0.0
 10
644.5448240119734
 20
555.5284652660352
 30
0.0
 10
644.5287555826958
 20
555.3394404334323
 30
0.0
 10
644.5143786495028
 20
555.1503323137934
 30
0.0
 10
644.5016931110593
 20
554.9611405598779
 30
0.0
 10
644.4906991921383
 20
554.7718652692434
 30
0.0
 10
644.4813960976244
 20
554.5825064203226
 30
0.0
 10
644.4737867851222
 20
554.3930640234857
 30
0.0
 10
644.4678602188054
 20
554.2035380805063
 30
0.0
 10
644.4636575950799
 20
554.0139285956323
 30
0.0
 10
644.4610251076491
 20
553.8242355717908
 30
0.0
 10
644.4606998076287
 20
553.6977440395332
 30
0.0
 10
644.4605371282738
 20
553.6344868626916
 30
0.0
  0
SPLINE
  5
567B
330
1F
100
AcDbEntity
  8
0
  6
Continuous
 62
     7
370
    25
100
AcDbSpline
210
0.0
220
0.0
230
1.0
 70
     8
 71
     3
 72
   102
 73
    98
 74
     0
 42
0.00000001
 43
0.0000000001
 40
0.0
 40
0.0
 40
0.0
 40
0.0
 40
0.0015636924857797
 40
0.0031270480839447
 40
0.0046901043944909
 40
0.0062528990390155
 40
0.0078154696580163
 40
0.0093778539081825
 40
0.0109400894596804
 40
0.0125022139934334
 40
0.0140642651983992
 40
0.0156262807688436
 40
0.017188298401612
 40
0.0187503557934006
 40
0.020312490638027
 40
0.0218747406237029
 40
0.0234371434303074
 40
0.0249997367266643
 40
0.0265625581678235
 40
0.0281256453923466
 40
0.0296890360195992
 40
0.0312527676470494
 40
0.0390679720633736
 40
0.046878568973389
 40
0.0546892689863781
 40
0.0625047825251954
 40
0.0781294068561783
 40
0.0937544434766495
 40
0.1093790678027655
 40
0.1250041044280655
 40
0.1406287287405176
 40
0.1562537653794986
 40
0.1718783896879024
 40
0.1875034263309372
 40
0.2031280506309548
 40
0.2187530872823581
 40
0.2343777115706213
 40
0.2500027482337881
 40
0.2656273725343307
 40
0.2812524091852701
 40
0.296877033497813
 40
0.3125020701367002
 40
0.3281266944398609
 40
0.343751731088128
 40
0.3593763554037449
 40
0.3750013920396096
 40
0.390626016362581
 40
0.406251052991029
 40
0.4218756773032367
 40
0.437500713942466
 40
0.453125338247827
 40
0.4687503748938916
 40
0.4843749991966852
 40
0.5000000358453414
 40
0.5156246695321258
 40
0.5312496968193963
 40
0.5468743304847658
 40
0.5624993577482292
 40
0.5781239820547618
 40
0.5937490186996617
 40
0.6093736430030843
 40
0.624998679651104
 40
0.6406233039498213
 40
0.6562483406025331
 40
0.6718729648955473
 40
0.6874980015539693
 40
0.7031226258529694
 40
0.7187476625054287
 40
0.7343722868260674
 40
0.7499973234569049
 40
0.7656219477778911
 40
0.7812469844083117
 40
0.7968716087291459
 40
0.812496645359784
 40
0.8281212697087328
 40
0.8437463063112595
 40
0.8593709306425555
 40
0.8749959672626228
 40
0.8906205915793407
 40
0.9062456282141058
 40
0.9218702525185094
 40
0.9374952891654752
 40
0.9453104935647051
 40
0.9531210904690155
 40
0.9609317904877123
 40
0.9687473040436508
 40
0.9715901226038058
 40
0.9744319291312075
 40
0.9772729497872047
 40
0.9801134109208613
 40
0.9829535390150178
 40
0.9857935606321923
 40
0.9886337023603843
 40
0.9914741907588473
 40
0.9943152523039021
 40
0.9971571133348408
 40
1.0
 40
1.0
 40
1.0
 40
1.0
 10
644.4605371282738
 20
553.6344868626916
 30
0.0
 10
644.4605863473839
 20
553.5996931636161
 30
0.0
 10
644.4606847750005
 20
553.5301132615463
 30
0.0
 10
644.4614811215959
 20
553.4257563236381
 30
0.0
 10
644.4627523917606
 20
553.3214243815124
 30
0.0
 10
644.4645451310792
 20
553.2171174352994
 30
0.0
 10
644.4668468711543
 20
553.112835485194
 30
0.0
 10
644.469660952097
 20
553.0085785313746
 30
0.0
 10
644.4729864791187
 20
552.9043465740236
 30
0.0
 10
644.4768236919435
 20
552.8001396133229
 30
0.0
 10
644.4811725263463
 20
552.6959576494546
 30
0.0
 10
644.4860329995299
 20
552.5918006826016
 30
0.0
 10
644.4914051068784
 20
552.4876687129427
 30
0.0
 10
644.4972888496131
 20
552.3835617406725
 30
0.0
 10
644.5036842273989
 20
552.2794797659241
 30
0.0
 10
644.5105912402676
 20
552.1754227890607
 30
0.0
 10
644.5180098883179
 20
552.071390809583
 30
0.0
 10
644.5259401709954
 20
551.9673838302102
 30
0.0
 10
644.5343820902684
 20
551.8634018416453
 30
0.0
 10
644.5433356386429
 20
551.7594448794417
 30
0.0
 10
644.5528008439452
 20
551.6555128117224
 30
0.0
 10
644.5760716897374
 20
551.4131498831246
 30
0.0
 10
644.6182252485304
 20
551.0329517868541
 30
0.0
 10
644.6884070252654
 20
550.5161610206418
 30
0.0
 10
644.7712662513945
 20
550.001237883088
 30
0.0
 10
644.8985691657485
 20
549.3175713586367
 30
0.0
 10
645.0890632654605
 20
548.4690728546386
 30
0.0
 10
645.3673987010834
 20
547.4634751503361
 30
0.0
 10
645.6946585773912
 20
546.4726952691115
 30
0.0
 10
646.070221884348
 20
545.4992120136422
 30
0.0
 10
646.4930187035342
 20
544.545282610224
 30
0.0
 10
646.9621917820327
 20
543.6132979076448
 30
0.0
 10
647.4764541066353
 20
542.7054034511874
 30
0.0
 10
648.0347184757675
 20
541.8238934647471
 30
0.0
 10
648.6354937019232
 20
540.9707773036436
 30
0.0
 10
649.2774729642296
 20
540.1482315024281
 30
0.0
 10
649.9589752998057
 20
539.3581095992366
 30
0.0
 10
650.6784868439954
 20
538.6024495518986
 30
0.0
 10
651.4341530491027
 20
537.8829312114886
 30
0.0
 10
652.2242675857419
 20
537.2014343377217
 30
0.0
 10
653.0468201815311
 20
536.5594489155316
 30
0.0
 10
653.8999284751844
 20
535.9586784029207
 30
0.0
 10
654.7814458303969
 20
535.4004085693747
 30
0.0
 10
655.6893319823233
 20
534.8861501661996
 30
0.0
 10
656.621324603278
 20
534.4169723645983
 30
0.0
 10
657.5752451735078
 20
533.9941786606004
 30
0.0
 10
658.5487374614675
 20
533.6186113301163
 30
0.0
 10
659.5395056729544
 20
533.2913540596952
 30
0.0
 10
660.5451223650366
 20
533.0130141187516
 30
0.0
 10
661.5631965784346
 20
532.7844449484929
 30
0.0
 10
662.5912530365761
 20
532.6060129625341
 30
0.0
 10
663.6268286407166
 20
532.4783331394448
 30
0.0
 10
664.6674241192735
 20
532.4015275021486
 30
0.0
 10
665.7105281634112
 20
532.375966662131
 30
0.0
 10
666.7536411612267
 20
532.4015270152616
 30
0.0
 10
667.7942277732118
 20
532.4783313811589
 30
0.0
 10
668.8298123207028
 20
532.6060116926157
 30
0.0
 10
669.8578598904555
 20
532.7844414019778
 30
0.0
 10
670.8759429687225
 20
533.0130118873756
 30
0.0
 10
671.881551027941
 20
533.2913487332636
 30
0.0
 10
672.8723281350267
 20
533.618608231719
 30
0.0
 10
673.8458121336852
 20
533.9941716398636
 30
0.0
 10
674.7997413383632
 20
534.4169684320903
 30
0.0
 10
675.7317260940284
 20
534.8861415176826
 30
0.0
 10
676.6396205364634
 20
535.4004038404609
 30
0.0
 10
677.5211305267147
 20
535.9586682101053
 30
0.0
 10
678.3742466871395
 20
536.5594434362261
 30
0.0
 10
679.1967924891149
 20
537.201422699121
 30
0.0
 10
679.9869143923142
 20
537.8829250346297
 30
0.0
 10
680.7425744399087
 20
538.6024365792443
 30
0.0
 10
681.4620927796632
 20
539.3581027839501
 30
0.0
 10
682.1435896536617
 20
540.1482173207068
 30
0.0
 10
682.7855750755983
 20
540.9707699158214
 30
0.0
 10
683.386345588784
 20
541.8238782114299
 30
0.0
 10
683.9446154218402
 20
542.7053955626083
 30
0.0
 10
684.4588738267592
 20
543.6132817292503
 30
0.0
 10
684.9280516213313
 20
544.5452742959068
 30
0.0
 10
685.3508453489411
 20
545.4991950656729
 30
0.0
 10
685.7264125919641
 20
546.4726866076927
 30
0.0
 10
686.0536701885266
 20
547.4634576016357
 30
0.0
 10
686.3320089116322
 20
548.4690639092556
 30
0.0
 10
686.5225014462057
 20
549.3175556965343
 30
0.0
 10
686.6498059425042
 20
550.001221961288
 30
0.0
 10
686.7326638277967
 20
550.5161382430229
 30
0.0
 10
686.8028465034635
 20
551.0329362501978
 30
0.0
 10
686.8481381655456
 20
551.4414330044862
 30
0.0
 10
686.8762502445734
 20
551.7405084593479
 30
0.0
 10
686.892318673851
 20
551.9295332919511
 30
0.0
 10
686.9066956070441
 20
552.1186414115899
 30
0.0
 10
686.9193811454874
 20
552.3078331655052
 30
0.0
 10
686.9303750644085
 20
552.4971084561395
 30
0.0
 10
686.9396781589224
 20
552.6864673050605
 30
0.0
 10
686.9472874714247
 20
552.8759097018973
 30
0.0
 10
686.9532140377414
 20
553.0654356448771
 30
0.0
 10
686.9574166614669
 20
553.2550451297508
 30
0.0
 10
686.9600491488978
 20
553.4447381535922
 30
0.0
 10
686.9603744489181
 20
553.5712296858502
 30
0.0
 10
686.9605371282732
 20
553.6344868626916
 30
0.0
  0
SPLINE
  5
567C
330
1F
100
AcDbEntity
  8
0
  6
Continuous
 62
     7
370
    25
100
AcDbSpline
210
0.0
220
0.0
230
1.0
 70
     8
 71
     3
 72
    75
 73
    71
 74
     0
 42
0.00000001
 43
0.0000000001
 40
0.0
 40
0.0
 40
0.0
 40
0.0
 40
0.0018399768782826
 40
0.0036794973326225
 40
0.0055186226107345
 40
0.0073574139998223
 40
0.0091959328204796
 40
0.0110342404205768
 40
0.0128723981691322
 40
0.014710467450174
 40
0.0165485096565939
 40
0.0183865861839965
 40
0.0202247584245471
 40
0.0220630877608223
 40
0.0239016355596637
 40
0.025740463166041
 40
0.027579631896925
 40
0.0294192030351752
 40
0.0312592378234448
 40
0.0390760118270129
 40
0.0468882116355153
 40
0.0547005488505238
 40
0.062517734825155
 40
0.0781455314320542
 40
0.0937738774828902
 40
0.1094016871611977
 40
0.1250300201090672
 40
0.1406578298056662
 40
0.1562861627352605
 40
0.1875328802444001
 40
0.2187795977535376
 40
0.2500263152626771
 40
0.2812730327718165
 40
0.3125197502809543
 40
0.3437664677900949
 40
0.3750131852992327
 40
0.4062599028083704
 40
0.4375066203175115
 40
0.4687533378266505
 40
0.5000000553357877
 40
0.5312467728449252
 40
0.5624934903540641
 40
0.5937402078632053
 40
0.624986925372343
 40
0.6562336428814807
 40
0.6874803603906218
 40
0.718727077899759
 40
0.7499737954088991
 40
0.7812205129180381
 40
0.8124672304271756
 40
0.8437139479363152
 40
0.8593417445357721
 40
0.8749700905940063
 40
0.8905979002297337
 40
0.9062262332201408
 40
0.9218540428377476
 40
0.9374823758462904
 40
0.9452991596714962
 40
0.9531113627519051
 40
0.9609236966989552
 40
0.9687408728874547
 40
0.9722159875534398
 40
0.97568966789726
 40
0.9791623270544114
 40
0.9826343785249187
 40
0.9861062360259339
 40
0.9895783133439476
 40
0.9930510241868731
 40
0.9965247820362751
 40
1.0
 40
1.0
 40
1.0
 40
1.0
 10
650.4855371282732
 20
553.6344868626916
 30
0.0
 10
650.4855859347767
 20
553.6638140277468
 30
0.0
 10
650.4856835356759
 20
553.7224610829723
 30
0.0
 10
650.4864732307172
 20
553.8104188039851
 30
0.0
 10
650.4877338938642
 20
553.8983517748033
 30
0.0
 10
650.4895116779247
 20
553.9862599952035
 30
0.0
 10
650.4917942201013
 20
554.0741434648744
 30
0.0
 10
650.4945848321648
 20
554.1620021835266
 30
0.0
 10
650.4978826269207
 20
554.2498361508648
 30
0.0
 10
650.5016878420559
 20
554.3376453665988
 30
0.0
 10
650.5060004138786
 20
554.4254298304212
 30
0.0
 10
650.5108203594462
 20
554.5131895420849
 30
0.0
 10
650.5161476741277
 20
554.6009245011243
 30
0.0
 10
650.5219823592629
 20
554.6886347078898
 30
0.0
 10
650.5283244139517
 20
554.7763201596864
 30
0.0
 10
650.535173840246
 20
554.8639808651966
 30
0.0
 10
650.5425306305856
 20
554.9516167906307
 30
0.0
 10
650.550394812878
 20
555.0392280607645
 30
0.0
 10
650.5678293619707
 20
555.221636290849
 30
0.0
 10
650.5985157430422
 20
555.4984082847071
 30
0.0
 10
650.6487988379485
 20
555.8686729197209
 30
0.0
 10
650.7081651863996
 20
556.237600990754
 30
0.0
 10
650.7993737519291
 20
556.727427988245
 30
0.0
 10
650.9358573682938
 20
557.3353530669976
 30
0.0
 10
651.1352760412437
 20
558.0558331960791
 30
0.0
 10
651.3697491475986
 20
558.7656996853024
 30
0.0
 10
651.6388260004227
 20
559.4631680725341
 30
0.0
 10
651.9417583656559
 20
560.146642217246
 30
0.0
 10
652.3898383139529
 20
561.0367769531848
 30
0.0
 10
653.0310765368035
 20
562.1066860748246
 30
0.0
 10
653.9225278744456
 20
563.3086407863346
 30
0.0
 10
654.9275298203682
 20
564.4174984643358
 30
0.0
 10
656.0363711523303
 20
565.4224909938626
 30
0.0
 10
657.2383818316016
 20
566.3139636510485
 30
0.0
 10
658.5219835045641
 20
567.0833246619308
 30
0.0
 10
659.8748150107288
 20
567.7231663756002
 30
0.0
 10
661.2838476756095
 20
568.2273263067237
 30
0.0
 10
662.735511789278
 20
568.5909492427921
 30
0.0
 10
664.215827020746
 20
568.8105332630929
 30
0.0
 10
665.7105371282738
 20
568.8839636624907
 30
0.0
 10
667.2052472358008
 20
568.8105332630929
 30
0.0
 10
668.6855624672694
 20
568.5909492427922
 30
0.0
 10
670.1372265809363
 20
568.227326306723
 30
0.0
 10
671.5462592458211
 20
567.7231663756027
 30
0.0
 10
672.8990907519714
 20
567.0833246619216
 30
0.0
 10
674.1826924249884
 20
566.3139636510824
 30
0.0
 10
675.3847031040568
 20
565.422490993736
 30
0.0
 10
676.4935444367747
 20
564.4174984648092
 30
0.0
 10
677.4985463798774
 20
563.3086407845683
 30
0.0
 10
678.3899977280428
 20
562.1066860814159
 30
0.0
 10
679.0312315158652
 20
561.0367842790403
 30
0.0
 10
679.4793122743445
 20
560.1466499862083
 30
0.0
 10
679.782241783922
 20
559.4631836700338
 30
0.0
 10
680.0513223022185
 20
558.7657075606102
 30
0.0
 10
680.2857932811288
 20
558.0558493522614
 30
0.0
 10
680.4852149030785
 20
557.3353613914004
 30
0.0
 10
680.6216970995572
 20
556.72744258171
 30
0.0
 10
680.7129071733961
 20
556.2376158325652
 30
0.0
 10
680.7722722820261
 20
555.8686941492948
 30
0.0
 10
680.8225561961538
 20
555.4984227712463
 30
0.0
 10
680.856116143272
 20
555.1957379648492
 30
0.0
 10
680.8779098796873
 20
554.9613929363836
 30
0.0
 10
680.8914874625006
 20
554.7958392264405
 30
0.0
 10
680.9032544371566
 20
554.6301962004644
 30
0.0
 10
680.9132116872984
 20
554.464463536466
 30
0.0
 10
680.9213560381627
 20
554.2986413296238
 30
0.0
 10
680.9276993018403
 20
554.1327295633339
 30
0.0
 10
680.9321973933165
 20
553.9667282512308
 30
0.0
 10
680.9350149026441
 20
553.8006373977983
 30
0.0
 10
680.935363028681
 20
553.689878131949
 30
0.0
 10
680.9355371282736
 20
553.6344868626916
 30
0.0
  0
SPLINE
  5
567D
330
1F
100
AcDbEntity
  8
0
  6
Continuous
 62
     7
370
    25
100
AcDbSpline
210
0.0
220
0.0
230
1.0
 70
     8
 71
     3
 72
    75
 73
    71
 74
     0
 42
0.00000001
 43
0.0000000001
 40
0.0
 40
0.0
 40
0.0
 40
0.0
 40
0.0018399739835979
 40
0.0036794919051735
 40
0.0055186150124902
 40
0.0073574045927631
 40
0.0091959219665624
 40
0.0110342284816981
 40
0.0128723855070923
 40
0.0147104544266403
 40
0.0165484966330648
 40
0.018386573521765
 40
0.0202247464846651
 40
0.022063076904064
 40
0.0239016261464898
 40
0.0257404555565624
 40
0.0275796264508676
 40
0.0294192001118435
 40
0.0312592377816866
 40
0.0390760020185797
 40
0.0468881985656353
 40
0.0547005390460674
 40
0.062517734822833
 40
0.0781455314272003
 40
0.0937738774806394
 40
0.1094016871564212
 40
0.1250300201069003
 40
0.1406578298014501
 40
0.1562861627331662
 40
0.1875328802423833
 40
0.2187795977515984
 40
0.2500263152608146
 40
0.2812730327700323
 40
0.3125197502792472
 40
0.3437664677884659
 40
0.3750131852976812
 40
0.4062599028068962
 40
0.4375066203161151
 40
0.4687533378253315
 40
0.5000000553345467
 40
0.5312467728437614
 40
0.5624934903529779
 40
0.5937402078621962
 40
0.6249869253714117
 40
0.6562336428806272
 40
0.6874803603898452
 40
0.7187270778990605
 40
0.7499737954082782
 40
0.7812205129174945
 40
0.8124672304267097
 40
0.8437139479359267
 40
0.8593417314528123
 40
0.8749700905621676
 40
0.8905978871522343
 40
0.9062262332199143
 40
0.9218540428401251
 40
0.9374823758461353
 40
0.9452991596713607
 40
0.9531113627517887
 40
0.9609236966988582
 40
0.9687408728873771
 40
0.9722159875533707
 40
0.9756896678971999
 40
0.9791623270543599
 40
0.9826343785248756
 40
0.9861062360258996
 40
0.9895783133439215
 40
0.9930510241868557
 40
0.9965247820362666
 40
1.0
 40
1.0
 40
1.0
 40
1.0
 10
680.9355371282736
 20
553.6344868626916
 30
0.0
 10
680.9354883217602
 20
553.6051597437744
 30
0.0
 10
680.9353907208305
 20
553.5465127750561
 30
0.0
 10
680.9346010257257
 20
553.4585551751558
 30
0.0
 10
680.9333403625351
 20
553.3706223081487
 30
0.0
 10
680.931562578422
 20
553.2827141742593
 30
0.0
 10
680.9292800361962
 20
553.1948307737986
 30
0.0
 10
680.9264894240827
 20
553.1069721070556
 30
0.0
 10
680.923191629277
 20
553.019138174326
 30
0.0
 10
680.9193864140914
 20
552.9313289759004
 30
0.0
 10
680.9150738422195
 20
552.8435445120853
 30
0.0
 10
680.9102538966023
 20
552.7557847831282
 30
0.0
 10
680.9049265818721
 20
552.668049789495
 30
0.0
 10
680.899091896686
 20
552.5803395308346
 30
0.0
 10
680.8927498419542
 20
552.4926540098423
 30
0.0
 10
680.8859004155891
 20
552.4049932178379
 30
0.0
 10
680.8785436252847
 20
552.317357188599
 30
0.0
 10
680.8706794426353
 20
552.2297457973974
 30
0.0
 10
680.8532449297622
 20
552.0473376337072
 30
0.0
 10
680.8225585970363
 20
551.770565796994
 30
0.0
 10
680.7722755277522
 20
551.4003013153118
 30
0.0
 10
680.7129091441992
 20
551.0313730915896
 30
0.0
 10
680.621700533557
 20
550.5415458907192
 30
0.0
 10
680.4852168900565
 20
549.9336206580762
 30
0.0
 10
680.2857982148439
 20
549.2131405294766
 30
0.0
 10
680.0513251091001
 20
548.5032740400908
 30
0.0
 10
679.7822482561177
 20
547.8058056529241
 30
0.0
 10
679.4793158909079
 20
547.1223315081688
 30
0.0
 10
679.0312359426097
 20
546.232196772226
 30
0.0
 10
678.3899977197442
 20
545.1622876505588
 30
0.0
 10
677.4985463821012
 20
543.9603329390487
 30
0.0
 10
676.4935444361785
 20
542.8514752610473
 30
0.0
 10
675.3847031042164
 20
541.8464827315203
 30
0.0
 10
674.1826924249452
 20
540.9550100743348
 30
0.0
 10
672.8990907519833
 20
540.1856490634522
 30
0.0
 10
671.5462592458179
 20
539.5458073497827
 30
0.0
 10
670.1372265809372
 20
539.0416474186596
 30
0.0
 10
668.6855624672689
 20
538.6780244825911
 30
0.0
 10
667.2052472358008
 20
538.4584404622902
 30
0.0
 10
665.7105371282738
 20
538.3850100628923
 30
0.0
 10
664.215827020746
 20
538.4584404622902
 30
0.0
 10
662.735511789278
 20
538.6780244825911
 30
0.0
 10
661.2838476756095
 20
539.0416474186598
 30
0.0
 10
659.8748150107288
 20
539.5458073497819
 30
0.0
 10
658.5219835045636
 20
540.1856490634558
 30
0.0
 10
657.2383818316025
 20
540.9550100743223
 30
0.0
 10
656.0363711523272
 20
541.8464827315668
 30
0.0
 10
654.9275298203806
 20
542.8514752608738
 30
0.0
 10
653.9225278743997
 20
543.960332939697
 30
0.0
 10
653.0310765369748
 20
545.1622876481393
 30
0.0
 10
652.3898428231308
 20
546.2321892548898
 30
0.0
 10
651.9417621148877
 20
547.1223235713063
 30
0.0
 10
651.6388326324435
 20
547.8057896703493
 30
0.0
 10
651.3697519779666
 20
548.5032659519133
 30
0.0
 10
651.1352810435883
 20
549.2131241764552
 30
0.0
 10
650.9358593500281
 20
549.9336123328589
 30
0.0
 10
650.7993771574079
 20
550.5415311438579
 30
0.0
 10
650.7081670830701
 20
551.0313578927909
 30
0.0
 10
650.6488019745424
 20
551.4002795760956
 30
0.0
 10
650.5985180603869
 20
551.7705509541349
 30
0.0
 10
650.5649581132752
 20
552.0732357605338
 30
0.0
 10
650.5431643768597
 20
552.3075807889994
 30
0.0
 10
650.5295867940467
 20
552.4731344989428
 30
0.0
 10
650.5178198193902
 20
552.6387775249186
 30
0.0
 10
650.5078625692484
 20
552.8045101889171
 30
0.0
 10
650.4997182183842
 20
552.9703323957593
 30
0.0
 10
650.493374954707
 20
553.1362441620491
 30
0.0
 10
650.4888768632304
 20
553.3022454741523
 30
0.0
 10
650.4860593539027
 20
553.468336327585
 30
0.0
 10
650.4857112278658
 20
553.5790955934341
 30
0.0
 10
650.4855371282732
 20
553.6344868626916
 30
0.0
  0
SPLINE
  5
5681
330
1F
100
AcDbEntity
  8
0
  6
Continuous
 62
     7
370
    25
100
AcDbSpline
210
0.0
220
0.0
230
1.0
 70
     8
 71
     3
 72
    70
 73
    66
 74
     0
 42
0.00000001
 43
0.0000000001
 40
0.0
 40
0.0
 40
0.0
 40
0.0
 40
0.03125
 40
0.03125
 40
0.0625
 40
0.0625
 40
0.09375
 40
0.09375
 40
0.125
 40
0.125
 40
0.15625
 40
0.15625
 40
0.1874999999999999
 40
0.1874999999999999
 40
0.2187499999999999
 40
0.2187499999999999
 40
0.2499999999999999
 40
0.2499999999999999
 40
0.2812499999999999
 40
0.2812499999999999
 40
0.3124999999999999
 40
0.3124999999999999
 40
0.3437499999999998
 40
0.3437499999999998
 40
0.3749999999999998
 40
0.3749999999999998
 40
0.40625
 40
0.40625
 40
0.4375
 40
0.4375
 40
0.46875
 40
0.46875
 40
0.5
 40
0.5
 40
0.53125
 40
0.53125
 40
0.5625
 40
0.5625
 40
0.59375
 40
0.59375
 40
0.625
 40
0.625
 40
0.6562499999999997
 40
0.6562499999999997
 40
0.6874999999999997
 40
0.6874999999999997
 40
0.7187499999999997
 40
0.7187499999999997
 40
0.7499999999999997
 40
0.7499999999999997
 40
0.7812499999999997
 40
0.7812499999999997
 40
0.8124999999999996
 40
0.8124999999999996
 40
0.8437499999999996
 40
0.8437499999999996
 40
0.8749999999999996
 40
0.8749999999999996
 40
0.9062499999999996
 40
0.9062499999999996
 40
0.9374999999999998
 40
0.9374999999999998
 40
0.9687499999999998
 40
0.9687499999999998
 40
1.0
 40
1.0
 40
1.0
 40
1.0
 10
566.1005427777736
 20
553.6344868626916
 30
0.0
 10
566.1005427777736
 20
553.1357590289343
 30
0.0
 10
566.0760418883254
 20
552.6370319669906
 30
0.0
 10
565.97827413619
 20
551.6443793211475
 30
0.0
 10
565.9050074248048
 20
551.1504552734426
 30
0.0
 10
565.7104134774328
 20
550.1721654368891
 30
0.0
 10
565.5890865425926
 20
549.6878011620083
 30
0.0
 10
565.2995404460721
 20
548.7332956006588
 30
0.0
 10
565.1313217324838
 20
548.2631557913497
 30
0.0
 10
564.7496119740071
 20
547.3416269155457
 30
0.0
 10
564.5361215198398
 20
546.8902392751764
 30
0.0
 10
564.065924173045
 20
546.0105619117504
 30
0.0
 10
563.8092180080783
 20
545.5822735500515
 30
0.0
 10
563.2550613304501
 20
544.7529194728941
 30
0.0
 10
562.9576116753827
 20
544.351855040915
 30
0.0
 10
562.3248324986603
 20
543.5808113831601
 30
0.0
 10
561.9895039562728
 20
543.2108333506248
 30
0.0
 10
561.2841962898401
 20
542.5055256841923
 30
0.0
 10
560.914218257305
 20
542.1701971418046
 30
0.0
 10
560.1431745995499
 20
541.5374179650823
 30
0.0
 10
559.7421101675709
 20
541.2399683100147
 30
0.0
 10
558.9127560904135
 20
540.6858116323867
 30
0.0
 10
558.4844677287145
 20
540.42910546742
 30
0.0
 10
557.6047903652888
 20
539.9589081206251
 30
0.0
 10
557.1534027249193
 20
539.7454176664579
 30
0.0
 10
556.2318738491153
 20
539.3637079079813
 30
0.0
 10
555.7617340398063
 20
539.1954891943927
 30
0.0
 10
554.8072284784566
 20
538.9059430978726
 30
0.0
 10
554.3228642035759
 20
538.7846161630323
 30
0.0
 10
553.3445743670227
 20
538.5900222156601
 30
0.0
 10
552.8506503193174
 20
538.516755504275
 30
0.0
 10
551.8579976734745
 20
538.4189877521396
 30
0.0
 10
551.359270611531
 20
538.3944868626916
 30
0.0
 10
550.3618149440161
 20
538.3944868626916
 30
0.0
 10
549.8630878820725
 20
538.4189877521396
 30
0.0
 10
548.8704352362291
 20
538.516755504275
 30
0.0
 10
548.3765111885239
 20
538.5900222156601
 30
0.0
 10
547.398221351971
 20
538.7846161630323
 30
0.0
 10
546.9138570770901
 20
538.9059430978726
 30
0.0
 10
545.9593515157406
 20
539.1954891943927
 30
0.0
 10
545.4892117064319
 20
539.3637079079813
 30
0.0
 10
544.5676828306273
 20
539.7454176664579
 30
0.0
 10
544.1162951902583
 20
539.9589081206251
 30
0.0
 10
543.2366178268321
 20
540.42910546742
 30
0.0
 10
542.8083294651331
 20
540.6858116323867
 30
0.0
 10
541.9789753879759
 20
541.2399683100146
 30
0.0
 10
541.5779109559971
 20
541.5374179650823
 30
0.0
 10
540.806867298242
 20
542.1701971418046
 30
0.0
 10
540.4368892657067
 20
542.5055256841923
 30
0.0
 10
539.7315815992742
 20
543.2108333506248
 30
0.0
 10
539.3962530568865
 20
543.5808113831601
 30
0.0
 10
538.7634738801644
 20
544.351855040915
 30
0.0
 10
538.4660242250966
 20
544.7529194728941
 30
0.0
 10
537.9118675474687
 20
545.5822735500515
 30
0.0
 10
537.6551613825022
 20
546.0105619117504
 30
0.0
 10
537.1849640357067
 20
546.8902392751764
 30
0.0
 10
536.9714735815396
 20
547.3416269155457
 30
0.0
 10
536.5897638230631
 20
548.2631557913497
 30
0.0
 10
536.4215451094747
 20
548.7332956006588
 30
0.0
 10
536.1319990129544
 20
549.6878011620083
 30
0.0
 10
536.0106720781145
 20
550.1721654368891
 30
0.0
 10
535.8160781307418
 20
551.1504552734423
 30
0.0
 10
535.7428114193567
 20
551.6443793211475
 30
0.0
 10
535.6450436672217
 20
552.6370319669906
 30
0.0
 10
535.6205427777736
 20
553.1357590289343
 30
0.0
 10
535.6205427777736
 20
553.6344868626916
 30
0.0
  0
SPLINE
  5
5682
330
1F
100
AcDbEntity
  8
0
  6
Continuous
 62
     7
370
    25
100
AcDbSpline
210
0.0
220
0.0
230
1.0
 70
     8
 71
     3
 72
    70
 73
    66
 74
     0
 42
0.00000001
 43
0.0000000001
 40
0.0
 40
0.0
 40
0.0
 40
0.0
 40
0.03125
 40
0.03125
 40
0.0625
 40
0.0625
 40
0.09375
 40
0.09375
 40
0.125
 40
0.125
 40
0.15625
 40
0.15625
 40
0.1875
 40
0.1875
 40
0.21875
 40
0.21875
 40
0.25
 40
0.25
 40
0.28125
 40
0.28125
 40
0.3125
 40
0.3125
 40
0.34375
 40
0.34375
 40
0.375
 40
0.375
 40
0.40625
 40
0.40625
 40
0.4375
 40
0.4375
 40
0.46875
 40
0.46875
 40
0.5
 40
0.5
 40
0.53125
 40
0.53125
 40
0.5625
 40
0.5625
 40
0.59375
 40
0.59375
 40
0.625
 40
0.625
 40
0.65625
 40
0.65625
 40
0.6875
 40
0.6875
 40
0.71875
 40
0.71875
 40
0.75
 40
0.75
 40
0.78125
 40
0.78125
 40
0.8125
 40
0.8125
 40
0.84375
 40
0.84375
 40
0.875
 40
0.875
 40
0.90625
 40
0.90625
 40
0.9375
 40
0.9375
 40
0.96875
 40
0.96875
 40
1.0
 40
1.0
 40
1.0
 40
1.0
 10
535.6205427777736
 20
553.6344868626913
 30
0.0
 10
535.6205427777736
 20
554.1332146964488
 30
0.0
 10
535.6450436672217
 20
554.6319417583923
 30
0.0
 10
535.7428114193567
 20
555.6245944042355
 30
0.0
 10
535.8160781307418
 20
556.1185184519406
 30
0.0
 10
536.0106720781145
 20
557.0968082884937
 30
0.0
 10
536.1319990129544
 20
557.5811725633747
 30
0.0
 10
536.4215451094747
 20
558.5356781247241
 30
0.0
 10
536.5897638230631
 20
559.0058179340332
 30
0.0
 10
536.9714735815396
 20
559.9273468098374
 30
0.0
 10
537.1849640357067
 20
560.3787344502067
 30
0.0
 10
537.6551613825022
 20
561.2584118136326
 30
0.0
 10
537.9118675474687
 20
561.6867001753314
 30
0.0
 10
538.4660242250966
 20
562.516054252489
 30
0.0
 10
538.7634738801644
 20
562.9171186844681
 30
0.0
 10
539.3962530568865
 20
563.6881623422229
 30
0.0
 10
539.7315815992742
 20
564.0581403747582
 30
0.0
 10
540.4368892657067
 20
564.7634480411907
 30
0.0
 10
540.806867298242
 20
565.0987765835784
 30
0.0
 10
541.5779109559971
 20
565.7315557603009
 30
0.0
 10
541.9789753879759
 20
566.0290054153684
 30
0.0
 10
542.8083294651331
 20
566.5831620929962
 30
0.0
 10
543.2366178268321
 20
566.839868257963
 30
0.0
 10
544.1162951902583
 20
567.310065604758
 30
0.0
 10
544.5676828306273
 20
567.5235560589252
 30
0.0
 10
545.4892117064312
 20
567.9052658174017
 30
0.0
 10
545.9593515157406
 20
568.0734845309904
 30
0.0
 10
546.9138570770901
 20
568.3630306275103
 30
0.0
 10
547.398221351971
 20
568.4843575623507
 30
0.0
 10
548.3765111885239
 20
568.6789515097229
 30
0.0
 10
548.8704352362291
 20
568.7522182211081
 30
0.0
 10
549.8630878820725
 20
568.8499859732436
 30
0.0
 10
550.3618149440161
 20
568.8744868626915
 30
0.0
 10
551.359270611531
 20
568.8744868626915
 30
0.0
 10
551.8579976734745
 20
568.8499859732436
 30
0.0
 10
552.8506503193174
 20
568.7522182211081
 30
0.0
 10
553.3445743670227
 20
568.6789515097229
 30
0.0
 10
554.3228642035759
 20
568.4843575623507
 30
0.0
 10
554.8072284784566
 20
568.3630306275103
 30
0.0
 10
555.7617340398063
 20
568.0734845309904
 30
0.0
 10
556.2318738491153
 20
567.9052658174018
 30
0.0
 10
557.1534027249193
 20
567.5235560589252
 30
0.0
 10
557.6047903652888
 20
567.310065604758
 30
0.0
 10
558.4844677287145
 20
566.839868257963
 30
0.0
 10
558.9127560904135
 20
566.5831620929962
 30
0.0
 10
559.7421101675709
 20
566.0290054153684
 30
0.0
 10
560.1431745995499
 20
565.7315557603009
 30
0.0
 10
560.914218257305
 20
565.0987765835784
 30
0.0
 10
561.2841962898401
 20
564.7634480411907
 30
0.0
 10
561.9895039562728
 20
564.0581403747582
 30
0.0
 10
562.3248324986603
 20
563.688162342223
 30
0.0
 10
562.9576116753827
 20
562.9171186844681
 30
0.0
 10
563.2550613304501
 20
562.516054252489
 30
0.0
 10
563.8092180080779
 20
561.6867001753318
 30
0.0
 10
564.065924173045
 20
561.258411813633
 30
0.0
 10
564.5361215198398
 20
560.3787344502067
 30
0.0
 10
564.7496119740071
 20
559.9273468098378
 30
0.0
 10
565.1313217324838
 20
559.0058179340332
 30
0.0
 10
565.2995404460721
 20
558.5356781247245
 30
0.0
 10
565.5890865425926
 20
557.5811725633748
 30
0.0
 10
565.7104134774328
 20
557.0968082884941
 30
0.0
 10
565.9050074248048
 20
556.1185184519406
 30
0.0
 10
565.97827413619
 20
555.6245944042358
 30
0.0
 10
566.0760418883254
 20
554.6319417583923
 30
0.0
 10
566.1005427777736
 20
554.1332146964489
 30
0.0
 10
566.1005427777736
 20
553.6344868626916
 30
0.0
  0
SPLINE
  5
5683
330
1F
100
AcDbEntity
  8
0
  6
Continuous
 62
     7
370
    25
100
AcDbSpline
210
0.0
220
0.0
230
1.0
 70
     8
 71
     3
 72
    70
 73
    66
 74
     0
 42
0.00000001
 43
0.0000000001
 40
0.0
 40
0.0
 40
0.0
 40
0.0
 40
0.03125
 40
0.03125
 40
0.0625
 40
0.0625
 40
0.09375
 40
0.09375
 40
0.125
 40
0.125
 40
0.15625
 40
0.15625
 40
0.1874999999999999
 40
0.1874999999999999
 40
0.2187499999999999
 40
0.2187499999999999
 40
0.2499999999999999
 40
0.2499999999999999
 40
0.2812499999999999
 40
0.2812499999999999
 40
0.3124999999999999
 40
0.3124999999999999
 40
0.3437499999999998
 40
0.3437499999999998
 40
0.3749999999999998
 40
0.3749999999999998
 40
0.40625
 40
0.40625
 40
0.4375
 40
0.4375
 40
0.46875
 40
0.46875
 40
0.5
 40
0.5
 40
0.53125
 40
0.53125
 40
0.5625
 40
0.5625
 40
0.59375
 40
0.59375
 40
0.625
 40
0.625
 40
0.6562499999999997
 40
0.6562499999999997
 40
0.6874999999999997
 40
0.6874999999999997
 40
0.7187499999999997
 40
0.7187499999999997
 40
0.7499999999999997
 40
0.7499999999999997
 40
0.7812499999999997
 40
0.7812499999999997
 40
0.8124999999999996
 40
0.8124999999999996
 40
0.8437499999999996
 40
0.8437499999999996
 40
0.8749999999999996
 40
0.8749999999999996
 40
0.9062499999999996
 40
0.9062499999999996
 40
0.9374999999999998
 40
0.9374999999999998
 40
0.9687499999999998
 40
0.9687499999999998
 40
1.0
 40
1.0
 40
1.0
 40
1.0
 10
680.9505371282734
 20
553.6344868626916
 30
0.0
 10
680.9505371282734
 20
553.1357590289343
 30
0.0
 10
680.9260362388254
 20
552.6370319669906
 30
0.0
 10
680.8282684866899
 20
551.6443793211475
 30
0.0
 10
680.7550017753047
 20
551.1504552734426
 30
0.0
 10
680.5604078279325
 20
550.1721654368891
 30
0.0
 10
680.4390808930925
 20
549.6878011620083
 30
0.0
 10
680.1495347965722
 20
548.7332956006588
 30
0.0
 10
679.981316082984
 20
548.2631557913497
 30
0.0
 10
679.5996063245073
 20
547.3416269155457
 30
0.0
 10
679.3861158703397
 20
546.8902392751764
 30
0.0
 10
678.9159185235448
 20
546.0105619117504
 30
0.0
 10
678.6592123585783
 20
545.5822735500515
 30
0.0
 10
678.1050556809503
 20
544.7529194728941
 30
0.0
 10
677.8076060258825
 20
544.351855040915
 30
0.0
 10
677.1748268491606
 20
543.5808113831601
 30
0.0
 10
676.8394983067727
 20
543.2108333506248
 30
0.0
 10
676.1341906403402
 20
542.5055256841923
 30
0.0
 10
675.7642126078049
 20
542.1701971418046
 30
0.0
 10
674.9931689500499
 20
541.5374179650823
 30
0.0
 10
674.5921045180712
 20
541.2399683100147
 30
0.0
 10
673.7627504409138
 20
540.6858116323867
 30
0.0
 10
673.3344620792149
 20
540.42910546742
 30
0.0
 10
672.4547847157887
 20
539.9589081206251
 30
0.0
 10
672.0033970754197
 20
539.7454176664579
 30
0.0
 10
671.081868199615
 20
539.3637079079813
 30
0.0
 10
670.6117283903061
 20
539.1954891943927
 30
0.0
 10
669.6572228289569
 20
538.9059430978726
 30
0.0
 10
669.1728585540759
 20
538.7846161630323
 30
0.0
 10
668.1945687175225
 20
538.5900222156601
 30
0.0
 10
667.7006446698177
 20
538.516755504275
 30
0.0
 10
666.7079920239744
 20
538.4189877521396
 30
0.0
 10
666.2092649620307
 20
538.3944868626916
 30
0.0
 10
665.2118092945161
 20
538.3944868626916
 30
0.0
 10
664.7130822325724
 20
538.4189877521396
 30
0.0
 10
663.7204295867295
 20
538.516755504275
 30
0.0
 10
663.2265055390242
 20
538.5900222156601
 30
0.0
 10
662.248215702471
 20
538.7846161630323
 30
0.0
 10
661.7638514275904
 20
538.9059430978726
 30
0.0
 10
660.8093458662406
 20
539.1954891943927
 30
0.0
 10
660.3392060569317
 20
539.3637079079813
 30
0.0
 10
659.4176771811276
 20
539.7454176664579
 30
0.0
 10
658.9662895407583
 20
539.9589081206251
 30
0.0
 10
658.0866121773324
 20
540.42910546742
 30
0.0
 10
657.6583238156334
 20
540.6858116323867
 30
0.0
 10
656.8289697384763
 20
541.2399683100146
 30
0.0
 10
656.427905306497
 20
541.5374179650823
 30
0.0
 10
655.6568616487419
 20
542.1701971418046
 30
0.0
 10
655.2868836162068
 20
542.5055256841923
 30
0.0
 10
654.5815759497741
 20
543.2108333506248
 30
0.0
 10
654.2462474073864
 20
543.5808113831601
 30
0.0
 10
653.6134682306642
 20
544.351855040915
 30
0.0
 10
653.3160185755969
 20
544.7529194728941
 30
0.0
 10
652.7618618979686
 20
545.5822735500515
 30
0.0
 10
652.5051557330019
 20
546.0105619117504
 30
0.0
 10
652.0349583862071
 20
546.8902392751764
 30
0.0
 10
651.8214679320399
 20
547.3416269155457
 30
0.0
 10
651.4397581735634
 20
548.2631557913497
 30
0.0
 10
651.2715394599744
 20
548.7332956006588
 30
0.0
 10
650.9819933634543
 20
549.6878011620083
 30
0.0
 10
650.8606664286142
 20
550.1721654368891
 30
0.0
 10
650.6660724812421
 20
551.1504552734423
 30
0.0
 10
650.592805769857
 20
551.6443793211475
 30
0.0
 10
650.4950380177215
 20
552.6370319669906
 30
0.0
 10
650.4705371282733
 20
553.1357590289343
 30
0.0
 10
650.4705371282733
 20
553.6344868626916
 30
0.0
  0
SPLINE
  5
5684
330
1F
100
AcDbEntity
  8
0
  6
Continuous
 62
     7
370
    25
100
AcDbSpline
210
0.0
220
0.0
230
1.0
 70
     8
 71
     3
 72
    70
 73
    66
 74
     0
 42
0.00000001
 43
0.0000000001
 40
0.0
 40
0.0
 40
0.0
 40
0.0
 40
0.03125
 40
0.03125
 40
0.0625
 40
0.0625
 40
0.09375
 40
0.09375
 40
0.125
 40
0.125
 40
0.15625
 40
0.15625
 40
0.1875
 40
0.1875
 40
0.21875
 40
0.21875
 40
0.25
 40
0.25
 40
0.28125
 40
0.28125
 40
0.3125
 40
0.3125
 40
0.34375
 40
0.34375
 40
0.375
 40
0.375
 40
0.40625
 40
0.40625
 40
0.4375
 40
0.4375
 40
0.46875
 40
0.46875
 40
0.5
 40
0.5
 40
0.53125
 40
0.53125
 40
0.5625
 40
0.5625
 40
0.59375
 40
0.59375
 40
0.625
 40
0.625
 40
0.65625
 40
0.65625
 40
0.6875
 40
0.6875
 40
0.71875
 40
0.71875
 40
0.75
 40
0.75
 40
0.78125
 40
0.78125
 40
0.8125
 40
0.8125
 40
0.84375
 40
0.84375
 40
0.875
 40
0.875
 40
0.90625
 40
0.90625
 40
0.9375
 40
0.9375
 40
0.96875
 40
0.96875
 40
1.0
 40
1.0
 40
1.0
 40
1.0
 10
650.4705371282733
 20
553.6344868626913
 30
0.0
 10
650.4705371282733
 20
554.1332146964488
 30
0.0
 10
650.4950380177215
 20
554.6319417583923
 30
0.0
 10
650.592805769857
 20
555.6245944042355
 30
0.0
 10
650.6660724812421
 20
556.1185184519406
 30
0.0
 10
650.8606664286142
 20
557.0968082884937
 30
0.0
 10
650.9819933634543
 20
557.5811725633747
 30
0.0
 10
651.2715394599744
 20
558.5356781247241
 30
0.0
 10
651.4397581735634
 20
559.0058179340332
 30
0.0
 10
651.8214679320399
 20
559.9273468098374
 30
0.0
 10
652.0349583862071
 20
560.3787344502067
 30
0.0
 10
652.5051557330019
 20
561.2584118136326
 30
0.0
 10
652.7618618979686
 20
561.6867001753314
 30
0.0
 10
653.3160185755964
 20
562.516054252489
 30
0.0
 10
653.6134682306642
 20
562.9171186844681
 30
0.0
 10
654.2462474073864
 20
563.6881623422229
 30
0.0
 10
654.5815759497741
 20
564.0581403747582
 30
0.0
 10
655.2868836162068
 20
564.7634480411907
 30
0.0
 10
655.6568616487419
 20
565.0987765835784
 30
0.0
 10
656.427905306497
 20
565.7315557603009
 30
0.0
 10
656.8289697384763
 20
566.0290054153684
 30
0.0
 10
657.6583238156334
 20
566.5831620929962
 30
0.0
 10
658.0866121773324
 20
566.839868257963
 30
0.0
 10
658.9662895407583
 20
567.310065604758
 30
0.0
 10
659.4176771811271
 20
567.5235560589252
 30
0.0
 10
660.3392060569317
 20
567.9052658174017
 30
0.0
 10
660.8093458662406
 20
568.0734845309904
 30
0.0
 10
661.7638514275904
 20
568.3630306275103
 30
0.0
 10
662.248215702471
 20
568.4843575623507
 30
0.0
 10
663.2265055390242
 20
568.6789515097229
 30
0.0
 10
663.7204295867295
 20
568.7522182211081
 30
0.0
 10
664.7130822325724
 20
568.8499859732436
 30
0.0
 10
665.2118092945161
 20
568.8744868626915
 30
0.0
 10
666.2092649620307
 20
568.8744868626915
 30
0.0
 10
666.7079920239744
 20
568.8499859732436
 30
0.0
 10
667.7006446698177
 20
568.7522182211081
 30
0.0
 10
668.1945687175225
 20
568.6789515097229
 30
0.0
 10
669.1728585540759
 20
568.4843575623507
 30
0.0
 10
669.6572228289563
 20
568.3630306275103
 30
0.0
 10
670.6117283903061
 20
568.0734845309904
 30
0.0
 10
671.081868199615
 20
567.9052658174018
 30
0.0
 10
672.0033970754192
 20
567.5235560589252
 30
0.0
 10
672.4547847157887
 20
567.310065604758
 30
0.0
 10
673.3344620792149
 20
566.839868257963
 30
0.0
 10
673.7627504409132
 20
566.5831620929962
 30
0.0
 10
674.5921045180712
 20
566.0290054153684
 30
0.0
 10
674.9931689500499
 20
565.7315557603009
 30
0.0
 10
675.7642126078049
 20
565.0987765835784
 30
0.0
 10
676.1341906403401
 20
564.7634480411907
 30
0.0
 10
676.8394983067727
 20
564.0581403747582
 30
0.0
 10
677.1748268491606
 20
563.688162342223
 30
0.0
 10
677.8076060258825
 20
562.9171186844681
 30
0.0
 10
678.1050556809503
 20
562.516054252489
 30
0.0
 10
678.6592123585783
 20
561.6867001753318
 30
0.0
 10
678.9159185235448
 20
561.258411813633
 30
0.0
 10
679.3861158703397
 20
560.3787344502067
 30
0.0
 10
679.5996063245073
 20
559.9273468098378
 30
0.0
 10
679.981316082984
 20
559.0058179340332
 30
0.0
 10
680.1495347965722
 20
558.5356781247245
 30
0.0
 10
680.4390808930925
 20
557.5811725633748
 30
0.0
 10
680.5604078279325
 20
557.0968082884941
 30
0.0
 10
680.7550017753047
 20
556.1185184519406
 30
0.0
 10
680.8282684866899
 20
555.6245944042358
 30
0.0
 10
680.9260362388254
 20
554.6319417583923
 30
0.0
 10
680.9505371282734
 20
554.1332146964489
 30
0.0
 10
680.9505371282734
 20
553.6344868626916
 30
0.0
  0
SPLINE
  5
5697
330
1F
100
AcDbEntity
  8
0
  6
Continuous
 62
     7
370
    25
100
AcDbSpline
210
0.0
220
0.0
230
1.0
 70
     8
 71
     3
 72
   102
 73
    98
 74
     0
 42
0.00000001
 43
0.0000000001
 40
0.0
 40
0.0
 40
0.0
 40
0.0
 40
0.0015636942707677
 40
0.0031270514659879
 40
0.0046901091856311
 40
0.0062529050512833
 40
0.0078154767034447
 40
0.0093778617988205
 40
0.0109400980076056
 40
0.0125022230107668
 40
0.0140642744973188
 40
0.0156262901615972
 40
0.017188307700531
 40
0.0187503648109139
 40
0.0203124991866749
 40
0.0218747485161498
 40
0.0234371504793552
 40
0.0249997427452676
 40
0.026562562969101
 40
0.0281256487895958
 40
0.029689037826309
 40
0.0312527676769141
 40
0.0390679861463721
 40
0.0468785877435562
 40
0.0546892830692553
 40
0.0625047825547804
 40
0.0781294256010773
 40
0.0937544435059728
 40
0.1093790865426943
 40
0.1250041044571771
 40
0.1406287475042582
 40
0.1562537654084171
 40
0.1718783990835518
 40
0.1875034263370053
 40
0.2031280506459242
 40
0.2187530872882011
 40
0.2343777115883597
 40
0.2500027482394
 40
0.2656273725291526
 40
0.2812524091905922
 40
0.2968770334822517
 40
0.3125020701418205
 40
0.3281266944486778
 40
0.3437517310930445
 40
0.3593763554079373
 40
0.3750013920442558
 40
0.3906260163460398
 40
0.4062510529954296
 40
0.4218756772823444
 40
0.4375007139466363
 40
0.4531253382403384
 40
0.4687503748978619
 40
0.4843749992024211
 40
0.5000000358490783
 40
0.5156246601646246
 40
0.531249696800304
 40
0.546874321117077
 40
0.5624993577514976
 40
0.5781239820550032
 40
0.5937490187026883
 40
0.6093736429959166
 40
0.6249986796538885
 40
0.6406233039665207
 40
0.6562483406051509
 40
0.6718729649194819
 40
0.6874980015563084
 40
0.7031226258464474
 40
0.7187476625075088
 40
0.7343722867919774
 40
0.7499973234587105
 40
0.765621947750291
 40
0.7812469844099416
 40
0.7968716087136043
 40
0.8124966453611557
 40
0.8281212696721357
 40
0.843746306312375
 40
0.8593709306246598
 40
0.8749959672635752
 40
0.8906205915655307
 40
0.9062456282147655
 40
0.9218702525170275
 40
0.9374952891659912
 40
0.9453104935729156
 40
0.9531210904797609
 40
0.9609317904957988
 40
0.9687473040438604
 40
0.9715901226017054
 40
0.9744319291272539
 40
0.9772729497818543
 40
0.9801134109145724
 40
0.9829535390082492
 40
0.9857935606254027
 40
0.9886337023540328
 40
0.991474190753394
 40
0.9943152522998063
 40
0.9971571133325632
 40
1.0
 40
1.0
 40
1.0
 40
1.0
 10
552.5880287973231
 20
574.8141538112596
 30
0.0
 10
552.5533462173301
 20
574.8169332584645
 30
0.0
 10
552.483988533645
 20
574.8224915537265
 30
0.0
 10
552.3799121513298
 20
574.8301813881081
 30
0.0
 10
552.2758220863856
 20
574.8373958377932
 30
0.0
 10
552.1717145550918
 20
574.8440885112587
 30
0.0
 10
552.0675905712422
 20
574.8502718356128
 30
0.0
 10
551.9634498634847
 20
574.8559424817866
 30
0.0
 10
551.8592925047413
 20
574.8611013415913
 30
0.0
 10
551.7551184757056
 20
574.8657481760825
 30
0.0
 10
551.6509277817813
 20
574.8698830492575
 30
0.0
 10
551.5467204217501
 20
574.8735059439545
 30
0.0
 10
551.4424963961674
 20
574.8766168647613
 30
0.0
 10
551.3382557051263
 20
574.8792158104443
 30
0.0
 10
551.2339983487882
 20
574.8813027813261
 30
0.0
 10
551.1297243275111
 20
574.882877777345
 30
0.0
 10
551.0254336407906
 20
574.8839407984462
 30
0.0
 10
550.9211262913807
 20
574.8844918449521
 30
0.0
 10
550.8168022698558
 20
574.8845309156896
 30
0.0
 10
550.7124616122628
 20
574.8840580151131
 30
0.0
 10
550.6081041848911
 20
574.8830731266772
 30
0.0
 10
550.3646514219525
 20
574.8795817910521
 30
0.0
 10
549.9822845167358
 20
574.8684753361346
 30
0.0
 10
549.4614985881708
 20
574.8405375422495
 30
0.0
 10
548.9415441357023
 20
574.7998124814565
 30
0.0
 10
548.2497915181933
 20
574.7285084577392
 30
0.0
 10
547.3886157514956
 20
574.6076222785818
 30
0.0
 10
546.3637191135061
 20
574.4119564746633
 30
0.0
 10
545.3496148292392
 20
574.1663237545034
 30
0.0
 10
544.3488223686216
 20
573.8711411587882
 30
0.0
 10
543.3636800595962
 20
573.5272920338315
 30
0.0
 10
542.3966391403878
 20
573.135435990839
 30
0.0
 10
541.4499438744756
 20
572.6966817487509
 30
0.0
 10
540.5259682368458
 20
572.2119261613052
 30
0.0
 10
539.6268368032333
 20
571.6824922296051
 30
0.0
 10
538.7548247387176
 20
571.1095053823884
 30
0.0
 10
537.9119162916963
 20
570.4944904189461
 30
0.0
 10
537.1002657381844
 20
569.8387905274532
 30
0.0
 10
536.3216981329668
 20
569.1441175545223
 30
0.0
 10
535.5782257271185
 20
568.4120193707278
 30
0.0
 10
534.8714969957226
 20
567.6443784677866
 30
0.0
 10
534.2033627830101
 20
566.8429324973664
 30
0.0
 10
533.5752791097625
 20
566.0097164659831
 30
0.0
 10
532.9889175879598
 20
565.1466410719267
 30
0.0
 10
532.4455277621741
 20
564.2558742381942
 30
0.0
 10
531.9465859134728
 20
563.3394813087789
 30
0.0
 10
531.4931230761279
 20
562.3997422441362
 30
0.0
 10
531.0864059831923
 20
561.4388571443011
 30
0.0
 10
530.727237228934
 20
560.4591960493063
 30
0.0
 10
530.4166617996711
 20
559.4630726273218
 30
0.0
 10
530.1552461200088
 20
558.4529241737758
 30
0.0
 10
529.9438033655823
 20
557.4311556426515
 30
0.0
 10
529.7826583366453
 20
556.4002481127984
 30
0.0
 10
529.6723845663486
 20
555.3626746620549
 30
0.0
 10
529.6130621028078
 20
554.3209362590596
 30
0.0
 10
529.6050193133978
 20
553.2775502884325
 30
0.0
 10
529.6480907230501
 20
552.2350135226003
 30
0.0
 10
529.7423563708488
 20
551.1958634096769
 30
0.0
 10
529.8874068523692
 20
550.1625684797581
 30
0.0
 10
530.0830731076835
 20
549.1376618081068
 30
0.0
 10
530.3287057456559
 20
548.1235599088059
 30
0.0
 10
530.6238882357027
 20
547.1227670893203
 30
0.0
 10
530.9677374535011
 20
546.1376245763282
 30
0.0
 10
531.3595934095506
 20
545.1705837913737
 30
0.0
 10
531.7983477513711
 20
544.2238881263867
 30
0.0
 10
532.2831033857246
 20
543.2999125077243
 30
0.0
 10
532.8125374072168
 20
542.4007808870014
 30
0.0
 10
533.3855242585586
 20
541.5287688246709
 30
0.0
 10
534.0005392210472
 20
540.6858603767747
 30
0.0
 10
534.6562391128941
 20
539.8742098233773
 30
0.0
 10
535.3509120858721
 20
539.0956422177907
 30
0.0
 10
536.0830102700279
 20
538.3521698118199
 30
0.0
 10
536.8506511726808
 20
537.6454410805274
 30
0.0
 10
537.6520971441781
 20
536.9773068675391
 30
0.0
 10
538.4853131715734
 20
536.3492231952404
 30
0.0
 10
539.3483885797303
 20
535.7628616706128
 30
0.0
 10
540.2391553605569
 20
535.219471855508
 30
0.0
 10
541.1555484871778
 20
534.7205299671951
 30
0.0
 10
542.0952868158463
 20
534.267067277532
 30
0.0
 10
543.0561746628686
 20
533.8603496331046
 30
0.0
 10
544.0358255065842
 20
533.5011829367082
 30
0.0
 10
544.8660231667004
 20
533.2423440596897
 30
0.0
 10
545.5370776165931
 20
533.059883318698
 30
0.0
 10
546.0435538292381
 20
532.9354403496112
 30
0.0
 10
546.5529359505044
 20
532.8234776659343
 30
0.0
 10
546.9563987498599
 20
532.7451277953396
 30
0.0
 10
547.2521989991451
 20
532.6927958829811
 30
0.0
 10
547.4392919407928
 20
532.661414154231
 30
0.0
 10
547.6266054014127
 20
532.6317115523736
 30
0.0
 10
547.8141397188592
 20
532.6036879481815
 30
0.0
 10
548.0018948141691
 20
532.5773435736135
 30
0.0
 10
548.1898706442019
 20
532.5526776344331
 30
0.0
 10
548.378067439055
 20
532.5296930792989
 30
0.0
 10
548.5664842998208
 20
532.508378909055
 30
0.0
 10
548.7551245712625
 20
532.4887761841011
 30
0.0
 10
548.9439757470177
 20
532.4707316074458
 30
0.0
 10
549.0700221741117
 20
532.4601244498075
 30
0.0
 10
549.1330567582235
 20
532.4548199141237
 30
0.0
  0
SPLINE
  5
5698
330
1F
100
AcDbEntity
  8
0
  6
Continuous
 62
     7
370
    25
100
AcDbSpline
210
0.0
220
0.0
230
1.0
 70
     8
 71
     3
 72
   102
 73
    98
 74
     0
 42
0.00000001
 43
0.0000000001
 40
0.0
 40
0.0
 40
0.0
 40
0.0
 40
0.0015636924864684
 40
0.00312704808525
 40
0.0046901043963398
 40
0.0062528990413357
 40
0.007815469660735
 40
0.0093778539112274
 40
0.0109400894629787
 40
0.0125022139969129
 40
0.0140642652019876
 40
0.0156262807724681
 40
0.0171882984052001
 40
0.0187503557968802
 40
0.0203124906413257
 40
0.0218747406267483
 40
0.0234371434330272
 40
0.0249997367289865
 40
0.026562558169676
 40
0.0281256453936572
 40
0.029689036020296
 40
0.0312527676470604
 40
0.0390679720576247
 40
0.0468785689657235
 40
0.0546892689806249
 40
0.0625047825251624
 40
0.0781294068287295
 40
0.0937544434766053
 40
0.1093790677827692
 40
0.12500410442805
 40
0.1406287287381109
 40
0.1562537653794959
 40
0.1718783896898389
 40
0.1875034263309333
 40
0.2031280506339421
 40
0.2187530872823605
 40
0.2343777115762676
 40
0.2500027482337924
 40
0.2656273725349729
 40
0.2812524091852602
 40
0.2968770334913717
 40
0.3125020701366861
 40
0.3281266944436608
 40
0.3437517310881439
 40
0.3593763554013153
 40
0.3750013920395834
 40
0.3906260163546259
 40
0.4062510529910301
 40
0.421875677306275
 40
0.4375007139424654
 40
0.4531253382495273
 40
0.4687503748938923
 40
0.4843749991985686
 40
0.5000000358453418
 40
0.5156246601610048
 40
0.5312496967968002
 40
0.5468743211136898
 40
0.5624993577482266
 40
0.5781239820501453
 40
0.5937490186996462
 40
0.6093736430053851
 40
0.6249986796511173
 40
0.6406233039663611
 40
0.6562483406025505
 40
0.6718729649054636
 40
0.68749800155397
 40
0.7031226258574577
 40
0.7187476625054342
 40
0.7343722868207024
 40
0.7499973234568801
 40
0.7656219477631218
 40
0.7812469844082944
 40
0.7968716087060331
 40
0.8124966453597412
 40
0.8281212696710753
 40
0.8437463063112097
 40
0.8593709306305658
 40
0.874995967262642
 40
0.8906205915854272
 40
0.9062456282140983
 40
0.9218702525175503
 40
0.9374952891654777
 40
0.945310493562637
 40
0.9531210904662586
 40
0.9609317904856423
 40
0.9687473040436364
 40
0.971590122602449
 40
0.9744319291287768
 40
0.9772729497839671
 40
0.9801134109170858
 40
0.9829535390109736
 40
0.9857935606281483
 40
0.9886337023566094
 40
0.991474190755612
 40
0.9943152523014752
 40
0.9971571133334926
 40
1.0
 40
1.0
 40
1.0
 40
1.0
 10
549.1330567582235
 20
532.4548199141237
 30
0.0
 10
549.1677392986462
 20
532.4520404701526
 30
0.0
 10
549.2370969073562
 20
532.4464821810244
 30
0.0
 10
549.3411731834576
 20
532.4387923553452
 30
0.0
 10
549.4452631546822
 20
532.4315779133313
 30
0.0
 10
549.5493706047523
 20
532.4248852465228
 30
0.0
 10
549.6534945198741
 20
532.4187019278048
 30
0.0
 10
549.7576351714001
 20
532.4130312862486
 30
0.0
 10
549.8617924864064
 20
532.407872430042
 30
0.0
 10
549.9659664842006
 20
532.40322559813
 30
0.0
 10
550.07015715938
 20
532.3990907265145
 30
0.0
 10
550.1743645131608
 20
532.3954678323579
 30
0.0
 10
550.2785885449898
 20
532.3923569110724
 30
0.0
 10
550.3828292547717
 20
532.3897579638916
 30
0.0
 10
550.4870866423474
 20
532.3876709904924
 30
0.0
 10
550.5913607073571
 20
532.3860959909361
 30
0.0
 10
550.6956514503058
 20
532.3850329652806
 30
0.0
 10
550.7999588684397
 20
532.3844819131936
 30
0.0
 10
550.9042829711834
 20
532.3844428358828
 30
0.0
 10
551.0086237224932
 20
532.3849157287674
 30
0.0
 10
551.1129812560707
 20
532.3859006088614
 30
0.0
 10
551.356433781521
 20
532.3893919120546
 30
0.0
 10
551.7388003101332
 20
532.4004983327729
 30
0.0
 10
552.2595859264097
 20
532.4284361131749
 30
0.0
 10
552.7795406894647
 20
532.4691612092651
 30
0.0
 10
553.4712933147575
 20
532.5404651603925
 30
0.0
 10
554.3324693908835
 20
532.6613513855874
 30
0.0
 10
555.3573656274078
 20
532.8570170725403
 30
0.0
 10
556.37147032284
 20
533.1026498628147
 30
0.0
 10
557.3722623930356
 20
533.3978323120535
 30
0.0
 10
558.3574051064688
 20
533.741681540809
 30
0.0
 10
559.3244458375846
 20
534.1335374937878
 30
0.0
 10
560.2711415170857
 20
534.5722918363261
 30
0.0
 10
561.1951171320856
 20
535.0570474707039
 30
0.0
 10
562.0942487539208
 20
535.5864814923016
 30
0.0
 10
562.9662608161402
 20
536.1594683437519
 30
0.0
 10
563.8091692638666
 20
536.7744833061
 30
0.0
 10
564.620819817402
 20
537.4301831980781
 30
0.0
 10
565.3993874228357
 20
538.124856170947
 30
0.0
 10
566.142859828821
 20
538.8569543550726
 30
0.0
 10
566.8495885599794
 20
539.6245952578848
 30
0.0
 10
567.5177227727443
 20
540.4260412282594
 30
0.0
 10
568.14580644578
 20
541.2592572594036
 30
0.0
 10
568.7321679675659
 20
542.1223326534208
 30
0.0
 10
569.2755577933488
 20
543.0130994871562
 30
0.0
 10
569.7744996421755
 20
543.9294924168336
 30
0.0
 10
570.2279624796251
 20
544.8692314814751
 30
0.0
 10
570.6346795726799
 20
545.8301165819428
 30
0.0
 10
570.993848326807
 20
546.8097776766747
 30
0.0
 10
571.3044237561413
 20
547.8059010989458
 30
0.0
 10
571.5658394355314
 20
548.8160495519123
 30
0.0
 10
571.7772821900297
 20
549.8378180830192
 30
0.0
 10
571.9384272188961
 20
550.8687256125856
 30
0.0
 10
572.0487009891999
 20
551.906299063328
 30
0.0
 10
572.1080234527391
 20
552.9480374663235
 30
0.0
 10
572.1160662421489
 20
553.9914234369506
 30
0.0
 10
572.0729948324965
 20
555.0339602027828
 30
0.0
 10
571.9787291847027
 20
556.0731103156687
 30
0.0
 10
571.8336787031797
 20
557.1064052455873
 30
0.0
 10
571.6380124478022
 20
558.1313119175058
 30
0.0
 10
571.3923798098958
 20
559.1454138168638
 30
0.0
 10
571.0971973197501
 20
560.1462066363819
 30
0.0
 10
570.7533481019004
 20
561.1313491490602
 30
0.0
 10
570.3614921460866
 20
562.0983899338284
 30
0.0
 10
569.9227378043442
 20
563.0450855987937
 30
0.0
 10
569.4379821697857
 20
563.9690612176804
 30
0.0
 10
568.9085481482423
 20
564.8681928386744
 30
0.0
 10
568.3355612964187
 20
565.7402049015066
 30
0.0
 10
567.7205463341006
 20
566.5831133491633
 30
0.0
 10
567.0648464420113
 20
567.3947639027828
 30
0.0
 10
566.37017346937
 20
568.1733315077519
 30
0.0
 10
565.638075285396
 20
568.9168039137081
 30
0.0
 10
564.8704343829617
 20
569.6235326447622
 30
0.0
 10
564.0689884114675
 20
570.2916668577601
 30
0.0
 10
563.2357723839905
 20
570.9197505301757
 30
0.0
 10
562.3726969756781
 20
571.5061120548506
 30
0.0
 10
561.4819301948596
 20
572.0495018699598
 30
0.0
 10
560.5655370678164
 20
572.5484437584595
 30
0.0
 10
559.6257987393073
 20
573.0019064480996
 30
0.0
 10
558.664910892232
 20
573.4086240924717
 30
0.0
 10
557.6852600488837
 20
573.767790788521
 30
0.0
 10
556.8550623890249
 20
574.0266296656118
 30
0.0
 10
556.1840079394665
 20
574.2090904066283
 30
0.0
 10
555.6775317270353
 20
574.3335333756707
 30
0.0
 10
555.1681496055506
 20
574.4454960593781
 30
0.0
 10
554.7646868058832
 20
574.5238459300114
 30
0.0
 10
554.468886556343
 20
574.5761778424061
 30
0.0
 10
554.2817936146443
 20
574.6075595711608
 30
0.0
 10
554.0944801539863
 20
574.6372621730212
 30
0.0
 10
553.9069458365146
 20
574.6652857772153
 30
0.0
 10
553.719190741192
 20
574.6916301517842
 30
0.0
 10
553.5312149111591
 20
574.7162960909649
 30
0.0
 10
553.3430181163189
 20
574.7392806460981
 30
0.0
 10
553.1546012555786
 20
574.7605948163399
 30
0.0
 10
552.9659609841746
 20
574.7801975412905
 30
0.0
 10
552.7771098084704
 20
574.7982421179421
 30
0.0
 10
552.6510633814141
 20
574.8088492755774
 30
0.0
 10
552.5880287973231
 20
574.8141538112596
 30
0.0
  0
SPLINE
  5
5699
330
1F
100
AcDbEntity
  8
0
  6
Continuous
 62
     7
370
    25
100
AcDbSpline
210
0.0
220
0.0
230
1.0
 70
     8
 71
     3
 72
    75
 73
    71
 74
     0
 42
0.00000001
 43
0.0000000001
 40
0.0
 40
0.0
 40
0.0
 40
0.0
 40
0.0018399768823038
 40
0.0036794973401764
 40
0.0055186226213331
 40
0.0073574140129769
 40
0.0091959328357021
 40
0.011034240437379
 40
0.012872398187026
 40
0.0147104674686716
 40
0.0165485096752077
 40
0.0183865862022388
 40
0.0202247584419312
 40
0.0220630877768614
 40
0.0239016355738715
 40
0.0257404631779318
 40
0.0275796319060135
 40
0.029419203040977
 40
0.0312592378254755
 40
0.0390760118308649
 40
0.0468882116403136
 40
0.0547005488553526
 40
0.0625177348290594
 40
0.0781455314211902
 40
0.093773877488807
 40
0.1094016871517386
 40
0.1250300201169172
 40
0.1406578166818986
 40
0.1562861627135071
 40
0.1875328802246197
 40
0.218779597735732
 40
0.250026315246844
 40
0.2812730327579562
 40
0.3125197502690683
 40
0.3437664677801812
 40
0.3750131852912931
 40
0.4062599028024051
 40
0.4375066203135178
 40
0.4687533378246302
 40
0.5000000553357422
 40
0.531246772846853
 40
0.5624934903579654
 40
0.593740207869079
 40
0.6249869253801912
 40
0.6562336428913032
 40
0.6874803604024168
 40
0.7187270779135277
 40
0.7499737954246405
 40
0.7812205129357529
 40
0.8124672304468642
 40
0.8437139479579773
 40
0.8593417445039522
 40
0.8749700905545566
 40
0.8905978740392923
 40
0.9062262331826838
 40
0.9218540297637831
 40
0.9374823758423939
 40
0.9452991596810779
 40
0.953111362766316
 40
0.9609236967095183
 40
0.9687408728854803
 40
0.9722159875516847
 40
0.9756896678957247
 40
0.9791623270530951
 40
0.9826343785238218
 40
0.9861062360250567
 40
0.9895783133432896
 40
0.9930510241864343
 40
0.9965247820360559
 40
1.0
 40
1.0
 40
1.0
 40
1.0
 10
535.6355427777733
 20
553.6344868626916
 30
0.0
 10
535.6355915842763
 20
553.6638140278089
 30
0.0
 10
535.6356891851755
 20
553.7224610831514
 30
0.0
 10
535.6364788802169
 20
553.8104188043273
 30
0.0
 10
535.6377395433638
 20
553.8983517752857
 30
0.0
 10
535.6395173274243
 20
553.9862599958025
 30
0.0
 10
535.6417998696009
 20
554.0741434655666
 30
0.0
 10
535.6445904816646
 20
554.1620021842891
 30
0.0
 10
535.6478882764204
 20
554.2498361516742
 30
0.0
 10
535.6516934915557
 20
554.3376453674311
 30
0.0
 10
535.6560060633778
 20
554.4254298312538
 30
0.0
 10
535.6608260089456
 20
554.5131895428943
 30
0.0
 10
535.666153323627
 20
554.6009245018866
 30
0.0
 10
535.6719880087621
 20
554.6886347085822
 30
0.0
 10
535.6783300634506
 20
554.7763201602853
 30
0.0
 10
535.6851794897452
 20
554.863980865679
 30
0.0
 10
535.6925362800843
 20
554.9516167909729
 30
0.0
 10
535.7004004623767
 20
555.0392280609433
 30
0.0
 10
535.7178350114994
 20
555.2216362909297
 30
0.0
 10
535.748521392617
 20
555.4984082847487
 30
0.0
 10
535.7988044875405
 20
555.8686729197817
 30
0.0
 10
535.8581708359801
 20
556.2376009907908
 30
0.0
 10
535.949379401326
 20
556.7274279880401
 30
0.0
 10
536.0858630179357
 20
557.3353530666504
 30
0.0
 10
536.2852816896828
 20
558.0558331960085
 30
0.0
 10
536.519754800458
 20
558.7656996834771
 30
0.0
 10
536.788831561787
 20
559.463167882749
 30
0.0
 10
537.0917639725474
 20
560.1466420056027
 30
0.0
 10
537.539843829052
 20
561.0367767871101
 30
0.0
 10
538.1810821954299
 20
562.1066860702898
 30
0.0
 10
539.0725335215002
 20
563.3086407875493
 30
0.0
 10
540.0775354705237
 20
564.4174984640102
 30
0.0
 10
541.1863768016551
 20
565.4224909939498
 30
0.0
 10
542.3883874811486
 20
566.3139636510249
 30
0.0
 10
543.6719891540515
 20
567.0833246619371
 30
0.0
 10
545.0248206602323
 20
567.7231663755986
 30
0.0
 10
546.4338533251089
 20
568.2273263067238
 30
0.0
 10
547.8855174387781
 20
568.5909492427919
 30
0.0
 10
549.3658326702461
 20
568.8105332630931
 30
0.0
 10
550.8605427777734
 20
568.8839636624907
 30
0.0
 10
552.3552528853009
 20
568.8105332630931
 30
0.0
 10
553.8355681167685
 20
568.5909492427919
 30
0.0
 10
555.2872322304383
 20
568.2273263067238
 30
0.0
 10
556.696264895314
 20
567.7231663755994
 30
0.0
 10
558.0490964014971
 20
567.0833246619339
 30
0.0
 10
559.3326980743945
 20
566.3139636510362
 30
0.0
 10
560.5347087539074
 20
565.4224909939081
 30
0.0
 10
561.6435500849661
 20
564.4174984641671
 30
0.0
 10
562.6485520342606
 20
563.3086407869646
 30
0.0
 10
563.5400033593185
 20
562.1066860724733
 30
0.0
 10
564.1812372185632
 20
561.0367843061101
 30
0.0
 10
564.6293178300748
 20
560.1466499422837
 30
0.0
 10
564.9322472888252
 20
559.4631840622696
 30
0.0
 10
565.2013278079883
 20
558.7657079519437
 30
0.0
 10
565.4357987419428
 20
558.0558499484643
 30
0.0
 10
565.6352205542839
 20
557.3353616067286
 30
0.0
 10
565.771702704485
 20
556.7274427847678
 30
0.0
 10
565.8629128241491
 20
556.2376158323703
 30
0.0
 10
565.9222779312563
 20
555.8686941485261
 30
0.0
 10
565.9725618457867
 20
555.4984227707849
 30
0.0
 10
566.0061217927832
 20
555.1957379646403
 30
0.0
 10
566.0279155291886
 20
554.961392936384
 30
0.0
 10
566.0414931119999
 20
554.7958392264405
 30
0.0
 10
566.0532600866567
 20
554.6301962004644
 30
0.0
 10
566.0632173367985
 20
554.464463536466
 30
0.0
 10
566.0713616876627
 20
554.2986413296238
 30
0.0
 10
566.0777049513399
 20
554.1327295633339
 30
0.0
 10
566.0822030428168
 20
553.9667282512308
 30
0.0
 10
566.0850205521442
 20
553.8006373977983
 30
0.0
 10
566.0853686781811
 20
553.689878131949
 30
0.0
 10
566.0855427777732
 20
553.6344868626916
 30
0.0
  0
SPLINE
  5
569A
330
1F
100
AcDbEntity
  8
0
  6
Continuous
 62
     7
370
    25
100
AcDbSpline
210
0.0
220
0.0
230
1.0
 70
     8
 71
     3
 72
    75
 73
    71
 74
     0
 42
0.00000001
 43
0.0000000001
 40
0.0
 40
0.0
 40
0.0
 40
0.0
 40
0.0018399739800917
 40
0.0036794918986049
 40
0.005518615003303
 40
0.0073574045814014
 40
0.00919592195347
 40
0.0110342284673186
 40
0.0128723854918696
 40
0.014710454411018
 40
0.0165484966174861
 40
0.018386573506673
 40
0.0202247464705025
 40
0.0220630768912733
 40
0.0239016261355129
 40
0.0257404555478411
 40
0.027579626444843
 40
0.0294192001089564
 40
0.0312592377823768
 40
0.0390760118351651
 40
0.0468882116523292
 40
0.0547005488669767
 40
0.0625177348637757
 40
0.0781455445366423
 40
0.0937738774907473
 40
0.1094016871505367
 40
0.1250300201177089
 40
0.1406578297650632
 40
0.1562861627446812
 40
0.1875328802546394
 40
0.2187795977645958
 40
0.2500263152745532
 40
0.2812730327845113
 40
0.3125197502944675
 40
0.3437664678044264
 40
0.3750131853143835
 40
0.4062599028243409
 40
0.4375066203342997
 40
0.4687533378442572
 40
0.5000000553542133
 40
0.5312467728641705
 40
0.5624934903741284
 40
0.5937402078840859
 40
0.6249869253940431
 40
0.6562336429040002
 40
0.6874803604139583
 40
0.7187270779239153
 40
0.7499737954338734
 40
0.7812205129438304
 40
0.8124672304537876
 40
0.8437139479637457
 40
0.8593417576062766
 40
0.8749700905907419
 40
0.8905979002463965
 40
0.9062262332177411
 40
0.9218540428726043
 40
0.9374823758447046
 40
0.9452991596830996
 40
0.953111362768049
 40
0.9609236967109623
 40
0.9687408728866358
 40
0.9722159875527115
 40
0.9756896678966231
 40
0.9791623270538655
 40
0.9826343785244638
 40
0.9861062360255703
 40
0.9895783133436747
 40
0.9930510241866908
 40
0.9965247820361843
 40
1.0
 40
1.0
 40
1.0
 40
1.0
 10
566.0855427777732
 20
553.6344868626916
 30
0.0
 10
566.0854939712598
 20
553.6051597438309
 30
0.0
 10
566.0853963703307
 20
553.5465127752188
 30
0.0
 10
566.0846066752254
 20
553.4585551754668
 30
0.0
 10
566.0833460120348
 20
553.3706223085871
 30
0.0
 10
566.0815682279217
 20
553.282714174804
 30
0.0
 10
566.079285685696
 20
553.1948307744284
 30
0.0
 10
566.076495073582
 20
553.1069721077487
 30
0.0
 10
566.0731972787762
 20
553.0191381750617
 30
0.0
 10
566.0693920635911
 20
552.9313289766571
 30
0.0
 10
566.0650794917192
 20
552.8435445128418
 30
0.0
 10
566.0602595461011
 20
552.7557847838636
 30
0.0
 10
566.0549322313712
 20
552.6680497901881
 30
0.0
 10
566.0490975461857
 20
552.5803395314641
 30
0.0
 10
566.0427554914527
 20
552.4926540103871
 30
0.0
 10
566.0359060650931
 20
552.404993218276
 30
0.0
 10
566.0285492747671
 20
552.3173571889119
 30
0.0
 10
566.0206850921967
 20
552.2297457975537
 30
0.0
 10
566.0032505638441
 20
552.0473374780766
 30
0.0
 10
565.9725642146486
 20
551.7705654332887
 30
0.0
 10
565.9222811329059
 20
551.4003007953514
 30
0.0
 10
565.8629147728998
 20
551.0313727253199
 30
0.0
 10
565.7717060912826
 20
550.5415455371356
 30
0.0
 10
565.6352224447332
 20
549.9336204668727
 30
0.0
 10
565.4358038106706
 20
549.2131403281481
 30
0.0
 10
565.2013307554724
 20
548.5032740412276
 30
0.0
 10
564.9322539068694
 20
547.805805653625
 30
0.0
 10
564.6293215404543
 20
547.1223315089431
 30
0.0
 10
564.1812415926601
 20
546.2321967728254
 30
0.0
 10
563.5400033691893
 20
545.1622876505763
 30
0.0
 10
562.6485520316155
 20
543.9603329390438
 30
0.0
 10
561.6435500856746
 20
542.8514752610486
 30
0.0
 10
560.5347087537174
 20
541.84648273152
 30
0.0
 10
559.3326980744453
 20
540.9550100743348
 30
0.0
 10
558.0490964014834
 20
540.1856490634522
 30
0.0
 10
556.6962648953176
 20
539.5458073497827
 30
0.0
 10
555.2872322304374
 20
539.0416474186596
 30
0.0
 10
553.8355681167691
 20
538.6780244825911
 30
0.0
 10
552.3552528853009
 20
538.4584404622902
 30
0.0
 10
550.8605427777734
 20
538.3850100628923
 30
0.0
 10
549.3658326702461
 20
538.4584404622902
 30
0.0
 10
547.8855174387781
 20
538.6780244825911
 30
0.0
 10
546.4338533251098
 20
539.0416474186598
 30
0.0
 10
545.0248206602294
 20
539.5458073497819
 30
0.0
 10
543.6719891540628
 20
540.1856490634552
 30
0.0
 10
542.3883874811058
 20
540.9550100743241
 30
0.0
 10
541.186376801815
 20
541.8464827315601
 30
0.0
 10
540.0775354699262
 20
542.8514752608989
 30
0.0
 10
539.0725335237293
 20
543.9603329396024
 30
0.0
 10
538.1810821871108
 20
545.1622876484925
 30
0.0
 10
537.5398482563187
 20
546.2321896116466
 30
0.0
 10
537.0917675893906
 20
547.1223239499269
 30
0.0
 10
536.7888380343641
 20
547.8057902443367
 30
0.0
 10
536.5197576070316
 20
548.5032661665947
 30
0.0
 10
536.2852866237584
 20
549.2131243735668
 30
0.0
 10
536.0858650030889
 20
549.9336123346704
 30
0.0
 10
535.9493828062709
 20
550.5415311444318
 30
0.0
 10
535.8581727326303
 20
551.0313578933072
 30
0.0
 10
535.7988076239599
 20
551.4002795767778
 30
0.0
 10
535.7485237098508
 20
551.77055095462
 30
0.0
 10
535.7149637627538
 20
552.0732357607402
 30
0.0
 10
535.6931700263603
 20
552.3075807889994
 30
0.0
 10
535.6795924435464
 20
552.4731344989428
 30
0.0
 10
535.6678254688903
 20
552.6387775249186
 30
0.0
 10
535.6578682187487
 20
552.8045101889171
 30
0.0
 10
535.6497238678839
 20
552.9703323957593
 30
0.0
 10
535.6433806042068
 20
553.1362441620491
 30
0.0
 10
535.6388825127304
 20
553.3022454741523
 30
0.0
 10
535.636065003403
 20
553.468336327585
 30
0.0
 10
535.6357168773661
 20
553.5790955934341
 30
0.0
 10
535.6355427777733
 20
553.6344868626916
 30
0.0
  0
SPLINE
  5
56AF
330
1F
100
AcDbEntity
  8
0
  6
Continuous
 62
     7
370
    25
100
AcDbSpline
210
0.0
220
0.0
230
1.0
 70
     8
 71
     3
 72
    38
 73
    34
 74
     0
 42
0.00000001
 43
0.0000000001
 40
0.0
 40
0.0
 40
0.0
 40
0.0
 40
0.0625
 40
0.0625
 40
0.125
 40
0.125
 40
0.1875
 40
0.1875
 40
0.25
 40
0.25
 40
0.3125
 40
0.3125
 40
0.375
 40
0.375
 40
0.4375
 40
0.4375
 40
0.5
 40
0.5
 40
0.5625
 40
0.5625
 40
0.625
 40
0.625
 40
0.6875
 40
0.6875
 40
0.75
 40
0.75
 40
0.8125
 40
0.8125
 40
0.875
 40
0.875
 40
0.9375
 40
0.9375
 40
1.0
 40
1.0
 40
1.0
 40
1.0
 10
598.9160966522736
 20
541.6344868626916
 30
0.0
 10
598.9160966522736
 20
541.5357884934913
 30
0.0
 10
598.9063759517512
 20
541.4370925648028
 30
0.0
 10
598.8678657584919
 20
541.2434887493799
 30
0.0
 10
598.8390772179949
 20
541.1485856498813
 30
0.0
 10
598.7635367566062
 20
540.9662148434887
 30
0.0
 10
598.7167867036008
 20
540.8787516460717
 30
0.0
 10
598.6071189516506
 20
540.714622256524
 30
0.0
 10
598.5442039644563
 20
540.6379601228159
 30
0.0
 10
598.4046233921493
 20
540.4983795505086
 30
0.0
 10
598.3279612584412
 20
540.4354645633145
 30
0.0
 10
598.1638318688932
 20
540.3257968113639
 30
0.0
 10
598.0763686714762
 20
540.279046758359
 30
0.0
 10
597.8939978650837
 20
540.2035062969702
 30
0.0
 10
597.7990947655852
 20
540.1747177564733
 30
0.0
 10
597.6054909501621
 20
540.1362075632138
 30
0.0
 10
597.5067950214739
 20
540.1264868626916
 30
0.0
 10
597.3093982830732
 20
540.1264868626916
 30
0.0
 10
597.2107023543843
 20
540.1362075632138
 30
0.0
 10
597.0170985389617
 20
540.1747177564733
 30
0.0
 10
596.9221954394632
 20
540.2035062969702
 30
0.0
 10
596.7398246330702
 20
540.279046758359
 30
0.0
 10
596.6523614356538
 20
540.3257968113639
 30
0.0
 10
596.488232046106
 20
540.4354645633145
 30
0.0
 10
596.4115699123976
 20
540.4983795505086
 30
0.0
 10
596.2719893400907
 20
540.6379601228159
 30
0.0
 10
596.2090743528965
 20
540.714622256524
 30
0.0
 10
596.0994066009461
 20
540.8787516460717
 30
0.0
 10
596.0526565479407
 20
540.9662148434887
 30
0.0
 10
595.9771160865519
 20
541.1485856498813
 30
0.0
 10
595.9483275460552
 20
541.2434887493799
 30
0.0
 10
595.9098173527953
 20
541.4370925648028
 30
0.0
 10
595.9000966522735
 20
541.5357884934913
 30
0.0
 10
595.9000966522735
 20
541.6344868626916
 30
0.0
  0
SPLINE
  5
56B0
330
1F
100
AcDbEntity
  8
0
  6
Continuous
 62
     7
370
    25
100
AcDbSpline
210
0.0
220
0.0
230
1.0
 70
     8
 71
     3
 72
    38
 73
    34
 74
     0
 42
0.00000001
 43
0.0000000001
 40
0.0
 40
0.0
 40
0.0
 40
0.0
 40
0.0625000000000001
 40
0.0625000000000001
 40
0.1250000000000002
 40
0.1250000000000002
 40
0.1875000000000004
 40
0.1875000000000004
 40
0.2500000000000005
 40
0.2500000000000005
 40
0.3125000000000006
 40
0.3125000000000006
 40
0.3750000000000008
 40
0.3750000000000008
 40
0.4375000000000009
 40
0.4375000000000009
 40
0.5000000000000008
 40
0.5000000000000008
 40
0.5625000000000007
 40
0.5625000000000007
 40
0.6250000000000006
 40
0.6250000000000006
 40
0.6875000000000006
 40
0.6875000000000006
 40
0.7500000000000005
 40
0.7500000000000005
 40
0.8125000000000003
 40
0.8125000000000003
 40
0.8750000000000001
 40
0.8750000000000001
 40
0.9375
 40
0.9375
 40
1.0
 40
1.0
 40
1.0
 40
1.0
 10
595.9000966522735
 20
541.6344868626916
 30
0.0
 10
595.9000966522735
 20
541.7331852318917
 30
0.0
 10
595.9098173527953
 20
541.8318811605803
 30
0.0
 10
595.9483275460552
 20
542.0254849760032
 30
0.0
 10
595.9771160865519
 20
542.1203880755017
 30
0.0
 10
596.0526565479407
 20
542.3027588818946
 30
0.0
 10
596.0994066009461
 20
542.3902220793112
 30
0.0
 10
596.2090743528965
 20
542.554351468859
 30
0.0
 10
596.2719893400907
 20
542.6310136025672
 30
0.0
 10
596.4115699123976
 20
542.7705941748743
 30
0.0
 10
596.488232046106
 20
542.8335091620687
 30
0.0
 10
596.6523614356538
 20
542.9431769140189
 30
0.0
 10
596.7398246330702
 20
542.9899269670242
 30
0.0
 10
596.9221954394632
 20
543.0654674284128
 30
0.0
 10
597.0170985389617
 20
543.0942559689098
 30
0.0
 10
597.2107023543843
 20
543.1327661621693
 30
0.0
 10
597.3093982830732
 20
543.1424868626915
 30
0.0
 10
597.5067950214739
 20
543.1424868626915
 30
0.0
 10
597.6054909501621
 20
543.1327661621693
 30
0.0
 10
597.7990947655852
 20
543.0942559689098
 30
0.0
 10
597.8939978650837
 20
543.0654674284128
 30
0.0
 10
598.0763686714762
 20
542.9899269670242
 30
0.0
 10
598.1638318688932
 20
542.9431769140189
 30
0.0
 10
598.3279612584412
 20
542.8335091620687
 30
0.0
 10
598.404623392149
 20
542.7705941748743
 30
0.0
 10
598.5442039644563
 20
542.6310136025672
 30
0.0
 10
598.6071189516506
 20
542.554351468859
 30
0.0
 10
598.7167867036008
 20
542.3902220793112
 30
0.0
 10
598.7635367566062
 20
542.3027588818946
 30
0.0
 10
598.8390772179949
 20
542.1203880755017
 30
0.0
 10
598.8678657584919
 20
542.0254849760032
 30
0.0
 10
598.9063759517512
 20
541.8318811605805
 30
0.0
 10
598.9160966522736
 20
541.7331852318917
 30
0.0
 10
598.9160966522736
 20
541.6344868626916
 30
0.0
  0
SPLINE
  5
56B3
330
1F
100
AcDbEntity
  8
0
  6
Continuous
 62
     7
370
    25
100
AcDbSpline
210
0.0
220
0.0
230
1.0
 70
     8
 71
     3
 72
    38
 73
    34
 74
     0
 42
0.00000001
 43
0.0000000001
 40
0.0
 40
0.0
 40
0.0
 40
0.0
 40
0.0625
 40
0.0625
 40
0.125
 40
0.125
 40
0.1875
 40
0.1875
 40
0.25
 40
0.25
 40
0.3125
 40
0.3125
 40
0.375
 40
0.375
 40
0.4375
 40
0.4375
 40
0.5
 40
0.5
 40
0.5625
 40
0.5625
 40
0.625
 40
0.625
 40
0.6875
 40
0.6875
 40
0.75
 40
0.75
 40
0.8125
 40
0.8125
 40
0.875
 40
0.875
 40
0.9375
 40
0.9375
 40
1.0
 40
1.0
 40
1.0
 40
1.0
 10
626.3000966522736
 20
546.6344868626917
 30
0.0
 10
626.3000966522736
 20
546.733185231892
 30
0.0
 10
626.3098173527954
 20
546.8318811605805
 30
0.0
 10
626.3483275460552
 20
547.0254849760033
 30
0.0
 10
626.3771160865521
 20
547.1203880755019
 30
0.0
 10
626.4526565479409
 20
547.3027588818946
 30
0.0
 10
626.4994066009457
 20
547.3902220793112
 30
0.0
 10
626.6090743528966
 20
547.5543514688588
 30
0.0
 10
626.6719893400903
 20
547.6310136025672
 30
0.0
 10
626.8115699123978
 20
547.7705941748743
 30
0.0
 10
626.888232046106
 20
547.8335091620687
 30
0.0
 10
627.0523614356537
 20
547.9431769140189
 30
0.0
 10
627.1398246330703
 20
547.9899269670242
 30
0.0
 10
627.3221954394633
 20
548.0654674284131
 30
0.0
 10
627.4170985389619
 20
548.0942559689098
 30
0.0
 10
627.6107023543845
 20
548.1327661621693
 30
0.0
 10
627.7093982830733
 20
548.1424868626914
 30
0.0
 10
627.9067950214738
 20
548.1424868626914
 30
0.0
 10
628.0054909501623
 20
548.1327661621693
 30
0.0
 10
628.1990947655854
 20
548.0942559689098
 30
0.0
 10
628.2939978650837
 20
548.0654674284131
 30
0.0
 10
628.4763686714764
 20
547.9899269670242
 30
0.0
 10
628.5638318688933
 20
547.9431769140189
 30
0.0
 10
628.7279612584407
 20
547.8335091620687
 30
0.0
 10
628.8046233921491
 20
547.7705941748743
 30
0.0
 10
628.9442039644564
 20
547.6310136025672
 30
0.0
 10
629.0071189516505
 20
547.5543514688588
 30
0.0
 10
629.1167867036009
 20
547.3902220793112
 30
0.0
 10
629.1635367566059
 20
547.3027588818946
 30
0.0
 10
629.2390772179951
 20
547.1203880755019
 30
0.0
 10
629.267865758492
 20
547.0254849760033
 30
0.0
 10
629.3063759517512
 20
546.8318811605805
 30
0.0
 10
629.3160966522735
 20
546.733185231892
 30
0.0
 10
629.3160966522735
 20
546.6344868626917
 30
0.0
  0
SPLINE
  5
56B4
330
1F
100
AcDbEntity
  8
0
  6
Continuous
 62
     7
370
    25
100
AcDbSpline
210
0.0
220
0.0
230
1.0
 70
     8
 71
     3
 72
    38
 73
    34
 74
     0
 42
0.00000001
 43
0.0000000001
 40
0.0
 40
0.0
 40
0.0
 40
0.0
 40
0.0625
 40
0.0625
 40
0.125
 40
0.125
 40
0.1875
 40
0.1875
 40
0.25
 40
0.25
 40
0.3125
 40
0.3125
 40
0.375
 40
0.375
 40
0.4375
 40
0.4375
 40
0.5
 40
0.5
 40
0.5625
 40
0.5625
 40
0.625
 40
0.625
 40
0.6875
 40
0.6875
 40
0.75
 40
0.75
 40
0.8125
 40
0.8125
 40
0.875
 40
0.875
 40
0.9375
 40
0.9375
 40
1.0
 40
1.0
 40
1.0
 40
1.0
 10
629.3160966522735
 20
546.6344868626917
 30
0.0
 10
629.3160966522735
 20
546.5357884934912
 30
0.0
 10
629.3063759517512
 20
546.4370925648028
 30
0.0
 10
629.267865758492
 20
546.2434887493799
 30
0.0
 10
629.2390772179951
 20
546.1485856498815
 30
0.0
 10
629.1635367566059
 20
545.9662148434887
 30
0.0
 10
629.1167867036009
 20
545.8787516460717
 30
0.0
 10
629.0071189516505
 20
545.714622256524
 30
0.0
 10
628.9442039644564
 20
545.6379601228158
 30
0.0
 10
628.8046233921491
 20
545.4983795505086
 30
0.0
 10
628.7279612584407
 20
545.4354645633145
 30
0.0
 10
628.5638318688933
 20
545.3257968113639
 30
0.0
 10
628.4763686714764
 20
545.2790467583588
 30
0.0
 10
628.2939978650837
 20
545.20350629697
 30
0.0
 10
628.1990947655854
 20
545.1747177564733
 30
0.0
 10
628.0054909501623
 20
545.1362075632138
 30
0.0
 10
627.9067950214738
 20
545.1264868626916
 30
0.0
 10
627.7093982830733
 20
545.1264868626916
 30
0.0
 10
627.6107023543845
 20
545.1362075632138
 30
0.0
 10
627.4170985389619
 20
545.1747177564733
 30
0.0
 10
627.3221954394633
 20
545.20350629697
 30
0.0
 10
627.1398246330703
 20
545.2790467583588
 30
0.0
 10
627.0523614356537
 20
545.3257968113639
 30
0.0
 10
626.888232046106
 20
545.4354645633145
 30
0.0
 10
626.8115699123978
 20
545.4983795505086
 30
0.0
 10
626.6719893400903
 20
545.6379601228158
 30
0.0
 10
626.6090743528966
 20
545.714622256524
 30
0.0
 10
626.4994066009457
 20
545.8787516460717
 30
0.0
 10
626.4526565479409
 20
545.9662148434887
 30
0.0
 10
626.3771160865521
 20
546.1485856498815
 30
0.0
 10
626.3483275460552
 20
546.2434887493799
 30
0.0
 10
626.3098173527954
 20
546.4370925648028
 30
0.0
 10
626.3000966522736
 20
546.5357884934912
 30
0.0
 10
626.3000966522736
 20
546.6344868626917
 30
0.0
  0
LINE
  5
56B7
102
{ACAD_REACTORS
330
578A
102
}
330
1F
100
AcDbEntity
  8
0
  6
Continuous
 62
     7
370
    25
100
AcDbLine
 10
499.7580966522737
 20
523.6344868626919
 30
0.0
 11
700.5580966522732
 21
523.6344868626919
 31
0.0
  0
LINE
  5
56B8
330
1F
100
AcDbEntity
  8
0
  6
Continuous
 62
     7
370
    25
100
AcDbLine
 10
700.5580966522734
 20
654.0344868626915
 30
0.0
 11
700.5580966522734
 21
523.6344868626916
 31
0.0
  0
LINE
  5
56B9
330
1F
100
AcDbEntity
  8
0
  6
Continuous
 62
     7
370
    25
100
AcDbLine
 10
499.7580966522737
 20
527.6344868626916
 30
0.0
 11
499.7580966522737
 21
523.6344868626916
 31
0.0
  0
LINE
  5
56BC
330
1F
100
AcDbEntity
  8
0
  6
Continuous
 62
     7
370
    25
100
AcDbLine
 10
672.0580966522734
 20
588.8344868626917
 30
0.0
 11
678.0580966522734
 21
588.8344868626917
 31
0.0
  0
LINE
  5
56BD
330
1F
100
AcDbEntity
  8
0
  6
Continuous
 62
     7
370
    25
100
AcDbLine
 10
672.0580966522734
 20
654.0344868626915
 30
0.0
 11
672.0580966522734
 21
588.8344868626917
 31
0.0
  0
LINE
  5
56BF
330
1F
100
AcDbEntity
  8
0
  6
Continuous
 62
     7
370
    25
100
AcDbLine
 10
678.0580966522734
 20
588.8344868626917
 30
0.0
 11
678.0580966522734
 21
654.0344868626915
 31
0.0
  0
LINE
  5
56C0
330
1F
100
AcDbEntity
  8
0
  6
Continuous
 62
     7
370
    25
100
AcDbLine
 10
522.2580966522737
 20
533.2344868626916
 30
0.0
 11
522.2580966522737
 21
654.0344868626915
 31
0.0
  0
LINE
  5
56C1
102
{ACAD_REACTORS
330
575C
102
}
330
1F
100
AcDbEntity
  8
0
  6
Continuous
 62
     7
370
    25
100
AcDbLine
 10
516.2580966522737
 20
654.0344868626915
 30
0.0
 11
516.2580966522737
 21
533.2344868626916
 31
0.0
  0
LINE
  5
56C2
330
1F
100
AcDbEntity
  8
0
  6
Continuous
 62
     7
370
    25
100
AcDbLine
 10
516.2580966522737
 20
533.2344868626916
 30
0.0
 11
522.2580966522737
 21
533.2344868626916
 31
0.0
  0
LINE
  5
56C4
330
1F
100
AcDbEntity
  8
0
  6
Continuous
 62
     7
370
    25
100
AcDbLine
 10
579.008096652274
 20
533.2344868626916
 30
0.0
 11
579.008096652274
 21
654.0344868626915
 31
0.0
  0
LINE
  5
56C5
102
{ACAD_REACTORS
330
575C
102
}
330
1F
100
AcDbEntity
  8
0
  6
Continuous
 62
     7
370
    25
100
AcDbLine
 10
573.0080966522741
 20
654.0344868626915
 30
0.0
 11
573.0080966522741
 21
533.2344868626916
 31
0.0
  0
LINE
  5
56C6
330
1F
100
AcDbEntity
  8
0
  6
Continuous
 62
     7
370
    25
100
AcDbLine
 10
573.0080966522741
 20
533.2344868626916
 30
0.0
 11
579.008096652274
 21
533.2344868626916
 31
0.0
  0
LINE
  5
56C8
330
1F
100
AcDbEntity
  8
0
  6
Continuous
 62
     7
370
    25
100
AcDbLine
 10
621.3080966522742
 20
533.2344868626916
 30
0.0
 11
621.3080966522742
 21
654.0344868626915
 31
0.0
  0
LINE
  5
56C9
330
1F
100
AcDbEntity
  8
0
  6
Continuous
 62
     7
370
    25
100
AcDbLine
 10
615.3080966522742
 20
654.0344868626915
 30
0.0
 11
615.3080966522742
 21
533.2344868626916
 31
0.0
  0
LINE
  5
56CA
330
1F
100
AcDbEntity
  8
0
  6
Continuous
 62
     7
370
    25
100
AcDbLine
 10
615.3080966522742
 20
533.2344868626916
 30
0.0
 11
621.3080966522742
 21
533.2344868626916
 31
0.0
  0
LINE
  5
56CC
102
{ACAD_REACTORS
330
577A
102
}
330
1F
100
AcDbEntity
  8
0
  6
Continuous
 62
     7
370
    25
100
AcDbLine
 10
700.5580966522732
 20
636.5344868626916
 30
0.0
 11
499.7580966522737
 21
636.5344868626916
 31
0.0
  0
LINE
  5
56CD
102
{ACAD_REACTORS
330
577A
102
}
330
1F
100
AcDbEntity
  8
0
  6
Continuous
 62
     7
370
    25
100
AcDbLine
 10
700.5580966522732
 20
612.6844868626918
 30
0.0
 11
499.7580966522737
 21
612.6844868626918
 31
0.0
  0
LINE
  5
56CE
330
1F
100
AcDbEntity
  8
0
  6
Continuous
 62
     7
370
    25
100
AcDbLine
 10
522.2580966522737
 20
564.9844868626916
 30
0.0
 11
499.7580966522737
 21
564.9844868626916
 31
0.0
  0
LINE
  5
56D2
330
1F
100
AcDbEntity
  8
0
  6
Continuous
 62
     7
370
    25
100
AcDbLine
 10
621.3080966522734
 20
564.9844868626916
 30
0.0
 11
579.0080966522737
 21
564.9844868626916
 31
0.0
  0
LINE
  5
56D3
330
1F
100
AcDbEntity
  8
0
  6
Continuous
 62
     7
370
    25
100
AcDbLine
 10
522.2580966522737
 20
541.1344868626916
 30
0.0
 11
499.7580966522737
 21
541.1344868626916
 31
0.0
  0
LINE
  5
56E7
330
1F
100
AcDbEntity
  8
0
  6
Continuous
 62
     7
370
    25
100
AcDbLine
 10
700.5580966522732
 20
588.8344868626917
 30
0.0
 11
499.7580966522737
 21
588.8344868626917
 31
0.0
  0
LINE
  5
56F9
330
1F
100
AcDbEntity
  8
0
  6
Continuous
 62
     7
370
    25
100
AcDbLine
 10
621.3080966522734
 20
564.9844868626916
 30
0.0
 11
636.6330966522737
 21
564.9844868626916
 31
0.0
  0
LINE
  5
56FA
330
1F
100
AcDbEntity
  8
0
  6
Continuous
 62
     7
370
    25
100
AcDbLine
 10
636.6330966522737
 20
588.8344868626917
 30
0.0
 11
636.6330966522737
 21
533.2344868626915
 31
0.0
  0
LINE
  5
56FD
330
1F
100
AcDbEntity
  8
0
  6
Continuous
 62
     7
370
    25
100
AcDbLine
 10
621.3080966522742
 20
594.8594868626916
 30
0.0
 11
621.3080966522742
 21
582.8594868626916
 31
0.0
  0
LINE
  5
56FE
330
1F
100
AcDbEntity
  8
0
  6
Continuous
 62
     7
370
    25
100
AcDbLine
 10
627.3330966522744
 20
588.8344868626917
 30
0.0
 11
621.3080966522742
 21
594.8594868626916
 31
0.0
  0
LINE
  5
56FF
330
1F
100
AcDbEntity
  8
0
  6
Continuous
 62
     7
370
    25
100
AcDbLine
 10
621.3080966522742
 20
582.8594868626916
 30
0.0
 11
627.3330966522744
 21
588.8344868626917
 31
0.0
  0
LINE
  5
5700
330
1F
100
AcDbEntity
  8
0
  6
Continuous
 62
     7
370
    25
100
AcDbLine
 10
579.008096652274
 20
594.7094868626917
 30
0.0
 11
579.008096652274
 21
582.8344868626917
 31
0.0
  0
LINE
  5
5701
330
1F
100
AcDbEntity
  8
0
  6
Continuous
 62
     7
370
    25
100
AcDbLine
 10
579.008096652274
 20
582.8344868626917
 30
0.0
 11
585.0080966522742
 21
588.8344868626917
 31
0.0
  0
LINE
  5
5702
330
1F
100
AcDbEntity
  8
0
  6
Continuous
 62
     7
370
    25
100
AcDbLine
 10
585.0080966522742
 20
588.8344868626917
 30
0.0
 11
579.008096652274
 21
594.7094868626917
 31
0.0
  0
LINE
  5
5703
330
1F
100
AcDbEntity
  8
0
  6
Continuous
 62
     7
370
    25
100
AcDbLine
 10
522.2580966522737
 20
594.7094868626917
 30
0.0
 11
522.2580966522737
 21
582.8594868626916
 31
0.0
  0
LINE
  5
5704
330
1F
100
AcDbEntity
  8
0
  6
Continuous
 62
     7
370
    25
100
AcDbLine
 10
528.2580966522735
 20
588.8344868626917
 30
0.0
 11
522.2580966522737
 21
594.7094868626917
 31
0.0
  0
LINE
  5
5705
330
1F
100
AcDbEntity
  8
0
  6
Continuous
 62
     7
370
    25
100
AcDbLine
 10
522.2580966522737
 20
582.8594868626916
 30
0.0
 11
528.2580966522735
 21
588.8344868626917
 31
0.0
  0
LINE
  5
5706
330
1F
100
AcDbEntity
  8
0
  6
Continuous
 62
     7
370
    25
100
AcDbLine
 10
516.2580966522737
 20
594.7594868626916
 30
0.0
 11
510.2580966522737
 21
588.8344868626917
 31
0.0
  0
LINE
  5
5707
330
1F
100
AcDbEntity
  8
0
  6
Continuous
 62
     7
370
    25
100
AcDbLine
 10
510.2580966522737
 20
588.8344868626917
 30
0.0
 11
516.2580966522737
 21
582.9094868626915
 31
0.0
  0
LINE
  5
5708
330
1F
100
AcDbEntity
  8
0
  6
Continuous
 62
     7
370
    25
100
AcDbLine
 10
516.2580966522737
 20
582.9094868626915
 30
0.0
 11
516.2580966522737
 21
594.7594868626916
 31
0.0
  0
LINE
  5
5709
330
1F
100
AcDbEntity
  8
0
  6
Continuous
 62
     7
370
    25
100
AcDbLine
 10
573.0080966522741
 20
594.8094868626916
 30
0.0
 11
567.008096652274
 21
588.8344868626917
 31
0.0
  0
LINE
  5
570A
330
1F
100
AcDbEntity
  8
0
  6
Continuous
 62
     7
370
    25
100
AcDbLine
 10
567.008096652274
 20
588.8344868626917
 30
0.0
 11
573.0080966522741
 21
582.9594868626915
 31
0.0
  0
LINE
  5
570B
330
1F
100
AcDbEntity
  8
0
  6
Continuous
 62
     7
370
    25
100
AcDbLine
 10
573.0080966522741
 20
582.9594868626915
 30
0.0
 11
573.0080966522741
 21
594.8094868626916
 31
0.0
  0
LINE
  5
570C
330
1F
100
AcDbEntity
  8
0
  6
Continuous
 62
     7
370
    25
100
AcDbLine
 10
615.3080966522742
 20
594.8594868626916
 30
0.0
 11
609.4580966522735
 21
588.8344868626917
 31
0.0
  0
LINE
  5
570D
330
1F
100
AcDbEntity
  8
0
  6
Continuous
 62
     7
370
    25
100
AcDbLine
 10
609.4580966522735
 20
588.8344868626917
 30
0.0
 11
615.3080966522742
 21
582.8094868626916
 31
0.0
  0
LINE
  5
570E
330
1F
100
AcDbEntity
  8
0
  6
Continuous
 62
     7
370
    25
100
AcDbLine
 10
615.3080966522742
 20
582.8094868626916
 30
0.0
 11
615.3080966522742
 21
594.8594868626916
 31
0.0
  0
LINE
  5
5717
330
1F
100
AcDbEntity
  8
0
  6
Continuous
 62
     7
370
    25
100
AcDbLine
 10
600.1580966522732
 20
533.2344868626916
 30
0.0
 11
600.1580966522732
 21
541.1344868626916
 31
0.0
  0
LINE
  5
5759
102
{ACAD_REACTORS
330
576B
330
578A
102
}
330
1F
100
AcDbEntity
  8
0
100
AcDbLine
 10
499.7580966522737
 20
654.0344868626915
 30
0.0
 11
700.5580966522734
 21
654.0344868626915
 31
0.0
  0
ENDSEC
  0
SECTION
  2
OBJECTS
  0
DICTIONARY
  5
C
330
0
100
AcDbDictionary
281
     1
  3
ACAD_CIP_PREVIOUS_PRODUCT_INFO
350
63FF
  3
ACAD_COLOR
350
EC7
  3
ACAD_DETAILVIEWSTYLE
350
1C44
  3
ACAD_GROUP
350
D
  3
ACAD_IMAGE_DICT
350
B9B
  3
ACAD_LAYOUT
350
1A
  3
ACAD_MATERIAL
350
B8F
  3
ACAD_MLEADERSTYLE
350
B95
  3
ACAD_MLINESTYLE
350
17
  3
ACAD_PLOTSETTINGS
350
19
  3
ACAD_PLOTSTYLENAME
350
E
  3
ACAD_SCALELIST
350
47
  3
ACAD_SECTIONVIEWSTYLE
350
1C45
  3
ACAD_TABLESTYLE
350
B93
  3
ACAD_VISUALSTYLE
350
B76
  3
ACDB_RECOMPOSE_DATA
350
640B
  3
AcDbVariableDictionary
350
E03
  3
Autodesk_MAP
350
B97
  0
SUN
  5
B9A
330
29
100
AcDbSun
 90
        1
290
     1
 63
     7
421
 16777215
 40
1.0
291
     1
 91
  2455826
 92
 54000000
292
     0
 70
     0
 71
   256
280
     1
  0
DICTIONARY
  5
BCF
330
1F
100
AcDbDictionary
280
     1
281
     1
  3
ACAD_SORTENTS
360
BD0
  0
DICTIONARY
  5
5259
330
5258
100
AcDbDictionary
280
     1
281
     1
  3
ACAD_DIMASSOC
360
525A
  0
DICTIONARY
  5
526D
330
526C
100
AcDbDictionary
280
     1
281
     1
  3
ACAD_DIMASSOC
360
526E
  0
DICTIONARY
  5
5281
330
5280
100
AcDbDictionary
280
     1
281
     1
  3
ACAD_DIMASSOC
360
5282
  0
DICTIONARY
  5
5291
330
5290
100
AcDbDictionary
280
     1
281
     1
  3
ACAD_DIMASSOC
360
5292
  0
DICTIONARY
  5
575B
330
575A
100
AcDbDictionary
280
     1
281
     1
  3
ACAD_DIMASSOC
360
575C
  0
DICTIONARY
  5
576A
330
5769
100
AcDbDictionary
280
     1
281
     1
  3
ACAD_DIMASSOC
360
576B
  0
DICTIONARY
  5
5779
330
5778
100
AcDbDictionary
280
     1
281
     1
  3
ACAD_DIMASSOC
360
577A
  0
DICTIONARY
  5
5789
330
5788
100
AcDbDictionary
280
     1
281
     1
  3
ACAD_DIMASSOC
360
578A
  0
DICTIONARY
  5
5A20
330
5A1F
100
AcDbDictionary
280
     1
281
     1
  3
ACAD_DIMASSOC
360
5A21
  0
DICTIONARY
  5
5A2F
330
5A2E
100
AcDbDictionary
280
     1
281
     1
  3
ACAD_DIMASSOC
360
5A30
  0
DICTIONARY
  5
5A3E
330
5A3D
100
AcDbDictionary
280
     1
281
     1
  3
ACAD_DIMASSOC
360
5A3F
  0
DICTIONARY
  5
5A4E
330
5A4D
100
AcDbDictionary
280
     1
281
     1
  3
ACAD_DIMASSOC
360
5A4F
  0
DICTIONARY
  5
5DB8
330
5DB7
100
AcDbDictionary
280
     1
281
     1
  3
ACAD_DIMASSOC
360
5DB9
  0
DICTIONARY
  5
5DC8
330
5DC7
100
AcDbDictionary
280
     1
281
     1
  3
ACAD_DIMASSOC
360
5DC9
  0
DICTIONARY
  5
5DD8
330
5DD7
100
AcDbDictionary
280
     1
281
     1
  3
ACAD_DIMASSOC
360
5DD9
  0
DICTIONARY
  5
5DE7
330
5DE6
100
AcDbDictionary
280
     1
281
     1
  3
ACAD_DIMASSOC
360
5DE8
  0
DICTIONARY
  5
6041
330
6040
100
AcDbDictionary
280
     1
281
     1
  3
ACAD_DIMASSOC
360
6042
  0
DICTIONARY
  5
6050
330
604F
100
AcDbDictionary
280
     1
281
     1
  3
ACAD_DIMASSOC
360
6051
  0
DICTIONARY
  5
605F
330
605E
100
AcDbDictionary
280
     1
281
     1
  3
ACAD_DIMASSOC
360
6060
  0
DICTIONARY
  5
606F
330
606E
100
AcDbDictionary
280
     1
281
     1
  3
ACAD_DIMASSOC
360
6070
  0
DICTIONARY
  5
6253
330
6252
100
AcDbDictionary
280
     1
281
     1
  3
ACAD_DIMASSOC
360
6254
  0
DICTIONARY
  5
6262
330
6261
100
AcDbDictionary
280
     1
281
     1
  3
ACAD_DIMASSOC
360
6263
  0
DICTIONARY
  5
6271
330
6270
100
AcDbDictionary
280
     1
281
     1
  3
ACAD_DIMASSOC
360
6272
  0
DICTIONARY
  5
6281
330
6280
100
AcDbDictionary
280
     1
281
     1
  3
ACAD_DIMASSOC
360
6282
  0
XRECORD
  5
63FF
102
{ACAD_REACTORS
330
C
102
}
330
C
100
AcDbXrecord
280
     1
300
ACD
300
2021
300

  0
DICTIONARY
  5
EC7
102
{ACAD_REACTORS
330
C
102
}
330
C
100
AcDbDictionary
281
     1
  0
DICTIONARY
  5
1C44
102
{ACAD_REACTORS
330
C
102
}
330
C
100
AcDbDictionary
281
     1
  3
Metric50
350
63FB
  0
DICTIONARY
  5
D
102
{ACAD_REACTORS
330
C
102
}
330
C
100
AcDbDictionary
281
     1
  0
DICTIONARY
  5
B9B
102
{ACAD_REACTORS
330
C
102
}
330
C
100
AcDbDictionary
281
     1
  0
DICTIONARY
  5
1A
102
{ACAD_REACTORS
330
C
102
}
330
C
100
AcDbDictionary
281
     1
  3
Layout1
350
1E
  3
Layout2
350
26
  3
Model
350
22
  0
DICTIONARY
  5
B8F
102
{ACAD_REACTORS
330
C
102
}
330
C
100
AcDbDictionary
281
     1
  3
ByBlock
350
B91
  3
ByLayer
350
B90
  3
Global
350
B92
  0
DICTIONARY
  5
B95
102
{ACAD_REACTORS
330
C
102
}
330
C
100
AcDbDictionary
281
     1
  3
Standard
350
B96
  0
DICTIONARY
  5
17
102
{ACAD_REACTORS
330
C
102
}
330
C
100
AcDbDictionary
281
     1
  3
Standard
350
18
  0
DICTIONARY
  5
19
102
{ACAD_REACTORS
330
C
102
}
330
C
100
AcDbDictionary
281
     1
  0
ACDBDICTIONARYWDFLT
  5
E
102
{ACAD_REACTORS
330
C
102
}
330
C
100
AcDbDictionary
281
     1
  3
Normal
350
F
100
AcDbDictionaryWithDefault
340
F
  0
DICTIONARY
  5
47
102
{ACAD_REACTORS
330
C
102
}
330
C
100
AcDbDictionary
281
     1
  3
A0
350
48
  3
A1
350
49
  3
A2
350
4A
  3
A3
350
4B
  3
A4
350
4C
  3
A5
350
4D
  3
A6
350
4E
  3
A7
350
4F
  3
A8
350
50
  3
A9
350
51
  3
B0
350
52
  3
B1
350
53
  3
B2
350
54
  3
B3
350
55
  3
B4
350
56
  3
B5
350
57
  3
B6
350
58
  0
DICTIONARY
  5
1C45
102
{ACAD_REACTORS
330
C
102
}
330
C
100
AcDbDictionary
281
     1
  3
Metric50
350
63FA
  0
DICTIONARY
  5
B93
102
{ACAD_REACTORS
330
C
102
}
330
C
100
AcDbDictionary
281
     1
  3
Standard
350
B94
  0
DICTIONARY
  5
B76
102
{ACAD_REACTORS
330
C
102
}
330
C
100
AcDbDictionary
281
     1
  3
2dWireframe
350
B7B
  3
Basic
350
B7E
  3
Brighten
350
B82
  3
ColorChange
350
B86
  3
Conceptual
350
B80
  3
Dim
350
B81
  3
EdgeColorOff
350
B89
  3
Facepattern
350
B85
  3
Flat
350
B77
  3
FlatWithEdges
350
B78
  3
Gouraud
350
B79
  3
GouraudWithEdges
350
B7A
  3
Hidden
350
B7D
  3
JitterOff
350
B87
  3
Linepattern
350
B84
  3
OverhangOff
350
B88
  3
Realistic
350
B7F
  3
Shaded
350
B8E
  3
Shaded with edges
350
B8D
  3
Shades of Gray
350
B8A
  3
Sketchy
350
B8B
  3
Thicken
350
B83
  3
Wireframe
350
B7C
  3
X-Ray
350
B8C
  0
XRECORD
  5
640B
102
{ACAD_REACTORS
330
C
102
}
330
C
100
AcDbXrecord
280
     1
 90
        1
330
B94
  0
DICTIONARY
  5
E03
102
{ACAD_REACTORS
330
C
102
}
330
C
100
AcDbDictionary
281
     1
  3
CANNOSCALE
350
63F5
  3
CMLEADERSTYLE
350
63F7
  3
CTABLESTYLE
350
63F6
  3
CVIEWDETAILSTYLE
350
6400
  3
CVIEWSECTIONSTYLE
350
6401
  3
MSLTSCALE
350
63F8
  0
DICTIONARY
  5
B97
102
{ACAD_REACTORS
330
C
102
}
330
C
100
AcDbDictionary
281
     1
  3
AcMapResourceManager
350
B98
1001
MapGWS
1000
F:\Project #126- FEA TANK\2026 05 05\Surface_Antifoam_Deaeration_Tank_Assy_Stiff(120x120x8)_2026.05.0598b43331-2c0b-4395-9760-7a398cda5c08GWS.xml
  0
SORTENTSTABLE
  5
BD0
102
{ACAD_REACTORS
330
BCF
102
}
330
BCF
100
AcDbSortentsTable
330
1F
  0
DIMASSOC
  5
525A
102
{ACAD_REACTORS
330
5259
102
}
330
5259
100
AcDbDimAssoc
330
5258
 90
        3
 70
     0
 71
     1
  1
AcDbOsnapPointRef
 72
    13
331
51D2
 73
     2
 91
        0
 40
0.0
 10
0.0
 20
0.0
 30
0.0
 75
     0
  1
AcDbOsnapPointRef
 72
    13
331
5194
 73
     2
 91
        0
 40
0.0
 10
0.0
 20
0.0
 30
0.0
 75
     0
  0
DIMASSOC
  5
526E
102
{ACAD_REACTORS
330
526D
102
}
330
526D
100
AcDbDimAssoc
330
526C
 90
        3
 70
     0
 71
     1
  1
AcDbOsnapPointRef
 72
    13
331
518F
 73
     2
 91
        0
 40
0.0
 10
0.0
 20
0.0
 30
0.0
 75
     0
  1
AcDbOsnapPointRef
 72
     1
331
5190
 73
     2
 91
        0
 40
130.4000000000001
 10
0.0
 20
0.0
 30
0.0
 75
     0
  0
DIMASSOC
  5
5282
102
{ACAD_REACTORS
330
5281
102
}
330
5281
100
AcDbDimAssoc
330
5280
 90
        3
 70
     0
 71
     1
  1
AcDbOsnapPointRef
 72
     6
331
51E2
 73
     2
 91
        0
 40
0.9999999999999996
 10
0.0
 20
0.0
 30
0.0
332
516E
 74
     2
 92
        0
 75
     0
  1
AcDbOsnapPointRef
 72
     6
331
51E3
 73
     2
 91
        0
 40
0.9999999999999996
 10
0.0
 20
0.0
 30
0.0
332
516E
 74
     2
 92
        0
 75
     0
  0
DIMASSOC
  5
5292
102
{ACAD_REACTORS
330
5291
102
}
330
5291
100
AcDbDimAssoc
330
5290
 90
        3
 70
     0
 71
     1
  1
AcDbOsnapPointRef
 72
    13
331
518F
 73
     2
 91
        0
 40
0.0
 10
0.0
 20
0.0
 30
0.0
 75
     0
  1
AcDbOsnapPointRef
 72
    13
331
516D
 73
     2
 91
        0
 40
0.0
 10
-352.5214078094986
 20
680.5101785914902
 30
0.0
 75
     0
  0
DIMASSOC
  5
575C
102
{ACAD_REACTORS
330
575B
102
}
330
575B
100
AcDbDimAssoc
330
575A
 90
        3
 70
     0
 71
     1
  1
AcDbOsnapPointRef
 72
    13
331
56C1
 73
     2
 91
        0
 40
0.0
 10
0.0
 20
0.0
 30
0.0
 75
     0
  1
AcDbOsnapPointRef
 72
    13
331
56C5
 73
     2
 91
        0
 40
0.0
 10
0.0
 20
0.0
 30
0.0
 75
     0
  0
DIMASSOC
  5
576B
102
{ACAD_REACTORS
330
576A
102
}
330
576A
100
AcDbDimAssoc
330
5769
 90
        3
 70
     0
 71
     1
  1
AcDbOsnapPointRef
 72
    13
331
5759
 73
     2
 91
        0
 40
0.0
 10
0.0
 20
0.0
 30
0.0
 75
     0
  1
AcDbOsnapPointRef
 72
     1
331
5759
 73
     2
 91
        0
 40
200.7999999999997
 10
0.0
 20
0.0
 30
0.0
 75
     0
  0
DIMASSOC
  5
577A
102
{ACAD_REACTORS
330
5779
102
}
330
5779
100
AcDbDimAssoc
330
5778
 90
        3
 70
     0
 71
     1
  1
AcDbOsnapPointRef
 72
     1
331
56CC
 73
     2
 91
        0
 40
200.7999999999996
 10
0.0
 20
0.0
 30
0.0
 75
     0
  1
AcDbOsnapPointRef
 72
     1
331
56CD
 73
     2
 91
        0
 40
200.7999999999996
 10
0.0
 20
0.0
 30
0.0
 75
     0
  0
DIMASSOC
  5
578A
102
{ACAD_REACTORS
330
5789
102
}
330
5789
100
AcDbDimAssoc
330
5788
 90
        3
 70
     0
 71
     1
  1
AcDbOsnapPointRef
 72
    13
331
5759
 73
     2
 91
        0
 40
0.0
 10
0.0
 20
0.0
 30
0.0
 75
     0
  1
AcDbOsnapPointRef
 72
    13
331
56B7
 73
     2
 91
        0
 40
0.0
 10
0.0
 20
0.0
 30
0.0
 75
     0
  0
DIMASSOC
  5
5A21
102
{ACAD_REACTORS
330
5A20
102
}
330
5A20
100
AcDbDimAssoc
330
5A1F
 90
        3
 70
     0
 71
     1
  1
AcDbOsnapPointRef
 72
    13
331
5976
 73
     2
 91
        0
 40
0.0
 10
0.0
 20
0.0
 30
0.0
 75
     0
  1
AcDbOsnapPointRef
 72
    13
331
596F
 73
     2
 91
        0
 40
0.0
 10
0.0
 20
0.0
 30
0.0
 75
     0
  0
DIMASSOC
  5
5A30
102
{ACAD_REACTORS
330
5A2F
102
}
330
5A2F
100
AcDbDimAssoc
330
5A2E
 90
        3
 70
     0
 71
     1
  1
AcDbOsnapPointRef
 72
    13
331
591F
 73
     2
 91
        0
 40
0.0
 10
0.0
 20
0.0
 30
0.0
 75
     0
  1
AcDbOsnapPointRef
 72
     1
331
591F
 73
     2
 91
        0
 40
122.3000000000002
 10
0.0
 20
0.0
 30
0.0
 75
     0
  0
DIMASSOC
  5
5A3F
102
{ACAD_REACTORS
330
5A3E
102
}
330
5A3E
100
AcDbDimAssoc
330
5A3D
 90
        3
 70
     0
 71
     1
  1
AcDbOsnapPointRef
 72
     1
331
5963
 73
     2
 91
        0
 40
31.2000000000088
 10
0.0
 20
0.0
 30
0.0
 75
     0
  1
AcDbOsnapPointRef
 72
     1
331
5964
 73
     2
 91
        0
 40
122.3000000000003
 10
0.0
 20
0.0
 30
0.0
 75
     0
  0
DIMASSOC
  5
5A4F
102
{ACAD_REACTORS
330
5A4E
102
}
330
5A4E
100
AcDbDimAssoc
330
5A4D
 90
        3
 70
     0
 71
     1
  1
AcDbOsnapPointRef
 72
    13
331
591F
 73
     2
 91
        0
 40
0.0
 10
0.0
 20
0.0
 30
0.0
 75
     0
  1
AcDbOsnapPointRef
 72
    13
331
5954
 73
     2
 91
        0
 40
0.0
 10
0.0
 20
0.0
 30
0.0
 75
     0
  0
DIMASSOC
  5
5DB9
102
{ACAD_REACTORS
330
5DB8
102
}
330
5DB8
100
AcDbDimAssoc
330
5DB7
 90
        3
 70
     0
 71
     1
  1
AcDbOsnapPointRef
 72
     1
331
5CD3
 73
     2
 91
        0
 40
200.8000000000002
 10
0.0
 20
0.0
 30
0.0
 75
     0
  1
AcDbOsnapPointRef
 72
     1
331
5B0C
 73
     2
 91
        0
 40
200.8000000000002
 10
0.0
 20
0.0
 30
0.0
 75
     0
  0
DIMASSOC
  5
5DC9
102
{ACAD_REACTORS
330
5DC8
102
}
330
5DC8
100
AcDbDimAssoc
330
5DC7
 90
        3
 70
     0
 71
     1
  1
AcDbOsnapPointRef
 72
    13
331
5D85
 73
     2
 91
        0
 40
0.0
 10
0.0
 20
0.0
 30
0.0
 75
     0
  1
AcDbOsnapPointRef
 72
     1
331
5C02
 73
     2
 91
        0
 40
49.84999999998969
 10
0.0
 20
0.0
 30
0.0
 75
     0
  0
DIMASSOC
  5
5DD9
102
{ACAD_REACTORS
330
5DD8
102
}
330
5DD8
100
AcDbDimAssoc
330
5DD7
 90
        3
 70
     0
 71
     1
  1
AcDbOsnapPointRef
 72
    13
331
5D85
 73
     2
 91
        0
 40
0.0
 10
0.0
 20
0.0
 30
0.0
 75
     0
  1
AcDbOsnapPointRef
 72
     1
331
5D85
 73
     2
 91
        0
 40
200.8000000000002
 10
0.0
 20
0.0
 30
0.0
 75
     0
  0
DIMASSOC
  5
5DE8
102
{ACAD_REACTORS
330
5DE7
102
}
330
5DE7
100
AcDbDimAssoc
330
5DE6
 90
        3
 70
     0
 71
     1
  1
AcDbOsnapPointRef
 72
    13
331
5CA4
 73
     2
 91
        0
 40
0.0
 10
0.0
 20
0.0
 30
0.0
 75
     0
  1
AcDbOsnapPointRef
 72
    13
331
5D3A
 73
     2
 91
        0
 40
0.0
 10
0.0
 20
0.0
 30
0.0
 75
     0
  0
DIMASSOC
  5
6042
102
{ACAD_REACTORS
330
6041
102
}
330
6041
100
AcDbDimAssoc
330
6040
 90
        3
 70
     0
 71
     1
  1
AcDbOsnapPointRef
 72
    13
331
5F89
 73
     2
 91
        0
 40
0.0
 10
0.0
 20
0.0
 30
0.0
 75
     0
  1
AcDbOsnapPointRef
 72
     1
331
5FA1
 73
     2
 91
        0
 40
6.0
 10
0.0
 20
0.0
 30
0.0
 75
     0
  0
DIMASSOC
  5
6051
102
{ACAD_REACTORS
330
6050
102
}
330
6050
100
AcDbDimAssoc
330
604F
 90
        3
 70
     0
 71
     1
  1
AcDbOsnapPointRef
 72
     1
331
5F48
 73
     2
 91
        0
 40
200.8000000000002
 10
0.0
 20
0.0
 30
0.0
 75
     0
  1
AcDbOsnapPointRef
 72
    13
331
5F48
 73
     2
 91
        0
 40
0.0
 10
0.0
 20
0.0
 30
0.0
 75
     0
  0
DIMASSOC
  5
6060
102
{ACAD_REACTORS
330
605F
102
}
330
605F
100
AcDbDimAssoc
330
605E
 90
        3
 70
     0
 71
     1
  1
AcDbOsnapPointRef
 72
     1
331
5F48
 73
     2
 91
        0
 40
200.8000000000002
 10
0.0
 20
0.0
 30
0.0
 75
     0
  1
AcDbOsnapPointRef
 72
    13
331
5F46
 73
     2
 91
        0
 40
0.0
 10
0.0
 20
0.0
 30
0.0
 75
     0
  0
DIMASSOC
  5
6070
102
{ACAD_REACTORS
330
606F
102
}
330
606F
100
AcDbDimAssoc
330
606E
 90
        3
 70
     0
 71
     1
  1
AcDbOsnapPointRef
 72
    13
331
5FA4
 73
     2
 91
        0
 40
0.0
 10
0.0
 20
0.0
 30
0.0
 75
     0
  1
AcDbOsnapPointRef
 72
    13
331
5FA5
 73
     2
 91
        0
 40
0.0
 10
0.0
 20
0.0
 30
0.0
 75
     0
  0
DIMASSOC
  5
6254
102
{ACAD_REACTORS
330
6253
102
}
330
6253
100
AcDbDimAssoc
330
6252
 90
        3
 70
     0
 71
     1
  1
AcDbOsnapPointRef
 72
    13
331
61E3
 73
     2
 91
        0
 40
0.0
 10
0.0
 20
0.0
 30
0.0
 75
     0
  1
AcDbOsnapPointRef
 72
    13
331
61E7
 73
     2
 91
        0
 40
0.0
 10
0.0
 20
0.0
 30
0.0
 75
     0
  0
DIMASSOC
  5
6263
102
{ACAD_REACTORS
330
6262
102
}
330
6262
100
AcDbDimAssoc
330
6261
 90
        3
 70
     0
 71
     1
  1
AcDbOsnapPointRef
 72
     1
331
6247
 73
     2
 91
        0
 40
122.3000000000011
 10
0.0
 20
0.0
 30
0.0
 75
     0
  1
AcDbOsnapPointRef
 72
    13
331
6247
 73
     2
 91
        0
 40
0.0
 10
0.0
 20
0.0
 30
0.0
 75
     0
  0
DIMASSOC
  5
6272
102
{ACAD_REACTORS
330
6271
102
}
330
6271
100
AcDbDimAssoc
330
6270
 90
        3
 70
     0
 71
     1
  1
AcDbOsnapPointRef
 72
     1
331
61DF
 73
     2
 91
        0
 40
122.3000000000011
 10
0.0
 20
0.0
 30
0.0
 75
     0
  1
AcDbOsnapPointRef
 72
     6
331
61E0
 73
     2
 91
        0
 40
0.9999999999999996
 10
0.0
 20
0.0
 30
0.0
332
61A3
 74
     2
 92
        0
 75
     0
  0
DIMASSOC
  5
6282
102
{ACAD_REACTORS
330
6281
102
}
330
6281
100
AcDbDimAssoc
330
6280
 90
        3
 70
     0
 71
     1
  1
AcDbOsnapPointRef
 72
     1
331
6247
 73
     2
 91
        0
 40
122.3000000000011
 10
0.0
 20
0.0
 30
0.0
 75
     0
  1
AcDbOsnapPointRef
 72
    13
331
61D4
 73
     2
 91
        0
 40
0.0
 10
0.0
 20
0.0
 30
0.0
 75
     0
  0
ACDBDETAILVIEWSTYLE
  5
63FB
102
{ACAD_REACTORS
330
1C44
102
}
330
1C44
100
AcDbModelDocViewStyle
 70
     0
  3
Metric50
290
     0
300
Metric50
 90
        0
100
AcDbDetailViewStyle
 70
     0
 71
     0
 90
        3
 71
     1
340
11
 62
   256
 40
5.0
340
0
 62
   256
 40
5.0
300

 40
0.0
280
     1
 71
     2
340
16
 90
       25
 62
   256
 71
     3
340
11
 62
   256
 40
5.0
 90
        0
 40
15.0
 90
        1
300
%<\AcVar ViewDetailId>% (%<\AcVar ViewScale \f "%sn">%)
 71
     4
340
16
 90
       25
 62
   256
340
16
 90
       25
 62
   256
280
     0
  0
LAYOUT
  5
1E
102
{ACAD_REACTORS
330
1A
102
}
330
1A
100
AcDbPlotSettings
  1

  2
Microsoft Print to PDF
  4
Letter
  6

 40
3.174999999999998
 41
3.174999999999998
 42
3.174999999999998
 43
3.174999999999998
 44
215.9
 45
279.4
 46
0.0
 47
0.0
 48
0.0
 49
0.0
140
0.0
141
0.0
142
1.0
143
1.0
 70
   688
 72
     1
 73
     1
 74
     5
  7

 75
    16
147
1.0
 76
     0
 77
     2
 78
   300
148
0.0
149
0.0
100
AcDbLayout
  1
Layout1
 70
     1
 71
     1
 10
0.0
 20
0.0
 11
420.0
 21
297.0
 12
0.0
 22
0.0
 32
0.0
 14
1.000000000000000E+20
 24
1.000000000000000E+20
 34
1.000000000000000E+20
 15
-1.000000000000000E+20
 25
-1.000000000000000E+20
 35
-1.000000000000000E+20
146
0.0
 13
0.0
 23
0.0
 33
0.0
 16
1.0
 26
0.0
 36
0.0
 17
0.0
 27
1.0
 37
0.0
 76
     0
330
1B
  0
LAYOUT
  5
26
102
{ACAD_REACTORS
330
1A
102
}
330
1A
100
AcDbPlotSettings
  1

  2
Microsoft Print to PDF
  4
Letter
  6

 40
3.174999999999998
 41
3.174999999999998
 42
3.174999999999998
 43
3.174999999999998
 44
215.9
 45
279.4
 46
0.0
 47
0.0
 48
0.0
 49
0.0
140
0.0
141
0.0
142
1.0
143
1.0
 70
   688
 72
     1
 73
     1
 74
     5
  7

 75
    16
147
1.0
 76
     0
 77
     2
 78
   300
148
0.0
149
0.0
100
AcDbLayout
  1
Layout2
 70
     1
 71
     2
 10
0.0
 20
0.0
 11
0.0
 21
0.0
 12
0.0
 22
0.0
 32
0.0
 14
0.0
 24
0.0
 34
0.0
 15
0.0
 25
0.0
 35
0.0
146
0.0
 13
0.0
 23
0.0
 33
0.0
 16
1.0
 26
0.0
 36
0.0
 17
0.0
 27
1.0
 37
0.0
 76
     0
330
23
  0
LAYOUT
  5
22
102
{ACAD_REACTORS
330
1A
102
}
330
1A
100
AcDbPlotSettings
  1

  2
Microsoft Print to PDF
  4
A4
  6

 40
3.174999999999998
 41
3.174999999999998
 42
3.174999999999998
 43
3.174999999999998
 44
210.0
 45
297.0
 46
0.0
 47
0.0
 48
1467.893480662963
 49
831.0
140
2636.893480662964
141
0.0
142
1.0
143
4.080530321630248
 70
  1712
 72
     1
 73
     1
 74
     4
  7
Monochrome.ctb
 75
     0
147
0.2450661853188929
 76
     0
 77
     4
 78
   300
148
-4065.439561989736
149
-27.52828424596844
100
AcDbLayout
  1
Model
 70
     1
 71
     0
 10
0.0
 20
0.0
 11
1189.0
 21
841.0
 12
0.0
 22
0.0
 32
0.0
 14
0.0
 24
0.0
 34
0.0
 15
1189.0
 25
841.0
 35
0.0
146
0.0
 13
0.0
 23
0.0
 33
0.0
 16
1.0
 26
0.0
 36
0.0
 17
0.0
 27
1.0
 37
0.0
 76
     0
330
1F
331
29
1001
PLOTTRANSPARENCY
1071
        0
  0
MATERIAL
  5
B91
102
{ACAD_REACTORS
330
B8F
102
}
330
B8F
100
AcDbMaterial
  1
ByBlock
 73
     1
 78
     1
172
     1
176
     1
270
     1
274
     1
  0
MATERIAL
  5
B90
102
{ACAD_REACTORS
330
B8F
102
}
330
B8F
100
AcDbMaterial
  1
ByLayer
 73
     1
 78
     1
172
     1
176
     1
270
     1
274
     1
  0
MATERIAL
  5
B92
102
{ACAD_REACTORS
330
B8F
102
}
330
B8F
100
AcDbMaterial
  1
Global
 73
     1
 78
     1
172
     1
176
     1
270
     1
274
     1
  0
MLEADERSTYLE
  5
B96
102
{ACAD_REACTORS
330
B95
102
}
330
B95
100
AcDbMLeaderStyle
179
     2
170
     2
171
     1
172
     0
 90
        2
 40
0.0
 41
0.0
173
     1
 91
-1056964608
340
14
 92
       -2
290
     1
 42
2.0
291
     1
 43
8.0
  3
Standard
 44
4.0
300

342
11
174
     1
178
     6
175
     1
176
     0
 93
-1056964608
 45
4.0
292
     0
297
     0
 46
4.0
 94
-1056964608
 47
1.0
 49
1.0
140
1.0
293
     1
141
0.0
294
     1
177
     0
142
1.0
295
     0
296
     0
143
3.75
271
     0
272
     9
273
     9
298
     0
  0
MLINESTYLE
  5
18
102
{ACAD_REACTORS
330
17
102
}
330
17
100
AcDbMlineStyle
  2
STANDARD
 70
     0
  3

 62
   256
 51
90.0
 52
90.0
 71
     2
 49
0.5
 62
   256
  6
BYLAYER
 49
-0.5
 62
   256
  6
BYLAYER
  0
ACDBPLACEHOLDER
  5
F
102
{ACAD_REACTORS
330
E
102
}
330
E
  0
SCALE
  5
48
102
{ACAD_REACTORS
330
47
102
}
330
47
100
AcDbScale
 70
     0
300
1:1
140
1.0
141
1.0
290
     1
  0
SCALE
  5
49
102
{ACAD_REACTORS
330
47
102
}
330
47
100
AcDbScale
 70
     0
300
1:2
140
1.0
141
2.0
290
     0
  0
SCALE
  5
4A
102
{ACAD_REACTORS
330
47
102
}
330
47
100
AcDbScale
 70
     0
300
1:4
140
1.0
141
4.0
290
     0
  0
SCALE
  5
4B
102
{ACAD_REACTORS
330
47
102
}
330
47
100
AcDbScale
 70
     0
300
1:5
140
1.0
141
5.0
290
     0
  0
SCALE
  5
4C
102
{ACAD_REACTORS
330
47
102
}
330
47
100
AcDbScale
 70
     0
300
1:8
140
1.0
141
8.0
290
     0
  0
SCALE
  5
4D
102
{ACAD_REACTORS
330
47
102
}
330
47
100
AcDbScale
 70
     0
300
1:10
140
1.0
141
10.0
290
     0
  0
SCALE
  5
4E
102
{ACAD_REACTORS
330
47
102
}
330
47
100
AcDbScale
 70
     0
300
1:16
140
1.0
141
16.0
290
     0
  0
SCALE
  5
4F
102
{ACAD_REACTORS
330
47
102
}
330
47
100
AcDbScale
 70
     0
300
1:20
140
1.0
141
20.0
290
     0
  0
SCALE
  5
50
102
{ACAD_REACTORS
330
47
102
}
330
47
100
AcDbScale
 70
     0
300
1:30
140
1.0
141
30.0
290
     0
  0
SCALE
  5
51
102
{ACAD_REACTORS
330
47
102
}
330
47
100
AcDbScale
 70
     0
300
1:40
140
1.0
141
40.0
290
     0
  0
SCALE
  5
52
102
{ACAD_REACTORS
330
47
102
}
330
47
100
AcDbScale
 70
     0
300
1:50
140
1.0
141
50.0
290
     0
  0
SCALE
  5
53
102
{ACAD_REACTORS
330
47
102
}
330
47
100
AcDbScale
 70
     0
300
1:100
140
1.0
141
100.0
290
     0
  0
SCALE
  5
54
102
{ACAD_REACTORS
330
47
102
}
330
47
100
AcDbScale
 70
     0
300
2:1
140
2.0
141
1.0
290
     0
  0
SCALE
  5
55
102
{ACAD_REACTORS
330
47
102
}
330
47
100
AcDbScale
 70
     0
300
4:1
140
4.0
141
1.0
290
     0
  0
SCALE
  5
56
102
{ACAD_REACTORS
330
47
102
}
330
47
100
AcDbScale
 70
     0
300
8:1
140
8.0
141
1.0
290
     0
  0
SCALE
  5
57
102
{ACAD_REACTORS
330
47
102
}
330
47
100
AcDbScale
 70
     0
300
10:1
140
10.0
141
1.0
290
     0
  0
SCALE
  5
58
102
{ACAD_REACTORS
330
47
102
}
330
47
100
AcDbScale
 70
     0
300
100:1
140
100.0
141
1.0
290
     0
  0
ACDBSECTIONVIEWSTYLE
  5
63FA
102
{ACAD_REACTORS
330
1C45
102
}
330
1C45
100
AcDbModelDocViewStyle
 70
     0
  3
Metric50
290
     0
300
Metric50
 90
        0
100
AcDbSectionViewStyle
 70
     0
 71
     0
 90
      102
 71
     1
340
11
 62
   256
 40
5.0
340
0
340
0
 62
   256
 40
5.0
300
I, O, Q, S, X, Z
 40
10.0
 90
        0
 40
2.5
 90
        0
 71
     2
340
16
 90
       25
 62
   256
340
16
 90
       50
 62
   256
 40
5.0
 40
2.5
 40
5.0
 71
     3
340
11
 62
   256
 40
5.0
 90
        0
 40
15.0
 90
        1
300
%<\AcVar ViewSectionStartId>%-%<\AcVar ViewSectionEndId>% (%<\AcVar ViewScale \f "%sn">%)
 71
     4
 62
   256
 62
   257
300
ANSI31
 40
1.0
 90
        0
290
     0
290
     0
 90
        6
 40
0.0
 40
1.570796326794896
 40
0.2617993877991494
 40
1.308996938995747
 40
-0.2617993877991494
 40
1.832595714594045
  0
TABLESTYLE
  5
B94
102
{ACAD_XDICTIONARY
360
6403
102
}
102
{ACAD_REACTORS
330
B93
102
}
330
B93
100
AcDbTableStyle
280
     0
  3
Standard
 70
     0
 71
     0
 40
1.5
 41
1.5
280
     0
281
     0
  7
Standard
140
4.5
170
     2
 62
     0
 63
     7
283
     0
 90
        4
 91
        0
  1

274
    -2
284
     1
 64
     0
275
    -2
285
     1
 65
     0
276
    -2
286
     1
 66
     0
277
    -2
287
     1
 67
     0
278
    -2
288
     1
 68
     0
279
    -2
289
     1
 69
     0
  7
Standard
140
6.0
170
     5
 62
     0
 63
     7
283
     0
 90
        4
 91
        0
  1

274
    -2
284
     1
 64
     0
275
    -2
285
     1
 65
     0
276
    -2
286
     1
 66
     0
277
    -2
287
     1
 67
     0
278
    -2
288
     1
 68
     0
279
    -2
289
     1
 69
     0
  7
Standard
140
4.5
170
     5
 62
     0
 63
     7
283
     0
 90
        4
 91
        0
  1

274
    -2
284
     1
 64
     0
275
    -2
285
     1
 65
     0
276
    -2
286
     1
 66
     0
277
    -2
287
     1
 67
     0
278
    -2
288
     1
 68
     0
279
    -2
289
     1
 69
     0
  0
VISUALSTYLE
  5
B7B
102
{ACAD_REACTORS
330
B76
102
}
330
B76
100
AcDbVisualStyle
  2
2dWireframe
 70
     4
177
     3
291
     0
 70
    58
 90
        0
176
     1
 90
        2
176
     1
 90
        0
176
     1
 90
        0
176
     1
 40
0.6
176
     1
 40
30.0
176
     1
 62
     7
420
 16777215
176
     1
 90
        1
176
     1
 90
        4
176
     1
 62
     7
176
     1
 62
   257
176
     1
 90
        1
176
     1
 90
        1
176
     1
 40
1.0
176
     1
 90
        0
176
     1
 62
   257
176
     1
 40
1.0
176
     1
 90
        1
176
     1
 90
        6
176
     1
 90
        2
176
     1
 62
     7
176
     1
 90
        5
176
     1
 90
        0
176
     1
 90
        0
176
     1
290
     0
176
     1
 90
        1
176
     1
 40
0.0
176
     1
 90
        0
176
     1
290
     1
176
     1
290
     1
176
     1
290
     0
176
     1
290
     0
176
     1
290
     0
176
     1
290
     0
176
     1
290
     0
176
     1
290
     0
176
     1
290
     0
176
     1
 90
       50
176
     1
 40
0.0
176
     1
 40
1.0
176
     1
 90
        0
176
     1
 62
    18
176
     1
 90
       50
176
     1
 90
        3
176
     1
 62
     5
420
      255
176
     1
290
     0
176
     1
 90
       50
176
     1
 90
       50
176
     1
 90
       50
176
     1
290
     0
176
     1
 90
       50
176
     1
 62
   256
176
     0
 40
1.0
176
     0
 90
        2
176
     1
  1
strokes_ogs.tif
176
     1
290
     0
176
     1
 40
1.0
176
     1
 40
1.0
176
     1
  0
VISUALSTYLE
  5
B7E
102
{ACAD_REACTORS
330
B76
102
}
330
B76
100
AcDbVisualStyle
  2
Basic
 70
     7
177
     3
291
     1
 70
    58
 90
        1
176
     1
 90
        0
176
     1
 90
        1
176
     1
 90
        0
176
     1
 40
0.6
176
     1
 40
30.0
176
     1
 62
     7
420
 16777215
176
     1
 90
        0
176
     1
 90
        4
176
     1
 62
     7
176
     1
 62
   257
176
     1
 90
        1
176
     1
 90
        1
176
     1
 40
1.0
176
     1
 90
        8
176
     1
 62
     7
176
     1
 40
1.0
176
     1
 90
        1
176
     1
 90
        6
176
     1
 90
        2
176
     1
 62
     7
176
     1
 90
        5
176
     1
 90
        0
176
     1
 90
        0
176
     1
290
     0
176
     1
 90
        1
176
     1
 40
0.0
176
     1
 90
        0
176
     1
290
     0
176
     1
290
     1
176
     1
290
     1
176
     1
290
     0
176
     1
290
     0
176
     1
290
     0
176
     1
290
     0
176
     1
290
     0
176
     1
290
     0
176
     1
 90
       50
176
     1
 40
0.0
176
     1
 40
1.0
176
     1
 90
        0
176
     1
 62
    18
176
     1
 90
       50
176
     1
 90
        3
176
     1
 62
     5
420
      255
176
     1
290
     0
176
     1
 90
       50
176
     1
 90
       50
176
     1
 90
       50
176
     1
290
     0
176
     1
 90
       50
176
     1
 62
   256
176
     0
 40
1.0
176
     0
 90
        2
176
     1
  1
strokes_ogs.tif
176
     1
290
     0
176
     1
 40
1.0
176
     1
 40
1.0
176
     1
  0
VISUALSTYLE
  5
B82
102
{ACAD_REACTORS
330
B76
102
}
330
B76
100
AcDbVisualStyle
  2
Brighten
 70
    12
177
     3
291
     1
 70
    58
 90
        2
176
     1
 90
        2
176
     1
 90
        0
176
     1
 90
        0
176
     1
 40
0.6
176
     1
 40
30.0
176
     1
 62
     7
420
 16777215
176
     1
 90
        1
176
     1
 90
        4
176
     1
 62
     7
176
     1
 62
   257
176
     1
 90
        1
176
     1
 90
        1
176
     1
 40
1.0
176
     1
 90
        8
176
     1
 62
     7
176
     1
 40
1.0
176
     1
 90
        1
176
     1
 90
        6
176
     1
 90
        2
176
     1
 62
     7
176
     1
 90
        5
176
     1
 90
        0
176
     1
 90
        0
176
     1
290
     0
176
     1
 90
        1
176
     1
 40
50.0
176
     1
 90
        0
176
     1
290
     0
176
     1
290
     1
176
     1
290
     1
176
     1
290
     0
176
     1
290
     0
176
     1
290
     0
176
     1
290
     0
176
     1
290
     0
176
     1
290
     0
176
     1
 90
       50
176
     1
 40
0.0
176
     1
 40
1.0
176
     1
 90
        0
176
     1
 62
    18
176
     1
 90
       50
176
     1
 90
        3
176
     1
 62
     5
420
      255
176
     1
290
     0
176
     1
 90
       50
176
     1
 90
       50
176
     1
 90
       50
176
     1
290
     0
176
     1
 90
       50
176
     1
 62
   256
176
     0
 40
1.0
176
     0
 90
        2
176
     1
  1
strokes_ogs.tif
176
     1
290
     0
176
     1
 40
1.0
176
     1
 40
1.0
176
     1
  0
VISUALSTYLE
  5
B86
102
{ACAD_REACTORS
330
B76
102
}
330
B76
100
AcDbVisualStyle
  2
ColorChange
 70
    16
177
     3
291
     1
 70
    58
 90
        2
176
     1
 90
        2
176
     1
 90
        3
176
     1
 90
        0
176
     1
 40
0.6
176
     1
 40
30.0
176
     1
 62
     8
420
  8421504
176
     1
 90
        1
176
     1
 90
        4
176
     1
 62
     7
176
     1
 62
   257
176
     1
 90
        1
176
     1
 90
        1
176
     1
 40
1.0
176
     1
 90
        8
176
     1
 62
     8
420
  8421504
176
     1
 40
1.0
176
     1
 90
        1
176
     1
 90
        6
176
     1
 90
        2
176
     1
 62
     7
176
     1
 90
        5
176
     1
 90
        0
176
     1
 90
        0
176
     1
290
     0
176
     1
 90
        1
176
     1
 40
0.0
176
     1
 90
        0
176
     1
290
     0
176
     1
290
     1
176
     1
290
     1
176
     1
290
     0
176
     1
290
     0
176
     1
290
     0
176
     1
290
     0
176
     1
290
     0
176
     1
290
     0
176
     1
 90
       50
176
     1
 40
0.0
176
     1
 40
1.0
176
     1
 90
        0
176
     1
 62
    18
176
     1
 90
       50
176
     1
 90
        3
176
     1
 62
     5
420
      255
176
     1
290
     0
176
     1
 90
       50
176
     1
 90
       50
176
     1
 90
       50
176
     1
290
     0
176
     1
 90
       50
176
     1
 62
   256
176
     0
 40
1.0
176
     0
 90
        2
176
     1
  1
strokes_ogs.tif
176
     1
290
     0
176
     1
 40
1.0
176
     1
 40
1.0
176
     1
  0
VISUALSTYLE
  5
B80
102
{ACAD_REACTORS
330
B76
102
}
330
B76
100
AcDbVisualStyle
  2
Conceptual
 70
     9
177
     3
291
     0
 70
    58
 90
        3
176
     1
 90
        2
176
     1
 90
        0
176
     1
 90
        0
176
     1
 40
0.6
176
     1
 40
30.0
176
     1
 62
     7
420
 16777215
176
     1
 90
        2
176
     1
 90
        2
176
     1
 62
     7
176
     1
 62
   257
176
     1
 90
        1
176
     1
 90
        1
176
     1
 40
179.0
176
     1
 90
        8
176
     1
 62
     7
176
     1
 40
1.0
176
     1
 90
        1
176
     1
 90
        6
176
     1
 90
        2
176
     1
 62
     7
176
     1
 90
        3
176
     1
 90
        0
176
     1
 90
        0
176
     1
290
     0
176
     1
 90
        1
176
     1
 40
0.0
176
     1
 90
        0
176
     1
290
     0
176
     1
290
     1
176
     1
290
     1
176
     1
290
     0
176
     1
290
     0
176
     1
290
     0
176
     1
290
     0
176
     1
290
     0
176
     1
290
     0
176
     1
 90
       50
176
     1
 40
0.0
176
     1
 40
1.0
176
     1
 90
        0
176
     1
 62
    18
176
     1
 90
       50
176
     1
 90
        3
176
     1
 62
     5
420
      255
176
     1
290
     0
176
     1
 90
       50
176
     1
 90
       50
176
     1
 90
       50
176
     1
290
     0
176
     1
 90
       50
176
     1
 62
   256
176
     0
 40
1.0
176
     0
 90
        2
176
     1
  1
strokes_ogs.tif
176
     1
290
     0
176
     1
 40
1.0
176
     1
 40
1.0
176
     1
  0
VISUALSTYLE
  5
B81
102
{ACAD_REACTORS
330
B76
102
}
330
B76
100
AcDbVisualStyle
  2
Dim
 70
    11
177
     3
291
     1
 70
    58
 90
        2
176
     1
 90
        2
176
     1
 90
        0
176
     1
 90
        0
176
     1
 40
0.6
176
     1
 40
30.0
176
     1
 62
     7
420
 16777215
176
     1
 90
        1
176
     1
 90
        4
176
     1
 62
     7
176
     1
 62
   257
176
     1
 90
        1
176
     1
 90
        1
176
     1
 40
1.0
176
     1
 90
        8
176
     1
 62
     7
176
     1
 40
1.0
176
     1
 90
        1
176
     1
 90
        6
176
     1
 90
        2
176
     1
 62
     7
176
     1
 90
        5
176
     1
 90
        0
176
     1
 90
        0
176
     1
290
     0
176
     1
 90
        1
176
     1
 40
-50.0
176
     1
 90
        0
176
     1
290
     0
176
     1
290
     1
176
     1
290
     1
176
     1
290
     0
176
     1
290
     0
176
     1
290
     0
176
     1
290
     0
176
     1
290
     0
176
     1
290
     0
176
     1
 90
       50
176
     1
 40
0.0
176
     1
 40
1.0
176
     1
 90
        0
176
     1
 62
    18
176
     1
 90
       50
176
     1
 90
        3
176
     1
 62
     5
420
      255
176
     1
290
     0
176
     1
 90
       50
176
     1
 90
       50
176
     1
 90
       50
176
     1
290
     0
176
     1
 90
       50
176
     1
 62
   256
176
     0
 40
1.0
176
     0
 90
        2
176
     1
  1
strokes_ogs.tif
176
     1
290
     0
176
     1
 40
1.0
176
     1
 40
1.0
176
     1
  0
VISUALSTYLE
  5
B89
102
{ACAD_REACTORS
330
B76
102
}
330
B76
100
AcDbVisualStyle
  2
EdgeColorOff
 70
    22
177
     3
291
     1
 70
    58
 90
        2
176
     0
 90
        2
176
     0
 90
        0
176
     0
 90
        0
176
     0
 40
0.6
176
     0
 40
30.0
176
     0
 62
     7
420
 16777215
176
     0
 90
        1
176
     0
 90
        4
176
     0
 62
     7
176
     0
 62
   257
176
     0
 90
        1
176
     0
 90
        1
176
     0
 40
1.0
176
     0
 90
        8
176
     2
 62
     7
176
     0
 40
1.0
176
     0
 90
        1
176
     0
 90
        6
176
     0
 90
        2
176
     0
 62
     7
176
     0
 90
        5
176
     0
 90
        0
176
     0
 90
        0
176
     0
290
     0
176
     0
 90
        1
176
     0
 40
0.0
176
     0
 90
        0
176
     0
290
     0
176
     0
290
     1
176
     0
290
     1
176
     0
290
     0
176
     0
290
     0
176
     0
290
     0
176
     0
290
     0
176
     0
290
     0
176
     0
290
     0
176
     0
 90
       50
176
     0
 40
0.0
176
     0
 40
1.0
176
     0
 90
        0
176
     0
 62
    18
176
     0
 90
       50
176
     0
 90
        3
176
     0
 62
     5
420
      255
176
     0
290
     0
176
     0
 90
       50
176
     0
 90
       50
176
     0
 90
       50
176
     0
290
     0
176
     0
 90
       50
176
     0
 62
   256
176
     0
 40
1.0
176
     0
 90
        2
176
     0
  1
strokes_ogs.tif
176
     0
290
     0
176
     0
 40
1.0
176
     0
 40
1.0
176
     0
  0
VISUALSTYLE
  5
B85
102
{ACAD_REACTORS
330
B76
102
}
330
B76
100
AcDbVisualStyle
  2
Facepattern
 70
    15
177
     3
291
     1
 70
    58
 90
        2
176
     1
 90
        2
176
     1
 90
        0
176
     1
 90
        0
176
     1
 40
0.6
176
     1
 40
30.0
176
     1
 62
     7
420
 16777215
176
     1
 90
        1
176
     1
 90
        4
176
     1
 62
     7
176
     1
 62
   257
176
     1
 90
        1
176
     1
 90
        1
176
     1
 40
1.0
176
     1
 90
        8
176
     1
 62
     7
176
     1
 40
1.0
176
     1
 90
        1
176
     1
 90
        6
176
     1
 90
        2
176
     1
 62
     7
176
     1
 90
        5
176
     1
 90
        0
176
     1
 90
        0
176
     1
290
     0
176
     1
 90
        1
176
     1
 40
0.0
176
     1
 90
        0
176
     1
290
     0
176
     1
290
     1
176
     1
290
     1
176
     1
290
     0
176
     1
290
     0
176
     1
290
     0
176
     1
290
     0
176
     1
290
     0
176
     1
290
     0
176
     1
 90
       50
176
     1
 40
0.0
176
     1
 40
1.0
176
     1
 90
        0
176
     1
 62
    18
176
     1
 90
       50
176
     1
 90
        3
176
     1
 62
     5
420
      255
176
     1
290
     0
176
     1
 90
       50
176
     1
 90
       50
176
     1
 90
       50
176
     1
290
     0
176
     1
 90
       50
176
     1
 62
   256
176
     0
 40
1.0
176
     0
 90
        2
176
     1
  1
strokes_ogs.tif
176
     1
290
     0
176
     1
 40
1.0
176
     1
 40
1.0
176
     1
  0
VISUALSTYLE
  5
B77
102
{ACAD_REACTORS
330
B76
102
}
330
B76
100
AcDbVisualStyle
  2
Flat
 70
     0
177
     3
291
     1
 70
    58
 90
        2
176
     1
 90
        1
176
     1
 90
        1
176
     1
 90
        2
176
     1
 40
0.6
176
     1
 40
30.0
176
     1
 62
     7
420
 16777215
176
     1
 90
        0
176
     1
 90
        0
176
     1
 62
     7
176
     1
 62
   257
176
     1
 90
        1
176
     1
 90
        1
176
     1
 40
1.0
176
     1
 90
        8
176
     1
 62
     7
176
     1
 40
1.0
176
     1
 90
        1
176
     1
 90
        6
176
     1
 90
        2
176
     1
 62
     7
176
     1
 90
        5
176
     1
 90
        0
176
     1
 90
        0
176
     1
290
     0
176
     1
 90
       13
176
     1
 40
0.0
176
     1
 90
        0
176
     1
290
     0
176
     1
290
     1
176
     1
290
     1
176
     1
290
     0
176
     1
290
     0
176
     1
290
     0
176
     1
290
     0
176
     1
290
     0
176
     1
290
     0
176
     1
 90
       50
176
     1
 40
0.0
176
     1
 40
1.0
176
     1
 90
        0
176
     1
 62
    18
176
     1
 90
       50
176
     1
 90
        3
176
     1
 62
     5
420
      255
176
     1
290
     0
176
     1
 90
       50
176
     1
 90
       50
176
     1
 90
       50
176
     1
290
     0
176
     1
 90
       50
176
     1
 62
   256
176
     0
 40
1.0
176
     0
 90
        2
176
     1
  1
strokes_ogs.tif
176
     1
290
     0
176
     1
 40
1.0
176
     1
 40
1.0
176
     1
  0
VISUALSTYLE
  5
B78
102
{ACAD_REACTORS
330
B76
102
}
330
B76
100
AcDbVisualStyle
  2
FlatWithEdges
 70
     1
177
     3
291
     1
 70
    58
 90
        2
176
     1
 90
        1
176
     1
 90
        1
176
     1
 90
        2
176
     1
 40
0.6
176
     1
 40
30.0
176
     1
 62
     7
420
 16777215
176
     1
 90
        1
176
     1
 90
        0
176
     1
 62
     7
176
     1
 62
   257
176
     1
 90
        1
176
     1
 90
        1
176
     1
 40
1.0
176
     1
 90
        0
176
     1
 62
   257
176
     1
 40
1.0
176
     1
 90
        1
176
     1
 90
        6
176
     1
 90
        2
176
     1
 62
     7
176
     1
 90
        5
176
     1
 90
        0
176
     1
 90
        0
176
     1
290
     0
176
     1
 90
       13
176
     1
 40
0.0
176
     1
 90
        0
176
     1
290
     0
176
     1
290
     1
176
     1
290
     1
176
     1
290
     0
176
     1
290
     0
176
     1
290
     0
176
     1
290
     0
176
     1
290
     0
176
     1
290
     0
176
     1
 90
       50
176
     1
 40
0.0
176
     1
 40
1.0
176
     1
 90
        0
176
     1
 62
    18
176
     1
 90
       50
176
     1
 90
        3
176
     1
 62
     5
420
      255
176
     1
290
     0
176
     1
 90
       50
176
     1
 90
       50
176
     1
 90
       50
176
     1
290
     0
176
     1
 90
       50
176
     1
 62
   256
176
     0
 40
1.0
176
     0
 90
        2
176
     1
  1
strokes_ogs.tif
176
     1
290
     0
176
     1
 40
1.0
176
     1
 40
1.0
176
     1
  0
VISUALSTYLE
  5
B79
102
{ACAD_REACTORS
330
B76
102
}
330
B76
100
AcDbVisualStyle
  2
Gouraud
 70
     2
177
     3
291
     1
 70
    58
 90
        2
176
     1
 90
        2
176
     1
 90
        1
176
     1
 90
        2
176
     1
 40
0.6
176
     1
 40
30.0
176
     1
 62
     7
420
 16777215
176
     1
 90
        0
176
     1
 90
        0
176
     1
 62
     7
176
     1
 62
   257
176
     1
 90
        1
176
     1
 90
        1
176
     1
 40
1.0
176
     1
 90
        0
176
     1
 62
     7
176
     1
 40
1.0
176
     1
 90
        1
176
     1
 90
        6
176
     1
 90
        2
176
     1
 62
     7
176
     1
 90
        5
176
     1
 90
        0
176
     1
 90
        0
176
     1
290
     0
176
     1
 90
       13
176
     1
 40
0.0
176
     1
 90
        0
176
     1
290
     0
176
     1
290
     1
176
     1
290
     1
176
     1
290
     0
176
     1
290
     0
176
     1
290
     0
176
     1
290
     0
176
     1
290
     0
176
     1
290
     0
176
     1
 90
       50
176
     1
 40
0.0
176
     1
 40
1.0
176
     1
 90
        0
176
     1
 62
    18
176
     1
 90
       50
176
     1
 90
        3
176
     1
 62
     5
420
      255
176
     1
290
     0
176
     1
 90
       50
176
     1
 90
       50
176
     1
 90
       50
176
     1
290
     0
176
     1
 90
       50
176
     1
 62
   256
176
     0
 40
1.0
176
     0
 90
        2
176
     1
  1
strokes_ogs.tif
176
     1
290
     0
176
     1
 40
1.0
176
     1
 40
1.0
176
     1
  0
VISUALSTYLE
  5
B7A
102
{ACAD_REACTORS
330
B76
102
}
330
B76
100
AcDbVisualStyle
  2
GouraudWithEdges
 70
     3
177
     3
291
     1
 70
    58
 90
        2
176
     1
 90
        2
176
     1
 90
        1
176
     1
 90
        2
176
     1
 40
0.6
176
     1
 40
30.0
176
     1
 62
     7
420
 16777215
176
     1
 90
        1
176
     1
 90
        0
176
     1
 62
     7
176
     1
 62
   257
176
     1
 90
        1
176
     1
 90
        1
176
     1
 40
1.0
176
     1
 90
        0
176
     1
 62
   257
176
     1
 40
1.0
176
     1
 90
        1
176
     1
 90
        6
176
     1
 90
        2
176
     1
 62
     7
176
     1
 90
        5
176
     1
 90
        0
176
     1
 90
        0
176
     1
290
     0
176
     1
 90
       13
176
     1
 40
0.0
176
     1
 90
        0
176
     1
290
     0
176
     1
290
     1
176
     1
290
     1
176
     1
290
     0
176
     1
290
     0
176
     1
290
     0
176
     1
290
     0
176
     1
290
     0
176
     1
290
     0
176
     1
 90
       50
176
     1
 40
0.0
176
     1
 40
1.0
176
     1
 90
        0
176
     1
 62
    18
176
     1
 90
       50
176
     1
 90
        3
176
     1
 62
     5
420
      255
176
     1
290
     0
176
     1
 90
       50
176
     1
 90
       50
176
     1
 90
       50
176
     1
290
     0
176
     1
 90
       50
176
     1
 62
   256
176
     0
 40
1.0
176
     0
 90
        2
176
     1
  1
strokes_ogs.tif
176
     1
290
     0
176
     1
 40
1.0
176
     1
 40
1.0
176
     1
  0
VISUALSTYLE
  5
B7D
102
{ACAD_REACTORS
330
B76
102
}
330
B76
100
AcDbVisualStyle
  2
Hidden
 70
     6
177
     3
291
     0
 70
    58
 90
        1
176
     1
 90
        2
176
     1
 90
        2
176
     1
 90
        0
176
     1
 40
0.6
176
     1
 40
30.0
176
     1
 62
     7
420
 16777215
176
     1
 90
        2
176
     1
 90
        2
176
     1
 62
     7
176
     1
 62
   257
176
     1
 90
        2
176
     1
 90
        1
176
     1
 40
40.0
176
     1
 90
        0
176
     1
 62
   257
176
     1
 40
1.0
176
     1
 90
        1
176
     1
 90
        6
176
     1
 90
        2
176
     1
 62
     7
176
     1
 90
        3
176
     1
 90
        0
176
     1
 90
        0
176
     1
290
     0
176
     1
 90
        1
176
     1
 40
0.0
176
     1
 90
        0
176
     1
290
     0
176
     1
290
     1
176
     1
290
     1
176
     1
290
     0
176
     1
290
     0
176
     1
290
     0
176
     1
290
     0
176
     1
290
     0
176
     1
290
     0
176
     1
 90
       50
176
     1
 40
0.0
176
     1
 40
1.0
176
     1
 90
        0
176
     1
 62
    18
176
     1
 90
       50
176
     1
 90
        3
176
     1
 62
     5
420
      255
176
     1
290
     0
176
     1
 90
       50
176
     1
 90
       50
176
     1
 90
       50
176
     1
290
     0
176
     1
 90
       50
176
     1
 62
   256
176
     0
 40
1.0
176
     0
 90
        2
176
     1
  1
strokes_ogs.tif
176
     1
290
     0
176
     1
 40
1.0
176
     1
 40
1.0
176
     1
  0
VISUALSTYLE
  5
B87
102
{ACAD_REACTORS
330
B76
102
}
330
B76
100
AcDbVisualStyle
  2
JitterOff
 70
    20
177
     3
291
     1
 70
    58
 90
        2
176
     0
 90
        2
176
     0
 90
        0
176
     0
 90
        0
176
     0
 40
0.6
176
     0
 40
30.0
176
     0
 62
     7
420
 16777215
176
     0
 90
        1
176
     0
 90
        4
176
     0
 62
     7
176
     0
 62
   257
176
     0
 90
        1
176
     0
 90
        1
176
     0
 40
1.0
176
     0
 90
       10
176
     2
 62
     7
176
     0
 40
1.0
176
     0
 90
        1
176
     0
 90
        6
176
     0
 90
        2
176
     0
 62
     7
176
     0
 90
        5
176
     0
 90
        0
176
     0
 90
        0
176
     0
290
     0
176
     0
 90
        1
176
     0
 40
0.0
176
     0
 90
        0
176
     0
290
     0
176
     0
290
     1
176
     0
290
     1
176
     0
290
     0
176
     0
290
     0
176
     0
290
     0
176
     0
290
     0
176
     0
290
     0
176
     0
290
     0
176
     0
 90
       50
176
     0
 40
0.0
176
     0
 40
1.0
176
     0
 90
        0
176
     0
 62
    18
176
     0
 90
       50
176
     0
 90
        3
176
     0
 62
     5
420
      255
176
     0
290
     0
176
     0
 90
       50
176
     0
 90
       50
176
     0
 90
       50
176
     0
290
     0
176
     0
 90
       50
176
     0
 62
   256
176
     0
 40
1.0
176
     0
 90
        2
176
     0
  1
strokes_ogs.tif
176
     0
290
     0
176
     0
 40
1.0
176
     0
 40
1.0
176
     0
  0
VISUALSTYLE
  5
B84
102
{ACAD_REACTORS
330
B76
102
}
330
B76
100
AcDbVisualStyle
  2
Linepattern
 70
    14
177
     3
291
     1
 70
    58
 90
        2
176
     1
 90
        2
176
     1
 90
        0
176
     1
 90
        0
176
     1
 40
0.6
176
     1
 40
30.0
176
     1
 62
     7
420
 16777215
176
     1
 90
        1
176
     1
 90
        4
176
     1
 62
     7
176
     1
 62
   257
176
     1
 90
        7
176
     1
 90
        7
176
     1
 40
1.0
176
     1
 90
        8
176
     1
 62
     7
176
     1
 40
1.0
176
     1
 90
        1
176
     1
 90
        6
176
     1
 90
        2
176
     1
 62
     7
176
     1
 90
        5
176
     1
 90
        0
176
     1
 90
        0
176
     1
290
     0
176
     1
 90
        1
176
     1
 40
0.0
176
     1
 90
        0
176
     1
290
     0
176
     1
290
     1
176
     1
290
     1
176
     1
290
     0
176
     1
290
     0
176
     1
290
     0
176
     1
290
     0
176
     1
290
     0
176
     1
290
     0
176
     1
 90
       50
176
     1
 40
0.0
176
     1
 40
1.0
176
     1
 90
        0
176
     1
 62
    18
176
     1
 90
       50
176
     1
 90
        3
176
     1
 62
     5
420
      255
176
     1
290
     0
176
     1
 90
       50
176
     1
 90
       50
176
     1
 90
       50
176
     1
290
     0
176
     1
 90
       50
176
     1
 62
   256
176
     0
 40
1.0
176
     0
 90
        2
176
     1
  1
strokes_ogs.tif
176
     1
290
     0
176
     1
 40
1.0
176
     1
 40
1.0
176
     1
  0
VISUALSTYLE
  5
B88
102
{ACAD_REACTORS
330
B76
102
}
330
B76
100
AcDbVisualStyle
  2
OverhangOff
 70
    21
177
     3
291
     1
 70
    58
 90
        2
176
     0
 90
        2
176
     0
 90
        0
176
     0
 90
        0
176
     0
 40
0.6
176
     0
 40
30.0
176
     0
 62
     7
420
 16777215
176
     0
 90
        1
176
     0
 90
        4
176
     0
 62
     7
176
     0
 62
   257
176
     0
 90
        1
176
     0
 90
        1
176
     0
 40
1.0
176
     0
 90
        9
176
     2
 62
     7
176
     0
 40
1.0
176
     0
 90
        1
176
     0
 90
        6
176
     0
 90
        2
176
     0
 62
     7
176
     0
 90
        5
176
     0
 90
        0
176
     0
 90
        0
176
     0
290
     0
176
     0
 90
        1
176
     0
 40
0.0
176
     0
 90
        0
176
     0
290
     0
176
     0
290
     1
176
     0
290
     1
176
     0
290
     0
176
     0
290
     0
176
     0
290
     0
176
     0
290
     0
176
     0
290
     0
176
     0
290
     0
176
     0
 90
       50
176
     0
 40
0.0
176
     0
 40
1.0
176
     0
 90
        0
176
     0
 62
    18
176
     0
 90
       50
176
     0
 90
        3
176
     0
 62
     5
420
      255
176
     0
290
     0
176
     0
 90
       50
176
     0
 90
       50
176
     0
 90
       50
176
     0
290
     0
176
     0
 90
       50
176
     0
 62
   256
176
     0
 40
1.0
176
     0
 90
        2
176
     0
  1
strokes_ogs.tif
176
     0
290
     0
176
     0
 40
1.0
176
     0
 40
1.0
176
     0
  0
VISUALSTYLE
  5
B7F
102
{ACAD_REACTORS
330
B76
102
}
330
B76
100
AcDbVisualStyle
  2
Realistic
 70
     8
177
     3
291
     0
 70
    58
 90
        2
176
     1
 90
        3
176
     1
 90
        0
176
     1
 90
        2
176
     1
 40
0.6
176
     1
 40
30.0
176
     1
 62
     7
420
 16777215
176
     1
 90
        0
176
     1
 90
        0
176
     1
 62
     7
176
     1
 62
   257
176
     1
 90
        1
176
     1
 90
        1
176
     1
 40
1.0
176
     1
 90
        8
176
     1
 62
   257
176
     1
 40
1.0
176
     1
 90
        1
176
     1
 90
        6
176
     1
 90
        2
176
     1
 62
     7
176
     1
 90
        3
176
     1
 90
        0
176
     1
 90
        0
176
     1
290
     0
176
     1
 90
       13
176
     1
 40
0.0
176
     1
 90
        0
176
     1
290
     0
176
     1
290
     1
176
     1
290
     1
176
     1
290
     0
176
     1
290
     0
176
     1
290
     0
176
     1
290
     0
176
     1
290
     0
176
     1
290
     0
176
     1
 90
       50
176
     1
 40
0.0
176
     1
 40
1.0
176
     1
 90
        0
176
     1
 62
    18
176
     1
 90
       50
176
     1
 90
        3
176
     1
 62
     5
420
      255
176
     1
290
     0
176
     1
 90
       50
176
     1
 90
       50
176
     1
 90
       50
176
     1
290
     0
176
     1
 90
       50
176
     1
 62
   256
176
     0
 40
1.0
176
     0
 90
        2
176
     1
  1
strokes_ogs.tif
176
     1
290
     0
176
     1
 40
1.0
176
     1
 40
1.0
176
     1
  0
VISUALSTYLE
  5
B8E
102
{ACAD_REACTORS
330
B76
102
}
330
B76
100
AcDbVisualStyle
  2
Shaded
 70
    27
177
     3
291
     0
 70
    58
 90
        2
176
     1
 90
        2
176
     1
 90
        1
176
     1
 90
        2
176
     1
 40
0.6
176
     1
 40
30.0
176
     1
 62
     7
420
 16777215
176
     1
 90
        0
176
     1
 90
        4
176
     1
 62
     7
176
     1
 62
   257
176
     1
 90
        1
176
     1
 90
        1
176
     1
 40
1.0
176
     1
 90
        8
176
     1
 62
   257
176
     1
 40
1.0
176
     1
 90
        1
176
     1
 90
        6
176
     1
 90
        2
176
     1
 62
     8
420
  7895160
176
     1
 90
        3
176
     1
 90
        0
176
     1
 90
        0
176
     1
290
     0
176
     1
 90
        5
176
     1
 40
0.0
176
     1
 90
        0
176
     1
290
     0
176
     1
290
     1
176
     1
290
     1
176
     1
290
     0
176
     1
290
     0
176
     1
290
     0
176
     1
290
     0
176
     1
290
     0
176
     1
290
     0
176
     1
 90
       50
176
     1
 40
0.0
176
     1
 40
1.0
176
     1
 90
        0
176
     1
 62
    18
176
     1
 90
       50
176
     1
 90
        3
176
     1
 62
     5
420
      255
176
     1
290
     0
176
     1
 90
       50
176
     1
 90
       50
176
     1
 90
       50
176
     1
290
     0
176
     1
 90
       50
176
     1
 62
   256
176
     0
 40
1.0
176
     0
 90
        2
176
     1
  1
strokes_ogs.tif
176
     1
290
     0
176
     1
 40
1.0
176
     1
 40
1.0
176
     1
  0
VISUALSTYLE
  5
B8D
102
{ACAD_REACTORS
330
B76
102
}
330
B76
100
AcDbVisualStyle
  2
Shaded with edges
 70
    26
177
     3
291
     0
 70
    58
 90
        2
176
     1
 90
        2
176
     1
 90
        1
176
     1
 90
        2
176
     1
 40
0.6
176
     1
 40
30.0
176
     1
 62
     7
420
 16777215
176
     1
 90
        1
176
     1
 90
        2
176
     1
 62
     7
176
     1
 62
   257
176
     1
 90
        2
176
     1
 90
        1
176
     1
 40
1.0
176
     1
 90
        8
176
     1
 62
   257
176
     1
 40
1.0
176
     1
 90
        1
176
     1
 90
        6
176
     1
 90
        2
176
     1
 62
     7
176
     1
 90
        3
176
     1
 90
        0
176
     1
 90
        0
176
     1
290
     0
176
     1
 90
        5
176
     1
 40
0.0
176
     1
 90
        0
176
     1
290
     0
176
     1
290
     1
176
     1
290
     1
176
     1
290
     0
176
     1
290
     0
176
     1
290
     0
176
     1
290
     0
176
     1
290
     0
176
     1
290
     0
176
     1
 90
       50
176
     1
 40
0.0
176
     1
 40
1.0
176
     1
 90
        0
176
     1
 62
    18
176
     1
 90
       50
176
     1
 90
        3
176
     1
 62
     5
420
      255
176
     1
290
     0
176
     1
 90
       50
176
     1
 90
       50
176
     1
 90
       50
176
     1
290
     0
176
     1
 90
       50
176
     1
 62
   256
176
     0
 40
1.0
176
     0
 90
        2
176
     1
  1
strokes_ogs.tif
176
     1
290
     0
176
     1
 40
1.0
176
     1
 40
1.0
176
     1
  0
VISUALSTYLE
  5
B8A
102
{ACAD_REACTORS
330
B76
102
}
330
B76
100
AcDbVisualStyle
  2
Shades of Gray
 70
    23
177
     3
291
     0
 70
    58
 90
        2
176
     1
 90
        2
176
     1
 90
        3
176
     1
 90
        0
176
     1
 40
0.6
176
     1
 40
30.0
176
     1
 62
     7
420
 16777215
176
     1
 90
        2
176
     1
 90
        2
176
     1
 62
     7
176
     1
 62
     7
176
     1
 90
        1
176
     1
 90
        1
176
     1
 40
40.0
176
     1
 90
        8
176
     1
 62
     7
176
     1
 40
1.0
176
     1
 90
        1
176
     1
 90
        6
176
     1
 90
        2
176
     1
 62
     7
176
     1
 90
        3
176
     1
 90
        0
176
     1
 90
        0
176
     1
290
     0
176
     1
 90
        1
176
     1
 40
0.0
176
     1
 90
        0
176
     1
290
     0
176
     1
290
     1
176
     1
290
     1
176
     1
290
     0
176
     1
290
     0
176
     1
290
     0
176
     1
290
     0
176
     1
290
     0
176
     1
290
     0
176
     1
 90
       50
176
     1
 40
0.0
176
     1
 40
1.0
176
     1
 90
        0
176
     1
 62
    18
176
     1
 90
       50
176
     1
 90
        3
176
     1
 62
     5
420
      255
176
     1
290
     0
176
     1
 90
       50
176
     1
 90
       50
176
     1
 90
       50
176
     1
290
     0
176
     1
 90
       50
176
     1
 62
   256
176
     0
 40
1.0
176
     0
 90
        2
176
     1
  1
strokes_ogs.tif
176
     1
290
     0
176
     1
 40
1.0
176
     1
 40
1.0
176
     1
  0
VISUALSTYLE
  5
B8B
102
{ACAD_REACTORS
330
B76
102
}
330
B76
100
AcDbVisualStyle
  2
Sketchy
 70
    24
177
     3
291
     0
 70
    58
 90
        1
176
     1
 90
        2
176
     1
 90
        2
176
     1
 90
        0
176
     1
 40
0.6
176
     1
 40
30.0
176
     1
 62
     7
420
 16777215
176
     1
 90
        2
176
     1
 90
        2
176
     1
 62
     7
176
     1
 62
     7
176
     1
 90
        1
176
     1
 90
        1
176
     1
 40
40.0
176
     1
 90
       11
176
     1
 62
     7
176
     1
 40
1.0
176
     1
 90
        1
176
     1
 90
        6
176
     1
 90
        2
176
     1
 62
     7
176
     1
 90
        6
176
     1
 90
        0
176
     1
 90
        0
176
     1
290
     0
176
     1
 90
        1
176
     1
 40
0.0
176
     1
 90
        0
176
     1
290
     0
176
     1
290
     1
176
     1
290
     1
176
     1
290
     0
176
     1
290
     0
176
     1
290
     0
176
     1
290
     0
176
     1
290
     0
176
     1
290
     0
176
     1
 90
       50
176
     1
 40
0.0
176
     1
 40
1.0
176
     1
 90
        0
176
     1
 62
    18
176
     1
 90
       50
176
     1
 90
        3
176
     1
 62
     5
420
      255
176
     1
290
     0
176
     1
 90
       50
176
     1
 90
       50
176
     1
 90
       50
176
     1
290
     0
176
     1
 90
       50
176
     1
 62
   256
176
     0
 40
1.0
176
     0
 90
        2
176
     1
  1
strokes_ogs.tif
176
     1
290
     0
176
     1
 40
1.0
176
     1
 40
1.0
176
     1
  0
VISUALSTYLE
  5
B83
102
{ACAD_REACTORS
330
B76
102
}
330
B76
100
AcDbVisualStyle
  2
Thicken
 70
    13
177
     3
291
     1
 70
    58
 90
        2
176
     1
 90
        2
176
     1
 90
        0
176
     1
 90
        0
176
     1
 40
0.6
176
     1
 40
30.0
176
     1
 62
     7
420
 16777215
176
     1
 90
        1
176
     1
 90
        4
176
     1
 62
     7
176
     1
 62
   257
176
     1
 90
        1
176
     1
 90
        1
176
     1
 40
1.0
176
     1
 90
       12
176
     1
 62
     7
176
     1
 40
1.0
176
     1
 90
        1
176
     1
 90
        6
176
     1
 90
        2
176
     1
 62
     7
176
     1
 90
        5
176
     1
 90
        0
176
     1
 90
        0
176
     1
290
     0
176
     1
 90
        1
176
     1
 40
0.0
176
     1
 90
        0
176
     1
290
     0
176
     1
290
     1
176
     1
290
     1
176
     1
290
     0
176
     1
290
     0
176
     1
290
     0
176
     1
290
     0
176
     1
290
     0
176
     1
290
     0
176
     1
 90
       50
176
     1
 40
0.0
176
     1
 40
1.0
176
     1
 90
        0
176
     1
 62
    18
176
     1
 90
       50
176
     1
 90
        3
176
     1
 62
     5
420
      255
176
     1
290
     0
176
     1
 90
       50
176
     1
 90
       50
176
     1
 90
       50
176
     1
290
     0
176
     1
 90
       50
176
     1
 62
   256
176
     0
 40
1.0
176
     0
 90
        2
176
     1
  1
strokes_ogs.tif
176
     1
290
     0
176
     1
 40
1.0
176
     1
 40
1.0
176
     1
  0
VISUALSTYLE
  5
B7C
102
{ACAD_REACTORS
330
B76
102
}
330
B76
100
AcDbVisualStyle
  2
Wireframe
 70
     5
177
     3
291
     0
 70
    58
 90
        0
176
     1
 90
        2
176
     1
 90
        0
176
     1
 90
        0
176
     1
 40
0.6
176
     1
 40
30.0
176
     1
 62
     7
420
 16777215
176
     1
 90
        1
176
     1
 90
        4
176
     1
 62
     7
176
     1
 62
   257
176
     1
 90
        1
176
     1
 90
        1
176
     1
 40
1.0
176
     1
 90
        0
176
     1
 62
   257
176
     1
 40
1.0
176
     1
 90
        1
176
     1
 90
        6
176
     1
 90
        2
176
     1
 62
     7
176
     1
 90
        3
176
     1
 90
        0
176
     1
 90
        0
176
     1
290
     0
176
     1
 90
        1
176
     1
 40
0.0
176
     1
 90
        0
176
     1
290
     0
176
     1
290
     1
176
     1
290
     1
176
     1
290
     0
176
     1
290
     0
176
     1
290
     0
176
     1
290
     0
176
     1
290
     0
176
     1
290
     0
176
     1
 90
       50
176
     1
 40
0.0
176
     1
 40
1.0
176
     1
 90
        0
176
     1
 62
    18
176
     1
 90
       50
176
     1
 90
        3
176
     1
 62
     5
420
      255
176
     1
290
     0
176
     1
 90
       50
176
     1
 90
       50
176
     1
 90
       50
176
     1
290
     0
176
     1
 90
       50
176
     1
 62
   256
176
     0
 40
1.0
176
     0
 90
        2
176
     1
  1
strokes_ogs.tif
176
     1
290
     0
176
     1
 40
1.0
176
     1
 40
1.0
176
     1
  0
VISUALSTYLE
  5
B8C
102
{ACAD_REACTORS
330
B76
102
}
330
B76
100
AcDbVisualStyle
  2
X-Ray
 70
    25
177
     3
291
     0
 70
    58
 90
        2
176
     1
 90
        2
176
     1
 90
        1
176
     1
 90
        1
176
     1
 40
0.5
176
     1
 40
30.0
176
     1
 62
     7
420
 16777215
176
     1
 90
        1
176
     1
 90
        0
176
     1
 62
     7
176
     1
 62
   257
176
     1
 90
        1
176
     1
 90
        1
176
     1
 40
1.0
176
     1
 90
        8
176
     1
 62
     7
176
     1
 40
1.0
176
     1
 90
        1
176
     1
 90
        6
176
     1
 90
        2
176
     1
 62
     7
176
     1
 90
        3
176
     1
 90
        0
176
     1
 90
        0
176
     1
290
     0
176
     1
 90
       13
176
     1
 40
0.0
176
     1
 90
        0
176
     1
290
     0
176
     1
290
     1
176
     1
290
     1
176
     1
290
     0
176
     1
290
     0
176
     1
290
     0
176
     1
290
     0
176
     1
290
     0
176
     1
290
     0
176
     1
 90
       50
176
     1
 40
0.0
176
     1
 40
1.0
176
     1
 90
        0
176
     1
 62
    18
176
     1
 90
       50
176
     1
 90
        3
176
     1
 62
     5
420
      255
176
     1
290
     0
176
     1
 90
       50
176
     1
 90
       50
176
     1
 90
       50
176
     1
290
     0
176
     1
 90
       50
176
     1
 62
   256
176
     0
 40
1.0
176
     0
 90
        2
176
     1
  1
strokes_ogs.tif
176
     1
290
     0
176
     1
 40
1.0
176
     1
 40
1.0
176
     1
  0
DICTIONARYVAR
  5
63F5
102
{ACAD_REACTORS
330
E03
102
}
330
E03
100
DictionaryVariables
280
     0
  1
1:1
  0
DICTIONARYVAR
  5
63F7
102
{ACAD_REACTORS
330
E03
102
}
330
E03
100
DictionaryVariables
280
     0
  1
STANDARD
  0
DICTIONARYVAR
  5
63F6
102
{ACAD_REACTORS
330
E03
102
}
330
E03
100
DictionaryVariables
280
     0
  1
STANDARD
  0
DICTIONARYVAR
  5
6400
102
{ACAD_REACTORS
330
E03
102
}
330
E03
100
DictionaryVariables
280
     0
  1
Metric50
  0
DICTIONARYVAR
  5
6401
102
{ACAD_REACTORS
330
E03
102
}
330
E03
100
DictionaryVariables
280
     0
  1
Metric50
  0
DICTIONARYVAR
  5
63F8
102
{ACAD_REACTORS
330
E03
102
}
330
E03
100
DictionaryVariables
280
     0
  1
0
  0
ACAD_PROXY_OBJECT
  5
B98
102
{ACAD_REACTORS
330
B97
102
}
330
B97
100
AcDbProxyObject
 90
      499
 91
      509
 71
    33
 97
       55
 70
     0
162
                 0
161
                12
310
406C
 94
        0
  0
DICTIONARY
  5
6403
330
B94
100
AcDbDictionary
280
     1
281
     1
  3
ACAD_ROUNDTRIP_2008_TABLESTYLE_CELLSTYLEMAP
360
640A
  0
CELLSTYLEMAP
  5
640A
102
{ACAD_REACTORS
330
6403
102
}
330
6403
100
AcDbCellStyleMap
 90
        3
300
CELLSTYLE
  1
TABLEFORMAT_BEGIN
 90
        5
170
     1
 91
        0
 92
    32768
 62
   257
 93
        1
300
CONTENTFORMAT
  1
CONTENTFORMAT_BEGIN
 90
        0
 91
        0
 92
        4
 93
        0
300

 40
0.0
140
1.0
 94
        5
 62
     0
340
11
144
6.0
309
CONTENTFORMAT_END
171
     1
301
MARGIN
  1
CELLMARGIN_BEGIN
 40
1.5
 40
1.5
 40
1.5
 40
1.5
 40
0.18
 40
0.18
309
CELLMARGIN_END
 94
        6
 95
        1
302
GRIDFORMAT
  1
GRIDFORMAT_BEGIN
 90
        0
 91
        1
 62
     0
 92
       -2
340
14
 93
        0
 40
0.045
309
GRIDFORMAT_END
 95
        2
302
GRIDFORMAT
  1
GRIDFORMAT_BEGIN
 90
        0
 91
        1
 62
     0
 92
       -2
340
14
 93
        0
 40
0.045
309
GRIDFORMAT_END
 95
        4
302
GRIDFORMAT
  1
GRIDFORMAT_BEGIN
 90
        0
 91
        1
 62
     0
 92
       -2
340
14
 93
        0
 40
0.045
309
GRIDFORMAT_END
 95
        8
302
GRIDFORMAT
  1
GRIDFORMAT_BEGIN
 90
        0
 91
        1
 62
     0
 92
       -2
340
14
 93
        0
 40
0.045
309
GRIDFORMAT_END
 95
       16
302
GRIDFORMAT
  1
GRIDFORMAT_BEGIN
 90
        0
 91
        1
 62
     0
 92
       -2
340
14
 93
        0
 40
0.045
309
GRIDFORMAT_END
 95
       32
302
GRIDFORMAT
  1
GRIDFORMAT_BEGIN
 90
        0
 91
        1
 62
     0
 92
       -2
340
14
 93
        0
 40
0.045
309
GRIDFORMAT_END
309
TABLEFORMAT_END
  1
CELLSTYLE_BEGIN
 90
        1
 91
        1
300
_TITLE
309
CELLSTYLE_END
300
CELLSTYLE
  1
TABLEFORMAT_BEGIN
 90
        5
170
     1
 91
        0
 92
        0
 62
   257
 93
        1
300
CONTENTFORMAT
  1
CONTENTFORMAT_BEGIN
 90
        0
 91
        0
 92
        4
 93
        0
300

 40
0.0
140
1.0
 94
        5
 62
     0
340
11
144
4.5
309
CONTENTFORMAT_END
171
     1
301
MARGIN
  1
CELLMARGIN_BEGIN
 40
1.5
 40
1.5
 40
1.5
 40
1.5
 40
0.18
 40
0.18
309
CELLMARGIN_END
 94
        6
 95
        1
302
GRIDFORMAT
  1
GRIDFORMAT_BEGIN
 90
        0
 91
        1
 62
     0
 92
       -2
340
14
 93
        0
 40
0.045
309
GRIDFORMAT_END
 95
        2
302
GRIDFORMAT
  1
GRIDFORMAT_BEGIN
 90
        0
 91
        1
 62
     0
 92
       -2
340
14
 93
        0
 40
0.045
309
GRIDFORMAT_END
 95
        4
302
GRIDFORMAT
  1
GRIDFORMAT_BEGIN
 90
        0
 91
        1
 62
     0
 92
       -2
340
14
 93
        0
 40
0.045
309
GRIDFORMAT_END
 95
        8
302
GRIDFORMAT
  1
GRIDFORMAT_BEGIN
 90
        0
 91
        1
 62
     0
 92
       -2
340
14
 93
        0
 40
0.045
309
GRIDFORMAT_END
 95
       16
302
GRIDFORMAT
  1
GRIDFORMAT_BEGIN
 90
        0
 91
        1
 62
     0
 92
       -2
340
14
 93
        0
 40
0.045
309
GRIDFORMAT_END
 95
       32
302
GRIDFORMAT
  1
GRIDFORMAT_BEGIN
 90
        0
 91
        1
 62
     0
 92
       -2
340
14
 93
        0
 40
0.045
309
GRIDFORMAT_END
309
TABLEFORMAT_END
  1
CELLSTYLE_BEGIN
 90
        2
 91
        1
300
_HEADER
309
CELLSTYLE_END
300
CELLSTYLE
  1
TABLEFORMAT_BEGIN
 90
        5
170
     1
 91
        0
 92
        0
 62
   257
 93
        1
300
CONTENTFORMAT
  1
CONTENTFORMAT_BEGIN
 90
        0
 91
        0
 92
        4
 93
        0
300

 40
0.0
140
1.0
 94
        2
 62
     0
340
11
144
4.5
309
CONTENTFORMAT_END
171
     1
301
MARGIN
  1
CELLMARGIN_BEGIN
 40
1.5
 40
1.5
 40
1.5
 40
1.5
 40
0.18
 40
0.18
309
CELLMARGIN_END
 94
        6
 95
        1
302
GRIDFORMAT
  1
GRIDFORMAT_BEGIN
 90
        0
 91
        1
 62
     0
 92
       -2
340
14
 93
        0
 40
0.045
309
GRIDFORMAT_END
 95
        2
302
GRIDFORMAT
  1
GRIDFORMAT_BEGIN
 90
        0
 91
        1
 62
     0
 92
       -2
340
14
 93
        0
 40
0.045
309
GRIDFORMAT_END
 95
        4
302
GRIDFORMAT
  1
GRIDFORMAT_BEGIN
 90
        0
 91
        1
 62
     0
 92
       -2
340
14
 93
        0
 40
0.045
309
GRIDFORMAT_END
 95
        8
302
GRIDFORMAT
  1
GRIDFORMAT_BEGIN
 90
        0
 91
        1
 62
     0
 92
       -2
340
14
 93
        0
 40
0.045
309
GRIDFORMAT_END
 95
       16
302
GRIDFORMAT
  1
GRIDFORMAT_BEGIN
 90
        0
 91
        1
 62
     0
 92
       -2
340
14
 93
        0
 40
0.045
309
GRIDFORMAT_END
 95
       32
302
GRIDFORMAT
  1
GRIDFORMAT_BEGIN
 90
        0
 91
        1
 62
     0
 92
       -2
340
14
 93
        0
 40
0.045
309
GRIDFORMAT_END
309
TABLEFORMAT_END
  1
CELLSTYLE_BEGIN
 90
        3
 91
        2
300
_DATA
309
CELLSTYLE_END
  0
ENDSEC
  0
EOF
